work_id,work_category,state,constituency,mp_name,ida,work_description,recommended_date,recommended_amount,sanctioned_date,sanctioned_amount,work_status,lifecycle_stage,completion_date,amount_disbursed,image_available,sanction_delay_days,implementation_duration_days,days_since_sanction_as_of_2026_08_27,total_project_duration_days_as_of_2026_08_27,amount_difference_sanctioned_minus_recommended,sanction_ratio,disbursement_ratio,completion_record_match,status_vs_completion_record_conflict,state_consistent_rec_san,ida_consistent_rec_san,category_consistent_rec_san,description_consistent_rec_san,mp_consistent_rec_san,state_consistent_with_completed,ida_consistent_with_completed,category_consistent_with_completed,description_consistent_with_completed,mp_consistent_with_completed,date_consistency_issue,financial_consistency_issue,potential_amount_anomaly,consistency_issue_count,data_completeness_score
WS/MP18019/2024-2025/137520-Constructionofcommunitycentersandcommunityhalls,Normal/Others,Assam,Diphu (ST),AMARSING TISSO,KARBI ANGLONG(DEPUTY COMMISSIONER KARBI ANGLONG_IDA),"Construction of Auditorium Hall cum Guest House at Phonglangso Lumding Road, near Arboretum (total @ Rs. 1.26 cr) 1st Installment Rs. 30.00 L",2024-08-29,3000000,2024-12-21,3000000,Physical Inspection,Completed,2024-12-23,3000000.0,,114,2.0,,116.0,0,1.0,1.0,True,True,True,True,True,True,True,True,True,True,True,True,False,False,False,1,92.9
"WS/MP18019/2024-2025/137586-Constructionofroads,linkroads,pathwaysoranyotherroadwithorwithoutdrainagesystem",Normal/Others,Assam,Diphu (ST),AMARSING TISSO,KARBI ANGLONG(DEPUTY COMMISSIONER KARBI ANGLONG_IDA),Construction of road from PWD road to Graveyard at Rongbangpothar,2024-08-29,2000000,2025-01-04,2000000,Physical Inspection,Completed,2025-01-04,1999971.0,,128,0.0,,128.0,0,1.0,0.9999855,True,True,True,True,True,True,True,True,True,True,True,True,False,False,False,1,92.9
WS/MP18019/2024-2025/137587-Constructionofcommunitycentersandcommunityhalls,Normal/Others,Assam,Diphu (ST),AMARSING TISSO,KARBI ANGLONG(DEPUTY COMMISSIONER KARBI ANGLONG_IDA),Construction of Open Stage at Gangjang,2024-08-29,1500000,2024-11-13,1500000,Physical Inspection,Completed,2025-12-10,1499021.0,,76,392.0,,468.0,0,1.0,0.9993473333333334,True,True,True,True,True,True,True,True,True,True,True,True,False,False,False,1,92.9
WS/MP18019/2024-2025/137589-Treeplantationforcommunity,Normal/Others,Assam,Diphu (ST),AMARSING TISSO,KARBI ANGLONG(DEPUTY COMMISSIONER KARBI ANGLONG_IDA),"Tree Plantation for providing self sufficiency to the 06 (six) Nos. of Ex-Revolutionary Cadre under the Banner of ""KERUP- Karbi Ex-Revolutionary United Forum""",2024-08-29,1000000,2024-10-25,1000000,Work Completed,Completed,2025-04-23,999679.0,,57,180.0,,237.0,0,1.0,0.999679,True,False,True,True,True,True,True,True,True,True,True,True,False,False,False,0,92.9
WS/MP18019/2024-2025/137591-Constructionofbus-shedsorbus-stops,Normal/Others,Assam,Diphu (ST),AMARSING TISSO,KARBI ANGLONG(DEPUTY COMMISSIONER KARBI ANGLONG_IDA),Construction of waiting shed at Minbung under Singhason MAC Constituency,2024-08-29,1000000,2024-11-13,1000000,Physical Inspection,Completed,2025-12-10,999363.0,,76,392.0,,468.0,0,1.0,0.999363,True,True,True,True,True,True,True,True,True,True,True,True,False,False,False,1,92.9
WS/MP18019/2024-2025/137592-Installingtube-wellsandborewells,Normal/Others,Assam,Diphu (ST),AMARSING TISSO,KARBI ANGLONG(DEPUTY COMMISSIONER KARBI ANGLONG_IDA),"Construction of 3 Nos. Ringwell at Sar-et Senar village, @3.00 L x 3 Nos.",2024-08-29,900000,2024-10-25,900000,Physical Inspection,Completed,2025-10-22,899821.0,,57,362.0,,419.0,0,1.0,0.9998011111111111,True,True,True,True,True,True,True,True,True,True,True,True,False,False,False,1,92.9
WS/MP18019/2024-2025/137594-Creationofnewponds,Normal/Others,Assam,Diphu (ST),AMARSING TISSO,KARBI ANGLONG(DEPUTY COMMISSIONER KARBI ANGLONG_IDA),"Construction of community fishery at Rongkimi, Diphu",2024-08-29,500000,2024-10-25,500000,Physical Inspection,Completed,2025-12-10,499329.0,Images,57,411.0,,468.0,0,1.0,0.998658,True,True,True,True,True,True,True,True,True,True,True,True,False,False,False,1,100.0
WS/MP18019/2024-2025/137595-Creationofnewponds,Normal/Others,Assam,Diphu (ST),AMARSING TISSO,KARBI ANGLONG(DEPUTY COMMISSIONER KARBI ANGLONG_IDA),Construction of community fishery at Longnit,2024-08-29,500000,2024-10-25,500000,Physical Inspection,Completed,2025-12-10,499329.0,,57,411.0,,468.0,0,1.0,0.998658,True,True,True,True,True,True,True,True,True,True,True,True,False,False,False,1,92.9
WS/MP18019/2024-2025/137596-Constructionofcommunitycentersandcommunityhalls,Repair and Renovation,Assam,Diphu (ST),AMARSING TISSO,KARBI ANGLONG(DEPUTY COMMISSIONER KARBI ANGLONG_IDA),"Improvement of open stage at Govt. Boys Higher Secondary playground, Diphu",2024-08-29,499190,2024-12-21,499190,Physical Inspection,Completed,2024-12-23,499190.0,,114,2.0,,116.0,0,1.0,1.0,True,True,True,True,True,True,True,True,True,True,True,True,False,False,False,1,92.9
WS/MP18019/2024-2025/137598-Installingtube-wellsandborewells,Normal/Others,Assam,Diphu (ST),AMARSING TISSO,KARBI ANGLONG(DEPUTY COMMISSIONER KARBI ANGLONG_IDA),"Construction of ringwell near the house of Lt. Thangsing Tisso, Mohendijua",2024-08-29,400000,2024-10-25,400000,Physical Inspection,Completed,2025-12-11,399862.0,,57,412.0,,469.0,0,1.0,0.999655,True,True,True,True,True,True,True,True,True,True,True,True,False,False,False,1,92.9
WS/MP18019/2024-2025/137599-Installingtube-wellsandborewells,Normal/Others,Assam,Diphu (ST),AMARSING TISSO,KARBI ANGLONG(DEPUTY COMMISSIONER KARBI ANGLONG_IDA),"Construction of ringwell near the house of Sri Dosarath Tisso, Rongnihang",2024-08-29,400000,2024-10-25,400000,Physical Inspection,Completed,2025-12-11,399862.0,,57,412.0,,469.0,0,1.0,0.999655,True,True,True,True,True,True,True,True,True,True,True,True,False,False,False,1,92.9
WS/MP18019/2024-2025/137600-Installingtube-wellsandborewells,Normal/Others,Assam,Diphu (ST),AMARSING TISSO,KARBI ANGLONG(DEPUTY COMMISSIONER KARBI ANGLONG_IDA),"Construction of ringwell near the house of Sri Rajen Kro, PWD Colony, Diphu",2024-08-29,400000,2024-10-25,400000,Physical Inspection,Completed,2025-12-11,399862.0,,57,412.0,,469.0,0,1.0,0.999655,True,True,True,True,True,True,True,True,True,True,True,True,False,False,False,1,92.9
WS/MP18019/2024-2025/137601-Installingtube-wellsandborewells,Normal/Others,Assam,Diphu (ST),AMARSING TISSO,KARBI ANGLONG(DEPUTY COMMISSIONER KARBI ANGLONG_IDA),"Construction of ringwell near the house of Smt. Meera Tissopi, Mohendijua",2024-08-29,300000,2024-10-25,300000,Physical Inspection,Completed,2025-06-18,298426.0,,57,236.0,,293.0,0,1.0,0.9947533333333334,True,True,True,True,True,True,True,True,True,True,True,True,False,False,False,1,92.9
WS/MP18019/2024-2025/137602-Installingtube-wellsandborewells,Normal/Others,Assam,Diphu (ST),AMARSING TISSO,KARBI ANGLONG(DEPUTY COMMISSIONER KARBI ANGLONG_IDA),"Construction of ringwell near the house of Smt. Moina Terangpi, Rongtheang",2024-08-29,300000,2024-10-25,300000,Physical Inspection,Completed,2025-06-18,299568.0,,57,236.0,,293.0,0,1.0,0.99856,True,True,True,True,True,True,True,True,True,True,True,True,False,False,False,1,92.9
WS/MP18019/2024-2025/137603-Installingtube-wellsandborewells,Normal/Others,Assam,Diphu (ST),AMARSING TISSO,KARBI ANGLONG(DEPUTY COMMISSIONER KARBI ANGLONG_IDA),"Construction of ringwell near the house of Smt. Minu Teronpi, Biren Kramsa village",2024-08-29,300000,2024-10-25,300000,Physical Inspection,Completed,2025-06-18,299481.0,,57,236.0,,293.0,0,1.0,0.99827,True,True,True,True,True,True,True,True,True,True,True,True,False,False,False,1,92.9
WS/MP18019/2024-2025/137604-Installingtube-wellsandborewells,Normal/Others,Assam,Diphu (ST),AMARSING TISSO,KARBI ANGLONG(DEPUTY COMMISSIONER KARBI ANGLONG_IDA),"Construction of ringwell near the house of Smt Rengka Teronpi, Manja College",2024-08-29,300000,2024-10-25,300000,Physical Inspection,Completed,2025-06-18,299192.0,,57,236.0,,293.0,0,1.0,0.9973066666666667,True,True,True,True,True,True,True,True,True,True,True,True,False,False,False,1,92.9
WS/MP18019/2024-2025/137605-Installingtube-wellsandborewells,Normal/Others,Assam,Diphu (ST),AMARSING TISSO,KARBI ANGLONG(DEPUTY COMMISSIONER KARBI ANGLONG_IDA),"Construction of ringwell near the house of Smt Sika Tokbipi, Cheksolangso",2024-08-29,300000,2024-10-25,300000,Physical Inspection,Completed,2025-06-18,299503.0,,57,236.0,,293.0,0,1.0,0.9983433333333334,True,True,True,True,True,True,True,True,True,True,True,True,False,False,False,1,92.9
WS/MP18019/2024-2025/137606-Installingtube-wellsandborewells,Normal/Others,Assam,Diphu (ST),AMARSING TISSO,KARBI ANGLONG(DEPUTY COMMISSIONER KARBI ANGLONG_IDA),"Construction of ringwell near the house of Smt Klarie Phangchopi, Rongnagar",2024-08-29,300000,2024-10-25,300000,Physical Inspection,Completed,2025-10-22,299583.0,,57,362.0,,419.0,0,1.0,0.99861,True,True,True,True,True,True,True,True,True,True,True,True,False,False,False,1,92.9
WS/MP18019/2024-2025/137607-Installingtube-wellsandborewells,Normal/Others,Assam,Diphu (ST),AMARSING TISSO,KARBI ANGLONG(DEPUTY COMMISSIONER KARBI ANGLONG_IDA),"Construction of ringwell near West Tarabasa English LP School, Phuloni",2024-08-29,300000,2024-10-25,300000,Physical Inspection,Completed,2025-11-02,299583.0,,57,373.0,,430.0,0,1.0,0.99861,True,True,True,True,True,True,True,True,True,True,True,True,False,False,False,1,92.9
"WS/MP18019/2024-2025/137608-Constructionofroads,linkroads,pathwaysoranyotherroadwithorwithoutdrainagesystem",Normal/Others,Assam,Diphu (ST),AMARSING TISSO,KARBI ANGLONG(DEPUTY COMMISSIONER KARBI ANGLONG_IDA),"Construction of CC Block Road near DC Bungalow, Diphu",2024-08-29,500000,2025-01-04,500000,Physical Inspection,Completed,2025-01-04,500000.0,,128,0.0,,128.0,0,1.0,1.0,True,True,True,True,True,True,True,True,True,True,True,True,False,False,False,1,92.9
WS/MP18019/2024-2025/137729-Constructionofboundarywallsofexistingpublicandcommunitybuildings,Normal/Others,Assam,Diphu (ST),AMARSING TISSO,KARBI ANGLONG(DEPUTY COMMISSIONER KARBI ANGLONG_IDA),Construction of boundary wall with fencing at Langbungdingpi Graveyard,2024-08-29,1000000,2024-10-25,1000000,Physical Inspection,Completed,2025-10-22,999347.0,,57,362.0,,419.0,0,1.0,0.999347,True,True,True,True,True,True,True,True,True,True,True,True,False,False,False,1,92.9
WS/MP18019/2024-2025/137730-Constructionofboundarywallsofexistingpublicandcommunitybuildings,Normal/Others,Assam,Diphu (ST),AMARSING TISSO,KARBI ANGLONG(DEPUTY COMMISSIONER KARBI ANGLONG_IDA),"Construction of Sanitary Latrine and boundary wall with GCI sheet near DC Bungalow, Diphu",2024-08-29,1983350,2024-12-21,1983350,Physical Inspection,Completed,2024-12-23,1983350.0,,114,2.0,,116.0,0,1.0,1.0,True,True,True,True,True,True,True,True,True,True,True,True,False,False,False,1,92.9
WS/MP18019/2024-2025/143870-Constructionofsheltersforanimals,Repair and Renovation,Assam,Diphu (ST),AMARSING TISSO,KARBI ANGLONG(DEPUTY COMMISSIONER KARBI ANGLONG_IDA),"Improvement of Poultry Farm near ""KERUF- Karbi Ex-Revolutionary United Forum"" Office, 5th Mile, Diphu",2024-10-28,500000,2025-02-10,500000,Physical Inspection,Completed,2025-08-02,500000.0,,105,173.0,,278.0,0,1.0,1.0,True,True,True,True,True,True,True,True,True,True,True,True,False,False,False,1,92.9
WS/MP18019/2024-2025/146092-Installingtube-wellsandborewells,Normal/Others,Assam,Diphu (ST),AMARSING TISSO,KARBI ANGLONG(DEPUTY COMMISSIONER KARBI ANGLONG_IDA),"Construction of RCC Ringwell near the house of Addl. Chief Engineer, PWD (Quarter)",2024-10-28,500000,2024-12-03,500000,Physical Inspection,Completed,2025-10-22,499381.0,,36,323.0,,359.0,0,1.0,0.998762,True,True,True,True,True,True,True,True,True,True,True,True,False,False,False,1,92.9
WS/MP18019/2024-2025/146093-Installingtube-wellsandborewells,Normal/Others,Assam,Diphu (ST),AMARSING TISSO,KARBI ANGLONG(DEPUTY COMMISSIONER KARBI ANGLONG_IDA),"Construction of RCC Ringwell at Sainilangso, Disobai",2024-10-28,300000,2025-01-13,300000,Physical Inspection,Completed,2025-11-02,299583.0,,77,293.0,,370.0,0,1.0,0.99861,True,True,True,True,True,True,True,True,True,True,True,True,False,False,False,1,92.9
WS/MP18019/2024-2025/153297-Constructionofbus-shedsorbus-stops,Normal/Others,Assam,Diphu (ST),AMARSING TISSO,KARBI ANGLONG(DEPUTY COMMISSIONER KARBI ANGLONG_IDA),"Construction of Waiting Shed near DIG Office Complex, Diphu",2024-11-20,500000,2024-12-03,500000,Physical Inspection,Completed,2025-08-27,496993.0,Images,13,267.0,,280.0,0,1.0,0.993986,True,True,True,True,True,True,True,True,True,True,True,True,False,False,False,1,100.0
"WS/MP18019/2024-2025/153304-Constructionofroads,linkroads,pathwaysoranyotherroadwithorwithoutdrainagesystem",Normal/Others,Assam,Diphu (ST),AMARSING TISSO,KARBI ANGLONG(DEPUTY COMMISSIONER KARBI ANGLONG_IDA),"Construction of Retaining wall of road near Dhonsing Terang village, Longnit",2024-11-20,2000000,2024-12-03,2000000,Physical Inspection,Completed,2025-12-11,1999516.0,,13,373.0,,386.0,0,1.0,0.999758,True,True,True,True,True,True,True,True,True,True,True,True,False,False,False,1,92.9
WS/MP18021/2024-2025/143221-Constructionofboundarywallsofexistingpublicandcommunitybuildings,Normal/Others,Assam,DHUBRI,RAKIBUL HUSSAIN,BONGAIGAON(Deputy Commissioner Bongaigaon_IDA),Construction of Boundary Wall of Balarchar Matraghola High School,2024-09-24,500000,2024-12-18,500000,Work Completed,Completed,2025-12-03,500000.0,Images,85,350.0,,435.0,0,1.0,1.0,True,False,True,True,True,True,True,True,True,True,True,True,False,False,False,0,100.0
WS/MP18021/2024-2025/143225-Constructionofboundarywallsofexistingpublicandcommunitybuildings,Normal/Others,Assam,DHUBRI,RAKIBUL HUSSAIN,BONGAIGAON(Deputy Commissioner Bongaigaon_IDA),Construction of Boundary Wall of Play ground near Chatpara char Kabaristhan,2024-09-24,500000,2025-01-01,500000,Work Completed,Completed,2025-10-15,500000.0,Images,99,287.0,,386.0,0,1.0,1.0,True,False,True,True,True,True,True,True,True,True,True,True,False,False,False,0,100.0
WS/MP18021/2024-2025/143231-Constructionofpubliclibrariesandreadingrooms,Normal/Others,Assam,DHUBRI,RAKIBUL HUSSAIN,GOALPARA(Deputy Commissioner Goalpara_IDA),Construction & Renovation of Central Library cum Auditorium Hall at Jaleswar,2024-09-24,500000,2025-01-20,500000,Physical Inspection,Completed,2026-04-27,500000.0,Images,118,462.0,,580.0,0,1.0,1.0,True,True,True,True,True,True,True,True,True,True,True,True,False,False,False,1,100.0
"WS/MP18021/2024-2025/143237-Constructionofroomsandfacilitiesforhospitals,FWC,PHCCentersandANMcenters",Normal/Others,Assam,DHUBRI,RAKIBUL HUSSAIN,GOALPARA(Deputy Commissioner Goalpara_IDA),Construction of Boundary Wall at Joypur MPHC under Roumari GP,2024-09-24,500000,2025-01-20,500000,Physical Inspection,Completed,2026-04-27,500000.0,Images,118,462.0,,580.0,0,1.0,1.0,True,True,True,True,True,True,True,True,True,True,True,True,False,False,False,1,100.0
"WS/MP18023/2024-2025/140675-Constructionofroads,linkroads,pathwaysoranyotherroadwithorwithoutdrainagesystem",Normal/Others,Assam,GUWAHATI,BIJULI KALITA MEDHI,GOALPARA(Deputy Commissioner Goalpara_IDA),"Construction Of link road from Narayan Kalita house to Sabin Boro house at Jogipara , Dhupdhara.",2024-09-13,2800000,2025-02-19,2800000,Physical Inspection,Completed,2026-04-27,2800000.0,,159,432.0,,591.0,0,1.0,1.0,True,True,True,True,True,True,True,True,True,True,True,True,False,False,False,1,92.9
"WS/MP18023/2024-2025/140680-Constructionofroads,linkroads,pathwaysoranyotherroadwithorwithoutdrainagesystem",Normal/Others,Assam,GUWAHATI,BIJULI KALITA MEDHI,GOALPARA(Deputy Commissioner Goalpara_IDA),"Construction of road from Harimura bazar to Bijay Hajong house at Patalpur, Matia",2024-09-13,2500000,2025-02-19,2500000,Physical Inspection,Completed,2026-04-27,2500000.0,,159,432.0,,591.0,0,1.0,1.0,True,True,True,True,True,True,True,True,True,True,True,True,False,False,False,1,92.9
WS/MP18023/2024-2025/147014-Constructionofcommunitycentersandcommunityhalls,Normal/Others,Assam,GUWAHATI,BIJULI KALITA MEDHI,GOALPARA(Deputy Commissioner Goalpara_IDA),"Construction of community hall at Tharka Bazar near kalimandir , Joyramkhusi",2024-10-13,350000,2025-01-20,350000,Physical Inspection,Completed,2026-04-27,350000.0,,99,462.0,,561.0,0,1.0,1.0,True,True,True,True,True,True,True,True,True,True,True,True,False,False,False,1,92.9
WS/MP18023/2024-2025/147016-Constructionofcommunitycentersandcommunityhalls,Normal/Others,Assam,GUWAHATI,BIJULI KALITA MEDHI,GOALPARA(Deputy Commissioner Goalpara_IDA),Construction of Community hall near Charantola kali Mandir at Dhamar Gaon.,2024-10-13,500000,2025-01-20,500000,Physical Inspection,Completed,2026-04-27,500000.0,,99,462.0,,561.0,0,1.0,1.0,True,True,True,True,True,True,True,True,True,True,True,True,False,False,False,1,92.9
WS/MP18023/2024-2025/147021-Constructionofcommunitycentersandcommunityhalls,Normal/Others,Assam,GUWAHATI,BIJULI KALITA MEDHI,GOALPARA(Deputy Commissioner Goalpara_IDA),"Construction of open community hall at Sri Sri Niranjan Mahaprubhu Pith , Bakaitari.",2024-10-13,500000,2025-01-20,500000,Physical Inspection,Completed,2026-04-27,500000.0,Images,99,462.0,,561.0,0,1.0,1.0,True,True,True,True,True,True,True,True,True,True,True,True,False,False,False,1,100.0
WS/MP410/2024-2025/146781-Constructionofcommunitycentersandcommunityhalls,Normal/Others,Assam,LAKHIMPUR,Pradan Baruah,DHEMAJI(DEPUTY COMMISSIONER DHEMAJI_IDA),"Const. of Girls Common Room at Sissi Chariali HS School, Sissiborgaon LAC under MPLADS, FY 2024-25",2024-10-11,500000,2024-12-17,500000,Work Completed,Completed,2025-01-07,500000.0,Images,67,21.0,,88.0,0,1.0,1.0,True,False,True,True,True,True,True,True,True,True,True,True,False,False,False,0,100.0
WS/MP541/2024-2025/153180-Constructionofcommunitycentersandcommunityhalls,Normal/Others,Assam,NOWGONG,Pradyut Bordoloi,MARIGAON(District Development Commissioner Morigaon),"Construction of Natya Chora near Bishnu Mandir, Thekeraguri, Jagiroad",2024-11-19,500000,2025-03-26,500000,Work Completed,Completed,2026-03-24,499974.0,Images,127,363.0,,490.0,0,1.0,0.999948,True,False,True,True,True,True,True,True,True,True,True,True,False,False,False,0,100.0
WS/MP18019/2024-2025/137519-Streetlights,Normal/Others,Assam,Diphu (ST),AMARSING TISSO,KARBI ANGLONG(DEPUTY COMMISSIONER KARBI ANGLONG_IDA),Installation of Solar Light under Singhason MAC Constituency,2024-08-29,5000000,2024-11-13,5000000,Work partially Completed,Sanctioned - Not Completed,,,,76,,652.0,728.0,0,1.0,,False,False,True,True,True,True,True,True,True,True,True,True,False,False,False,0,100.0
WS/MP18019/2024-2025/137588-Constructionofcommunitycentersandcommunityhalls,Normal/Others,Assam,Diphu (ST),AMARSING TISSO,KARBI ANGLONG(DEPUTY COMMISSIONER KARBI ANGLONG_IDA),Construction of Community Hall at Jawlian under Singhason MAC Constituency,2024-08-29,1500000,2024-11-13,1500000,Physical Inspection,Sanctioned - Not Completed,,,,76,,652.0,728.0,0,1.0,,False,False,True,True,True,True,True,True,True,True,True,True,False,False,False,0,100.0
WS/MP18019/2024-2025/137593-Constructionofcommunitycentersandcommunityhalls,Normal/Others,Assam,Diphu (ST),AMARSING TISSO,KARBI ANGLONG(DEPUTY COMMISSIONER KARBI ANGLONG_IDA),Construction of open stage infront of Siloni LP School,2024-08-29,800000,2024-10-25,800000,Work partially Completed,Sanctioned - Not Completed,,,,57,,671.0,728.0,0,1.0,,False,False,True,True,True,True,True,True,True,True,True,True,False,False,False,0,100.0
WS/MP18019/2024-2025/137597-Installingtube-wellsandborewells,Normal/Others,Assam,Diphu (ST),AMARSING TISSO,KARBI ANGLONG(DEPUTY COMMISSIONER KARBI ANGLONG_IDA),"Construction of ringwell near the house of Sri Elison Terang, Mohendijua",2024-08-29,400000,2024-10-25,400000,Work partially Completed,Sanctioned - Not Completed,,,,57,,671.0,728.0,0,1.0,,False,False,True,True,True,True,True,True,True,True,True,True,False,False,False,0,100.0
WS/MP18019/2025-2026/143867-Constructionofcommunitycentersandcommunityhalls,Normal/Others,Assam,Diphu (ST),AMARSING TISSO,KARBI ANGLONG(DEPUTY COMMISSIONER KARBI ANGLONG_IDA),"Construction of ""Chandrosing Kro Open Stage with Half Iron Grill"" at Dengkimo Aklam, Centre",2024-10-28,2000000,2025-04-04,2000000,Work partially Completed,Sanctioned - Not Completed,,,,158,,510.0,668.0,0,1.0,,False,False,True,True,True,True,True,True,True,True,True,True,False,False,False,0,100.0
WS/MP18019/2025-2026/143868-Developmentofplayground,Normal/Others,Assam,Diphu (ST),AMARSING TISSO,KARBI ANGLONG(DEPUTY COMMISSIONER KARBI ANGLONG_IDA),"Earth filling work at Dengkimo Aklam Cultural Complex, Centre",2024-10-28,500000,2025-04-04,500000,Work partially Completed,Sanctioned - Not Completed,,,,158,,510.0,668.0,0,1.0,,False,False,True,True,True,True,True,True,True,True,True,True,False,False,False,0,100.0
WS/MP18019/2025-2026/143869-Constructionofculvertsandbridges,Normal/Others,Assam,Diphu (ST),AMARSING TISSO,KARBI ANGLONG(DEPUTY COMMISSIONER KARBI ANGLONG_IDA),"Construction of RCC Bridge at Den Teron Gaon, Namati",2024-10-28,2500000,2025-04-04,2500000,Work partially Completed,Sanctioned - Not Completed,,,,158,,510.0,668.0,0,1.0,,False,False,True,True,True,True,True,True,True,True,True,True,False,False,False,0,100.0
WS/MP18019/2026-2027/139500-Constructionofcommunitycentersandcommunityhalls,Normal/Others,Assam,Diphu (ST),AMARSING TISSO,DIMA HASAO(DEPUTY COMMISSIONER Dima Hasao_IDA),"Construction of Community Building with Library, Guest Room, Conference Room at Haflong, Dima Hasao District (Total Estd. Cost:- Rs. 1.00 Cr.) 1st Installment Rs. 50.00 Lakhs",2024-09-06,5000000,2026-07-31,5000000,Physical Inspection,Sanctioned - Not Completed,,,,693,,27.0,720.0,0,1.0,,False,False,True,True,True,True,True,True,True,True,True,True,False,False,False,0,100.0
WS/MP18021/2024-2025/142759-Constructionofbus-shedsorbus-stops,Normal/Others,Assam,DHUBRI,RAKIBUL HUSSAIN,DHUBRI(DEPUTY COMMISSIONER DHUBRI_IDA),Construction of Waiting Shed at Birat Nagar Chairali,2024-09-23,500000,2024-11-08,500000,Vendor Identification,Sanctioned - Not Completed,,,,46,,657.0,703.0,0,1.0,,False,False,True,True,True,True,True,True,True,True,True,True,False,False,False,0,100.0
WS/MP18021/2024-2025/142761-Constructionofboundarywallsofexistingpublicandcommunitybuildings,Normal/Others,Assam,DHUBRI,RAKIBUL HUSSAIN,DHUBRI(DEPUTY COMMISSIONER DHUBRI_IDA),Construction of Boundary wall near Satduburi Par Graveyard at village Bidyardabri.,2024-09-23,500000,2024-11-09,500000,Vendor Identification,Sanctioned - Not Completed,,,,47,,656.0,703.0,0,1.0,,False,False,True,True,True,True,True,True,True,True,True,True,False,False,False,0,100.0
WS/MP18021/2024-2025/142763-Constructionofboundarywallsofexistingpublicandcommunitybuildings,Normal/Others,Assam,DHUBRI,RAKIBUL HUSSAIN,DHUBRI(DEPUTY COMMISSIONER DHUBRI_IDA),Construction of Boundary Wall of Play ground near Iddgha Math situated at Matiaboug,2024-09-23,500000,2024-11-09,500000,Vendor Identification,Sanctioned - Not Completed,,,,47,,656.0,703.0,0,1.0,,False,False,True,True,True,True,True,True,True,True,True,True,False,False,False,0,100.0
WS/MP18021/2024-2025/142774-Constructionofcommunitycentersandcommunityhalls,Normal/Others,Assam,DHUBRI,RAKIBUL HUSSAIN,DHUBRI(DEPUTY COMMISSIONER DHUBRI_IDA),Construction of Community Hall at Raniganj,2024-09-23,500000,2024-11-09,500000,Vendor Identification,Sanctioned - Not Completed,,,,47,,656.0,703.0,0,1.0,,False,False,True,True,True,True,True,True,True,True,True,True,False,False,False,0,100.0
WS/MP18021/2024-2025/142776-Constructionofcommunitycentersandcommunityhalls,Normal/Others,Assam,DHUBRI,RAKIBUL HUSSAIN,DHUBRI(DEPUTY COMMISSIONER DHUBRI_IDA),Construction of Community Hall at Tillapara Weekly Market near Modal School,2024-09-23,500000,2024-11-09,500000,Vendor Identification,Sanctioned - Not Completed,,,,47,,656.0,703.0,0,1.0,,False,False,True,True,True,True,True,True,True,True,True,True,False,False,False,0,100.0
WS/MP18021/2024-2025/143233-Constructionofcommunitycentersandcommunityhalls,Normal/Others,Assam,DHUBRI,RAKIBUL HUSSAIN,GOALPARA(Deputy Commissioner Goalpara_IDA),Renovation and Repairing of Community Hall near Khanka and Foringapara,2024-09-24,500000,2025-01-18,500000,Vendor Identification,Sanctioned - Not Completed,,,,116,,586.0,702.0,0,1.0,,False,False,True,True,True,True,True,True,True,True,True,True,False,False,False,0,100.0
WS/MP18021/2024-2025/143255-Constructionofboundarywallsofexistingpublicandcommunitybuildings,Normal/Others,Assam,DHUBRI,RAKIBUL HUSSAIN,GOALPARA(Deputy Commissioner Goalpara_IDA),Construction of Boundary Wall with Iron Gate near Play ground of Goalpara Town Eidgah,2024-09-24,500000,2025-03-12,500000,Vendor Identification,Sanctioned - Not Completed,,,,169,,533.0,702.0,0,1.0,,False,False,True,True,True,True,True,True,True,True,True,True,False,False,False,0,100.0
WS/MP18021/2025-2026/143227-Constructionofbus-shedsorbus-stops,Normal/Others,Assam,DHUBRI,RAKIBUL HUSSAIN,SOUTH SALMARA MANCACHAR(Deputy Commissioner South Salmara Mankachar_IDA),Construction of Waiting Shed at Hatsingimari,2024-09-24,500000,2025-07-08,500000,Sanction,Sanctioned - Not Completed,,,,287,,415.0,702.0,0,1.0,,False,False,True,True,True,True,True,True,True,True,True,True,False,False,False,0,100.0
WS/MP18021/2025-2026/143239-Constructionofcommunitycentersandcommunityhalls,Normal/Others,Assam,DHUBRI,RAKIBUL HUSSAIN,GOALPARA(Deputy Commissioner Goalpara_IDA),Construction of Community Hall for Shakti CLF,2024-09-24,500000,2025-04-08,500000,Vendor Identification,Sanctioned - Not Completed,,,,196,,506.0,702.0,0,1.0,,False,False,True,True,True,True,True,True,True,True,True,True,False,False,False,0,100.0
WS/MP18021/2025-2026/143257-Constructionofroomsandhallsinschoolandcolleges,Normal/Others,Assam,DHUBRI,RAKIBUL HUSSAIN,GOALPARA(Deputy Commissioner Goalpara_IDA),Construction of Classroom at Goalpara Girl’s College,2024-09-24,500000,2025-07-22,500000,Vendor Identification,Sanctioned - Not Completed,,,,301,,401.0,702.0,0,1.0,,False,False,True,True,True,True,True,True,True,True,True,True,False,False,False,0,100.0
WS/MP18021/2025-2026/143259-Constructionofcommunitycentersandcommunityhalls,Normal/Others,Assam,DHUBRI,RAKIBUL HUSSAIN,GOALPARA(Deputy Commissioner Goalpara_IDA),Construction of Community Hall at Krishnai Weekly Market,2024-09-24,500000,2025-07-22,500000,Vendor Identification,Sanctioned - Not Completed,,,,301,,401.0,702.0,0,1.0,,False,False,True,True,True,True,True,True,True,True,True,True,False,False,False,0,100.0
WS/MP18021/2025-2026/145935-Constructionofboundarywallsofexistingpublicandcommunitybuildings,Normal/Others,Assam,DHUBRI,RAKIBUL HUSSAIN,BARPETA(DEPUTY COMMISSIONER BARPETA 1),Construction of Boundary Wall at Garala High School under Mandia,2024-10-07,500000,2025-07-24,500000,Vendor Identification,Sanctioned - Not Completed,,,,290,,399.0,689.0,0,1.0,,False,False,True,True,True,True,True,True,True,True,True,True,False,False,False,0,100.0
WS/MP18021/2025-2026/145936-Constructionofcommunitycentersandcommunityhalls,Normal/Others,Assam,DHUBRI,RAKIBUL HUSSAIN,BARPETA(DEPUTY COMMISSIONER BARPETA 1),Construction of Community Hall at Lokpriya Girls' College Kalgachia,2024-10-07,500000,2025-07-25,500000,Vendor Identification,Sanctioned - Not Completed,,,,291,,398.0,689.0,0,1.0,,False,False,True,True,True,True,True,True,True,True,True,True,False,False,False,0,100.0
WS/MP18021/2025-2026/145938-Constructionofcommonworksheds/commoncoveredsittingarea,Normal/Others,Assam,DHUBRI,RAKIBUL HUSSAIN,BARPETA(DEPUTY COMMISSIONER BARPETA 1),Construction of raised Platform at Bhalengimari in the south side Bhalengimari Bazar,2024-10-07,500000,2025-07-25,500000,Vendor Identification,Sanctioned - Not Completed,,,,291,,398.0,689.0,0,1.0,,False,False,True,True,True,True,True,True,True,True,True,True,False,False,False,0,100.0
WS/MP18021/2025-2026/145958-Constructionofcommonworksheds/commoncoveredsittingarea,Normal/Others,Assam,DHUBRI,RAKIBUL HUSSAIN,BARPETA(DEPUTY COMMISSIONER BARPETA 1),Construction of raised Platform Middle Barghol Char near Taijuddin Supa at Barghol,2024-10-07,500000,2026-02-11,500000,Vendor Identification,Sanctioned - Not Completed,,,,492,,197.0,689.0,0,1.0,,False,False,True,True,True,True,True,True,True,True,True,True,False,False,False,0,100.0
WS/MP18021/2025-2026/145961-Constructionofboundarywallsofexistingpublicandcommunitybuildings,Normal/Others,Assam,DHUBRI,RAKIBUL HUSSAIN,BARPETA(DEPUTY COMMISSIONER BARPETA 1),Construction of Boundary Wall of existing New Building (Physics) of Nabajyoti College Kalgachia,2024-10-07,250000,2025-09-18,250000,Vendor Identification,Sanctioned - Not Completed,,,,346,,343.0,689.0,0,1.0,,False,False,True,True,True,True,True,True,True,True,True,True,False,False,False,0,100.0
WS/MP18021/2025-2026/146003-Constructionofroomsandhallsinschoolandcolleges,Normal/Others,Assam,DHUBRI,RAKIBUL HUSSAIN,GOALPARA(Deputy Commissioner Goalpara_IDA),"Construction of Septic Tank over shed for Latrine and Bathroom at Goalpara Girls' College Goalpara, Mariam Nagar",2024-10-07,200000,2025-04-08,200000,Vendor Identification,Sanctioned - Not Completed,,,,183,,506.0,689.0,0,1.0,,False,False,True,True,True,True,True,True,True,True,True,True,False,False,False,0,100.0
WS/MP18021/2026-2027/143229-Constructionofbus-shedsorbus-stops,Normal/Others,Assam,DHUBRI,RAKIBUL HUSSAIN,SOUTH SALMARA MANCACHAR(Deputy Commissioner South Salmara Mankachar_IDA),Construction of Waiting Shed at Jordanga Kuchnimara,2024-09-24,500000,2026-05-21,500000,Sanction,Sanctioned - Not Completed,,,,604,,98.0,702.0,0,1.0,,False,False,True,True,True,True,True,True,True,True,True,True,False,False,False,0,100.0
WS/MP18023/2024-2025/136746-Constructionofboundarywallsofexistingpublicandcommunitybuildings,Normal/Others,Assam,GUWAHATI,BIJULI KALITA MEDHI,KAMRUP METRO(DEPUTY COMMISSIONER KAMRUP METROPOLITAN_IDA),"Construction of boundary wall with gate at Niramay Healthcare Centre , Govt pensioner office , Chandmari .",2024-08-22,700000,2025-01-29,700000,Vendor Identification,Sanctioned - Not Completed,,,,160,,575.0,735.0,0,1.0,,False,False,True,True,True,True,True,True,True,True,True,True,False,False,False,0,100.0
WS/MP18023/2024-2025/136756-Constructionoftoiletblocks,Normal/Others,Assam,GUWAHATI,BIJULI KALITA MEDHI,GOALPARA(Deputy Commissioner Goalpara_IDA),"Constraction of toilet blocks at Mespara Madhachal Rabha Samaj. Rangsai , Baida .",2024-08-22,400000,2025-01-06,400000,Vendor Identification,Sanctioned - Not Completed,,,,137,,598.0,735.0,0,1.0,,False,False,True,True,True,True,True,True,True,True,True,True,False,False,False,0,100.0
WS/MP18023/2024-2025/136757-Constructionofadditionalroomsandhallsintheexistingpublicandcommunitybuilding,Normal/Others,Assam,GUWAHATI,BIJULI KALITA MEDHI,KAMRUP METRO(DEPUTY COMMISSIONER KAMRUP METROPOLITAN_IDA),"Construction of Community hall at Krishna Nagar Unnayan Samittee. Japorigog , Krishna Nagar",2024-08-22,1000000,2025-01-29,1000000,Vendor Identification,Sanctioned - Not Completed,,,,160,,575.0,735.0,0,1.0,,False,False,True,True,True,True,True,True,True,True,True,True,False,False,False,0,100.0
WS/MP18023/2024-2025/136758-Constructionofcommonworksheds/commoncoveredsittingarea,Normal/Others,Assam,GUWAHATI,BIJULI KALITA MEDHI,GOALPARA(Deputy Commissioner Goalpara_IDA),Construction for common sitting area at dhunubhaga .,2024-08-22,1200000,2025-03-10,1200000,Vendor Identification,Sanctioned - Not Completed,,,,200,,535.0,735.0,0,1.0,,False,False,True,True,True,True,True,True,True,True,True,True,False,False,False,0,100.0
WS/MP18023/2024-2025/138480-Constructionofboundarywallsofexistingpublicandcommunitybuildings,Normal/Others,Assam,GUWAHATI,BIJULI KALITA MEDHI,KAMRUP METRO(DEPUTY COMMISSIONER KAMRUP METROPOLITAN_IDA),Construction of boundary wall of community hall at Bhetapara Jyoti Path,2024-09-02,700000,2024-10-15,700000,Vendor Identification,Sanctioned - Not Completed,,,,43,,681.0,724.0,0,1.0,,False,False,True,True,True,True,True,True,True,True,True,True,False,False,False,0,100.0
WS/MP18023/2024-2025/138481-Constructionofcommunitycentersandcommunityhalls,Normal/Others,Assam,GUWAHATI,BIJULI KALITA MEDHI,KAMRUP METRO(DEPUTY COMMISSIONER KAMRUP METROPOLITAN_IDA),"Construction of Community Hall at Amiya Nagar Unnayan Samity , Chandmari.",2024-09-02,1300000,2024-12-10,1300000,Vendor Identification,Sanctioned - Not Completed,,,,99,,625.0,724.0,0,1.0,,False,False,True,True,True,True,True,True,True,True,True,True,False,False,False,0,100.0
WS/MP18023/2024-2025/138483-Constructionofboundarywallsofexistingpublicandcommunitybuildings,Normal/Others,Assam,GUWAHATI,BIJULI KALITA MEDHI,KAMRUP METRO(DEPUTY COMMISSIONER KAMRUP METROPOLITAN_IDA),"Construction of boundary wall at Ujjal Nagar Namghar , Hengrabari .",2024-09-02,1000000,2024-12-27,1000000,Vendor Identification,Sanctioned - Not Completed,,,,116,,608.0,724.0,0,1.0,,False,False,True,True,True,True,True,True,True,True,True,True,False,False,False,0,100.0
WS/MP18023/2024-2025/138485-Constructionofcommunitycentersandcommunityhalls,Normal/Others,Assam,GUWAHATI,BIJULI KALITA MEDHI,KAMRUP METRO(DEPUTY COMMISSIONER KAMRUP METROPOLITAN_IDA),Construction of Community hall at Piyali Phukan Nagar near lakshmi mandir,2024-09-02,1200000,2025-02-10,1200000,Vendor Identification,Sanctioned - Not Completed,,,,161,,563.0,724.0,0,1.0,,False,False,True,True,True,True,True,True,True,True,True,True,False,False,False,0,100.0
WS/MP18023/2024-2025/139962-Constructionofpubliclibrariesandreadingrooms,Normal/Others,Assam,GUWAHATI,BIJULI KALITA MEDHI,KAMRUP(DEPUTY COMMISSIONER KAMRUP_IDA),"Construction of Public libraries and Reading room at Chamaria High school , Chamaria satra.",2024-09-08,500000,2025-02-19,500000,Work partially Completed,Sanctioned - Not Completed,,,,164,,554.0,718.0,0,1.0,,False,False,True,True,True,True,True,True,True,True,True,True,False,False,False,0,100.0
WS/MP18023/2024-2025/140235-Retrofittinginessentiallifelinebuildings,Repair and Renovation,Assam,GUWAHATI,BIJULI KALITA MEDHI,KAMRUP(DEPUTY COMMISSIONER KAMRUP_IDA),Retrofittinng in building at Dalukagata satra uunayan Samity.,2024-09-10,500000,2025-02-21,500000,Work partially Completed,Sanctioned - Not Completed,,,,164,,552.0,716.0,0,1.0,,False,False,True,True,True,True,True,True,True,True,True,True,False,False,False,0,100.0
"WS/MP18023/2024-2025/140674-Constructionofroads,linkroads,pathwaysoranyotherroadwithorwithoutdrainagesystem",Normal/Others,Assam,GUWAHATI,BIJULI KALITA MEDHI,KAMRUP METRO(DEPUTY COMMISSIONER KAMRUP METROPOLITAN_IDA),"Construction of link road at Dabari Road , Gomoria.",2024-09-13,2400000,2024-10-29,2400000,Vendor Identification,Sanctioned - Not Completed,,,,46,,667.0,713.0,0,1.0,,False,False,True,True,True,True,True,True,True,True,True,True,False,False,False,0,100.0
WS/MP18023/2024-2025/143871-Constructionofroomsandhallsinschoolandcolleges,Normal/Others,Assam,GUWAHATI,BIJULI KALITA MEDHI,KAMRUP(DEPUTY COMMISSIONER KAMRUP_IDA),"Construction of room at Amrit Chandra Thakuria Commerce Sr Secondary School , Uparhali Dakhala. Pin -781122",2024-09-26,500000,2025-01-22,500000,Vendor Identification,Sanctioned - Not Completed,,,,118,,582.0,700.0,0,1.0,,False,False,True,True,True,True,True,True,True,True,True,True,False,False,False,0,100.0
WS/MP18023/2024-2025/143873-Constructionofcommunitycentersandcommunityhalls,Normal/Others,Assam,GUWAHATI,BIJULI KALITA MEDHI,KAMRUP(DEPUTY COMMISSIONER KAMRUP_IDA),"Construction of Community hall at Boko sahitya sabha , Satadal Shakha , Boko - 781123",2024-09-26,500000,2025-03-18,500000,Work partially Completed,Sanctioned - Not Completed,,,,173,,527.0,700.0,0,1.0,,False,False,True,True,True,True,True,True,True,True,True,True,False,False,False,0,100.0
WS/MP18023/2024-2025/144134-Constructionofbuildingsforcommunityculturalactivities,Normal/Others,Assam,GUWAHATI,BIJULI KALITA MEDHI,KAMRUP(DEPUTY COMMISSIONER KAMRUP_IDA),Construction of Open Stage for Cultural activities at Nagarbera Anchalik Rash Samity . Pin -781127,2024-09-28,800000,2025-03-28,800000,Work partially Completed,Sanctioned - Not Completed,,,,181,,517.0,698.0,0,1.0,,False,False,True,True,True,True,True,True,True,True,True,True,False,False,False,0,100.0
WS/MP18023/2024-2025/146987-Constructionofcommunitycentersandcommunityhalls,Normal/Others,Assam,GUWAHATI,BIJULI KALITA MEDHI,GOALPARA(Deputy Commissioner Goalpara_IDA),"Construction of open Community hall near Bisahari than at Ranjuli , Mahajanpara.",2024-10-13,350000,2025-03-10,350000,Vendor Identification,Sanctioned - Not Completed,,,,148,,535.0,683.0,0,1.0,,False,False,True,True,True,True,True,True,True,True,True,True,False,False,False,0,100.0
WS/MP18023/2024-2025/146988-Constructionofcommunitycentersandcommunityhalls,Normal/Others,Assam,GUWAHATI,BIJULI KALITA MEDHI,GOALPARA(Deputy Commissioner Goalpara_IDA),Construction of open Community Hall at Jyotigaon Kanaklata Mahila Samity Kathakuthi .,2024-10-13,350000,2025-03-10,350000,Vendor Identification,Sanctioned - Not Completed,,,,148,,535.0,683.0,0,1.0,,False,False,True,True,True,True,True,True,True,True,True,True,False,False,False,0,100.0
WS/MP18023/2024-2025/146991-Constructionofcommunitycentersandcommunityhalls,Normal/Others,Assam,GUWAHATI,BIJULI KALITA MEDHI,GOALPARA(Deputy Commissioner Goalpara_IDA),"Construction of Open Community Hall at Tarun Sangha , Mornai.",2024-10-13,350000,2025-03-11,350000,Vendor Identification,Sanctioned - Not Completed,,,,149,,534.0,683.0,0,1.0,,False,False,True,True,True,True,True,True,True,True,True,True,False,False,False,0,100.0
WS/MP18023/2024-2025/146992-Constructionofcommunitycentersandcommunityhalls,Normal/Others,Assam,GUWAHATI,BIJULI KALITA MEDHI,GOALPARA(Deputy Commissioner Goalpara_IDA),"Construction open Cummunity hall at Lokpriya gopinath bordoloi club at Lalabori , Harimura.",2024-10-13,350000,2025-03-10,350000,Vendor Identification,Sanctioned - Not Completed,,,,148,,535.0,683.0,0,1.0,,False,False,True,True,True,True,True,True,True,True,True,True,False,False,False,0,100.0
WS/MP18023/2024-2025/146993-Constructionofcommunitycentersandcommunityhalls,Normal/Others,Assam,GUWAHATI,BIJULI KALITA MEDHI,GOALPARA(Deputy Commissioner Goalpara_IDA),Construction of open community hall at near Bakaitary Anchalik Shiv Mandir .,2024-10-13,350000,2025-03-11,350000,Vendor Identification,Sanctioned - Not Completed,,,,149,,534.0,683.0,0,1.0,,False,False,True,True,True,True,True,True,True,True,True,True,False,False,False,0,100.0
WS/MP18023/2024-2025/146994-Constructionofadditionalroomsandhallsintheexistingpublicandcommunitybuilding,Normal/Others,Assam,GUWAHATI,BIJULI KALITA MEDHI,GOALPARA(Deputy Commissioner Goalpara_IDA),"Construction of additional room at Moiskhuli Khamar Bihu Samity , Darangiri, Kushdhowa.",2024-10-13,350000,2025-03-11,350000,Vendor Identification,Sanctioned - Not Completed,,,,149,,534.0,683.0,0,1.0,,False,False,True,True,True,True,True,True,True,True,True,True,False,False,False,0,100.0
WS/MP18023/2024-2025/146995-Constructionofcommunitycentersandcommunityhalls,Normal/Others,Assam,GUWAHATI,BIJULI KALITA MEDHI,GOALPARA(Deputy Commissioner Goalpara_IDA),"Construction of open community hall at Bhakarpara Khillamara Anchalik Bihu field , Rangjuli , Kahibari",2024-10-13,350000,2025-03-10,350000,Vendor Identification,Sanctioned - Not Completed,,,,148,,535.0,683.0,0,1.0,,False,False,True,True,True,True,True,True,True,True,True,True,False,False,False,0,100.0
WS/MP18023/2024-2025/146998-Constructionofboundarywallsofexistingpublicandcommunitybuildings,Normal/Others,Assam,GUWAHATI,BIJULI KALITA MEDHI,GOALPARA(Deputy Commissioner Goalpara_IDA),"Construiction of Boundary at Badungduppa kala Kendra , Balijana , Rampur.",2024-10-13,350000,2025-03-11,350000,Vendor Identification,Sanctioned - Not Completed,,,,149,,534.0,683.0,0,1.0,,False,False,True,True,True,True,True,True,True,True,True,True,False,False,False,0,100.0
WS/MP18023/2024-2025/147000-Constructionofcommunitycentersandcommunityhalls,Normal/Others,Assam,GUWAHATI,BIJULI KALITA MEDHI,GOALPARA(Deputy Commissioner Goalpara_IDA),"Construction of Community hall at Makri Jagroto Mahila samity , Balijana , Makri , Dariduri .",2024-10-13,350000,2025-03-11,350000,Vendor Identification,Sanctioned - Not Completed,,,,149,,534.0,683.0,0,1.0,,False,False,True,True,True,True,True,True,True,True,True,True,False,False,False,0,100.0
WS/MP18023/2024-2025/147006-Constructionofadditionalroomsandhallsintheexistingpublicandcommunitybuilding,Normal/Others,Assam,GUWAHATI,BIJULI KALITA MEDHI,GOALPARA(Deputy Commissioner Goalpara_IDA),"Construction of additional room at Gojapara Zamad Community hall , Dark rabhapara .",2024-10-13,350000,2025-03-11,350000,Vendor Identification,Sanctioned - Not Completed,,,,149,,534.0,683.0,0,1.0,,False,False,True,True,True,True,True,True,True,True,True,True,False,False,False,0,100.0
WS/MP18023/2024-2025/147018-Constructionofadditionalroomsandhallsintheexistingpublicandcommunitybuilding,Normal/Others,Assam,GUWAHATI,BIJULI KALITA MEDHI,GOALPARA(Deputy Commissioner Goalpara_IDA),Construction of additional room at Bardamal Community hall near Lakhi mandir.,2024-10-13,300000,2025-03-11,300000,Vendor Identification,Sanctioned - Not Completed,,,,149,,534.0,683.0,0,1.0,,False,False,True,True,True,True,True,True,True,True,True,True,False,False,False,0,100.0
WS/MP18023/2024-2025/147019-Constructionofadditionalroomsandhallsintheexistingpublicandcommunitybuilding,Normal/Others,Assam,GUWAHATI,BIJULI KALITA MEDHI,GOALPARA(Deputy Commissioner Goalpara_IDA),Construction of additional room near Kubereswar Mandir at Moishkhuli khamar.,2024-10-13,600000,2025-03-10,600000,Physical Inspection,Sanctioned - Not Completed,,,,148,,535.0,683.0,0,1.0,,False,False,True,True,True,True,True,True,True,True,True,True,False,False,False,0,100.0
WS/MP18023/2024-2025/147026-Constructionofbus-shedsorbus-stops,Normal/Others,Assam,GUWAHATI,BIJULI KALITA MEDHI,GOALPARA(Deputy Commissioner Goalpara_IDA),Construction of Bus shed at Selapara .,2024-10-13,250000,2025-03-10,250000,Physical Inspection,Sanctioned - Not Completed,,,,148,,535.0,683.0,0,1.0,,False,False,True,True,True,True,True,True,True,True,True,True,False,False,False,0,100.0
WS/MP18023/2024-2025/147030-Constructionofbus-shedsorbus-stops,Normal/Others,Assam,GUWAHATI,BIJULI KALITA MEDHI,GOALPARA(Deputy Commissioner Goalpara_IDA),Construction of Bus shed at Tukura bormahan,2024-10-13,250000,2025-03-10,250000,Vendor Identification,Sanctioned - Not Completed,,,,148,,535.0,683.0,0,1.0,,False,False,True,True,True,True,True,True,True,True,True,True,False,False,False,0,100.0
WS/MP18023/2024-2025/147032-Constructionofbus-shedsorbus-stops,Normal/Others,Assam,GUWAHATI,BIJULI KALITA MEDHI,GOALPARA(Deputy Commissioner Goalpara_IDA),"Constyruction of Bus shed near Rongsai Salpara L.P School at Badhapur,",2024-10-13,250000,2025-03-10,250000,Vendor Identification,Sanctioned - Not Completed,,,,148,,535.0,683.0,0,1.0,,False,False,True,True,True,True,True,True,True,True,True,True,False,False,False,0,100.0
WS/MP18023/2025-2026/136745-Constructionofbuildingsforcommunityculturalactivities,Normal/Others,Assam,GUWAHATI,BIJULI KALITA MEDHI,KAMRUP METRO(DEPUTY COMMISSIONER KAMRUP METROPOLITAN_IDA),"Construction of building for community cultural actives at Jyotinagar , near Maa Manasha Mandir .",2024-08-22,1500000,2025-04-03,1500000,Vendor Identification,Sanctioned - Not Completed,,,,224,,511.0,735.0,0,1.0,,False,False,True,True,True,True,True,True,True,True,True,True,False,False,False,0,100.0
WS/MP18023/2025-2026/138482-Retrofittinginessentiallifelinebuildings,Repair and Renovation,Assam,GUWAHATI,BIJULI KALITA MEDHI,KAMRUP METRO(DEPUTY COMMISSIONER KAMRUP METROPOLITAN_IDA),Retrofitting in buliding at Krishna nagar Bikash Kendra . Chandmari,2024-09-02,300000,2025-08-20,300000,Vendor Identification,Sanctioned - Not Completed,,,,352,,372.0,724.0,0,1.0,,False,False,True,True,True,True,True,True,True,True,True,True,False,False,False,0,100.0
WS/MP18023/2025-2026/139960-Constructionofadditionalroomsandhallsintheexistingpublicandcommunitybuilding,Normal/Others,Assam,GUWAHATI,BIJULI KALITA MEDHI,KAMRUP METRO(DEPUTY COMMISSIONER KAMRUP METROPOLITAN_IDA),"Construction of Community hall at Jyoti Nagar mahila samiti , Jyotinagar .",2024-09-08,500000,2025-04-11,500000,Vendor Identification,Sanctioned - Not Completed,,,,215,,503.0,718.0,0,1.0,,False,False,True,True,True,True,True,True,True,True,True,True,False,False,False,0,100.0
WS/MP18023/2025-2026/143872-Retrofittinginessentiallifelinebuildings,Repair and Renovation,Assam,GUWAHATI,BIJULI KALITA MEDHI,KAMRUP(DEPUTY COMMISSIONER KAMRUP_IDA),"Repairing work of Santi Nijara Club House at Bongaon , Bamunigaon , Pin-781141",2024-09-26,500000,2026-01-30,500000,Vendor Identification,Sanctioned - Not Completed,,,,491,,209.0,700.0,0,1.0,,False,False,True,True,True,True,True,True,True,True,True,True,False,False,False,0,100.0
WS/MP18023/2025-2026/143885-Constructionofbuildingsforcommunityculturalactivities,Normal/Others,Assam,GUWAHATI,BIJULI KALITA MEDHI,KAMRUP(DEPUTY COMMISSIONER KAMRUP_IDA),"Construction of Cultural activites hall at Kahibari , Chamaria near Kahibari anchalic Saradia Durga Puja , Pin - 781136",2024-09-26,500000,2025-08-14,500000,Work partially Completed,Sanctioned - Not Completed,,,,322,,378.0,700.0,0,1.0,,False,False,True,True,True,True,True,True,True,True,True,True,False,False,False,0,100.0
WS/MP18023/2025-2026/146990-Constructionofcommunitycentersandcommunityhalls,Normal/Others,Assam,GUWAHATI,BIJULI KALITA MEDHI,GOALPARA(Deputy Commissioner Goalpara_IDA),"Construction of community hall at Mujkuri Rajohuwa Namghar at Mujkuri , Kushdhowa .",2024-10-13,350000,2025-09-25,350000,Vendor Identification,Sanctioned - Not Completed,,,,347,,336.0,683.0,0,1.0,,False,False,True,True,True,True,True,True,True,True,True,True,False,False,False,0,100.0
WS/MP18024/2024-2025/148250-Constructionofcommunitycentersandcommunityhalls,Normal/Others,Assam,JORHAT,GAURAV GOGOI,JORHAT(DEPUTY COMMISSIONER JORHAT_IDA),"Construction of Moina Parijat Ghar, Sukanjan, Raidangjuri GP",2024-10-18,200000,2025-01-16,200000,Vendor Identification,Sanctioned - Not Completed,,,,90,,588.0,678.0,0,1.0,,False,False,True,True,True,True,True,True,True,True,True,True,False,False,False,0,100.0
WS/MP18024/2024-2025/148254-Constructionofcommunitycentersandcommunityhalls,Normal/Others,Assam,JORHAT,GAURAV GOGOI,JORHAT(DEPUTY COMMISSIONER JORHAT_IDA),"Construction of 2 no Medeluajan Kristi Bikash Kendra,Tengajan GP",2024-10-18,150000,2025-01-16,150000,Vendor Identification,Sanctioned - Not Completed,,,,90,,588.0,678.0,0,1.0,,False,False,True,True,True,True,True,True,True,True,True,True,False,False,False,0,100.0
WS/MP18024/2024-2025/148256-Constructionofcommunitycentersandcommunityhalls,Normal/Others,Assam,JORHAT,GAURAV GOGOI,JORHAT(DEPUTY COMMISSIONER JORHAT_IDA),"Construction of Nachalauria Kristi Bikash Kendra, Bongal Gaon P.O. Dihingia, Birinasayek GP",2024-10-18,150000,2025-01-16,150000,Vendor Identification,Sanctioned - Not Completed,,,,90,,588.0,678.0,0,1.0,,False,False,True,True,True,True,True,True,True,True,True,True,False,False,False,0,100.0
WS/MP18024/2024-2025/148260-Constructionofcommunitycentersandcommunityhalls,Normal/Others,Assam,JORHAT,GAURAV GOGOI,JORHAT(DEPUTY COMMISSIONER JORHAT_IDA),"Construction  of Milita Yuva Sangha, 1No Sonari Gaon, Na-Ali Dhekiajoli P.O. Dekiajuli, 1No Sonari Gaon, Rangajan GP",2024-10-18,150000,2025-01-16,150000,Vendor Identification,Sanctioned - Not Completed,,,,90,,588.0,678.0,0,1.0,,False,False,True,True,True,True,True,True,True,True,True,True,False,False,False,0,100.0
WS/MP18024/2024-2025/148261-Constructionofboundarywallsofexistingpublicandcommunitybuildings,Normal/Others,Assam,JORHAT,GAURAV GOGOI,JORHAT(DEPUTY COMMISSIONER JORHAT_IDA),"Construction of Community Centre Boundary wall near at Silikhabari Muslim Mozjit, 44 No Silakhabari P.O. Deogharia, Turung GP",2024-10-18,200000,2025-01-16,200000,Vendor Identification,Sanctioned - Not Completed,,,,90,,588.0,678.0,0,1.0,,False,False,True,True,True,True,True,True,True,True,True,True,False,False,False,0,100.0
WS/MP18024/2024-2025/148263-Constructionofcommunitycentersandcommunityhalls,Normal/Others,Assam,JORHAT,GAURAV GOGOI,JORHAT(DEPUTY COMMISSIONER JORHAT_IDA),"Construction of Trinayan Bahumukhi Kala Kristi Kendra, Dakhinpat, Bebejia GP",2024-10-18,150000,2025-01-16,150000,Vendor Identification,Sanctioned - Not Completed,,,,90,,588.0,678.0,0,1.0,,False,False,True,True,True,True,True,True,True,True,True,True,False,False,False,0,100.0
WS/MP18024/2025-2026/148251-Constructionofcommunitycentersandcommunityhalls,Normal/Others,Assam,JORHAT,GAURAV GOGOI,JORHAT(DEPUTY COMMISSIONER JORHAT_IDA),"Construction of Community Centre near at Rajabari Bagicha Puja Mandop, Rajabari Bagisa, Rajabahar GP",2024-10-18,200000,2025-04-02,200000,Vendor Identification,Sanctioned - Not Completed,,,,166,,512.0,678.0,0,1.0,,False,False,True,True,True,True,True,True,True,True,True,True,False,False,False,0,100.0
"WS/MP18024/2025-2026/148252-Constructionofroads,linkroads,pathwaysoranyotherroadwithorwithoutdrainagesystem",Normal/Others,Assam,JORHAT,GAURAV GOGOI,JORHAT(DEPUTY COMMISSIONER JORHAT_IDA),"Construction of Hazarika Path, Bosa Gaon, Mahimabari, Ekarani GP",2024-10-18,200000,2025-04-02,200000,Vendor Identification,Sanctioned - Not Completed,,,,166,,512.0,678.0,0,1.0,,False,False,True,True,True,True,True,True,True,True,True,True,False,False,False,0,100.0
WS/MP18024/2025-2026/148253-Constructionofcommunitycentersandcommunityhalls,Normal/Others,Assam,JORHAT,GAURAV GOGOI,JORHAT(DEPUTY COMMISSIONER JORHAT_IDA),"Construction of Madhapur Kala Kristi Bikash Kendra, 2 no Salaguri Bampathar, Madhapur GP",2024-10-18,150000,2025-07-21,150000,Vendor Identification,Sanctioned - Not Completed,,,,276,,402.0,678.0,0,1.0,,False,False,True,True,True,True,True,True,True,True,True,True,False,False,False,0,100.0
"WS/MP18024/2025-2026/148255-Constructionofroads,linkroads,pathwaysoranyotherroadwithorwithoutdrainagesystem",Normal/Others,Assam,JORHAT,GAURAV GOGOI,JORHAT(DEPUTY COMMISSIONER JORHAT_IDA),"Construction of Tyrun 5 No ward Labour Line Path, Tyroon T.E, P.O. Bandarchalia, Bandarchalia, Charaipani GP",2024-10-18,200000,2025-04-02,200000,Vendor Identification,Sanctioned - Not Completed,,,,166,,512.0,678.0,0,1.0,,False,False,True,True,True,True,True,True,True,True,True,True,False,False,False,0,100.0
WS/MP18024/2025-2026/148257-Crematoriums/energyefficientcrematoriumsorstructuresonburial/cremationground,Normal/Others,Assam,JORHAT,GAURAV GOGOI,JORHAT(DEPUTY COMMISSIONER JORHAT_IDA),"Construction of Duffalating Bagisa Sachan Griha, 4 no Potia Gaon P.O. Melamati, Melamati GP",2024-10-18,200000,2025-04-02,200000,Vendor Identification,Sanctioned - Not Completed,,,,166,,512.0,678.0,0,1.0,,False,False,True,True,True,True,True,True,True,True,True,True,False,False,False,0,100.0
WS/MP18024/2025-2026/148258-Constructionofboundarywallsofexistingpublicandcommunitybuildings,Normal/Others,Assam,JORHAT,GAURAV GOGOI,JORHAT(DEPUTY COMMISSIONER JORHAT_IDA),"Construction of Community Centre Boundary wall near at Durga Mandir, Dholi Sah Bagisa 2 no ward, Bokaholla GP",2024-10-18,200000,2025-04-02,200000,Vendor Identification,Sanctioned - Not Completed,,,,166,,512.0,678.0,0,1.0,,False,False,True,True,True,True,True,True,True,True,True,True,False,False,False,0,100.0
WS/MP18024/2025-2026/148259-Constructionofboundarywallsofexistingpublicandcommunitybuildings,Normal/Others,Assam,JORHAT,GAURAV GOGOI,JORHAT(DEPUTY COMMISSIONER JORHAT_IDA),"Construction of 7 No Bhagania Namchungi Rajahuowa Bor Pukhuri Banduary wall, Namchungi, Namchungi GP",2024-10-18,200000,2025-04-02,200000,Vendor Identification,Sanctioned - Not Completed,,,,166,,512.0,678.0,0,1.0,,False,False,True,True,True,True,True,True,True,True,True,True,False,False,False,0,100.0
WS/MP18024/2025-2026/148262-Constructionofboundarywallsofexistingpublicandcommunitybuildings,Normal/Others,Assam,JORHAT,GAURAV GOGOI,JORHAT(DEPUTY COMMISSIONER JORHAT_IDA),"Installation of Net Fencing Boundary of Tokowbari Majorchuk Bor Namghar, Adhalkatia P.O. Kachukhat, Kachukahat GP",2024-10-18,200000,2025-04-02,200000,Vendor Identification,Sanctioned - Not Completed,,,,166,,512.0,678.0,0,1.0,,False,False,True,True,True,True,True,True,True,True,True,True,False,False,False,0,100.0
WS/MP18024/2025-2026/148294-Constructionofcommunitycentersandcommunityhalls,Normal/Others,Assam,JORHAT,GAURAV GOGOI,CHARAIDEO(Deputy Commissioner Charaideo_IDA),"Construction of Chatiakari Sankardev Sangha Sangskroitik Kendra, Borhat, Chuliakari, Bhuyankhat GP",2024-10-18,199232,2025-05-16,199232,Physical Inspection,Sanctioned - Not Completed,,,,210,,468.0,678.0,0,1.0,,False,False,True,True,True,True,True,True,True,True,True,True,False,False,False,0,100.0
WS/MP18024/2025-2026/148295-Constructionofcommunitycentersandcommunityhalls,Normal/Others,Assam,JORHAT,GAURAV GOGOI,CHARAIDEO(Deputy Commissioner Charaideo_IDA),"Construction of Community Centre near at Krishna Mandir 18 no Line, Borhat TE 18 no line, Borhat GP",2024-10-18,200000,2025-05-16,200000,Vendor Identification,Sanctioned - Not Completed,,,,210,,468.0,678.0,0,1.0,,False,False,True,True,True,True,True,True,True,True,True,True,False,False,False,0,100.0
"WS/MP18024/2025-2026/148296-Constructionofroads,linkroads,pathwaysoranyotherroadwithorwithoutdrainagesystem",Normal/Others,Assam,JORHAT,GAURAV GOGOI,CHARAIDEO(Deputy Commissioner Charaideo_IDA),"Construction of Bagarital Nahar Ali connecting road, Boruah Nagar, Midangpara, Milonjyoti GP",2024-10-18,200000,2025-05-16,200000,Work Completed,Sanctioned - Not Completed,,,,210,,468.0,678.0,0,1.0,,False,False,True,True,True,True,True,True,True,True,True,True,False,False,False,0,100.0
WS/MP18024/2025-2026/148297-Constructionofboundarywallsofexistingpublicandcommunitybuildings,Normal/Others,Assam,JORHAT,GAURAV GOGOI,CHARAIDEO(Deputy Commissioner Charaideo_IDA),"Construction of Boundary Wall 1 no Pachim Changmai Namghar, Nahar Phukhuri Changmai, Naharpukhuri GP",2024-10-18,200000,2025-05-16,200000,Work Completed,Sanctioned - Not Completed,,,,210,,468.0,678.0,0,1.0,,False,False,True,True,True,True,True,True,True,True,True,True,False,False,False,0,100.0
WS/MP18024/2025-2026/148298-Constructionofcommunitycentersandcommunityhalls,Normal/Others,Assam,JORHAT,GAURAV GOGOI,CHARAIDEO(Deputy Commissioner Charaideo_IDA),"Construction of Dhuniapathar Kala Kristi Kendra, 1 no Dhunia Pothar, Buraguri GP",2024-10-18,200000,2025-05-16,200000,Vendor Identification,Sanctioned - Not Completed,,,,210,,468.0,678.0,0,1.0,,False,False,True,True,True,True,True,True,True,True,True,True,False,False,False,0,100.0
WS/MP18024/2025-2026/148299-Constructionofcommunitycentersandcommunityhalls,Normal/Others,Assam,JORHAT,GAURAV GOGOI,CHARAIDEO(Deputy Commissioner Charaideo_IDA),"Construction of Community Centre near at Jaganath Mandir, Borhat, Panisakia Borpatra TE, Purbanchal GP",2024-10-18,200000,2025-05-16,200000,Vendor Identification,Sanctioned - Not Completed,,,,210,,468.0,678.0,0,1.0,,False,False,True,True,True,True,True,True,True,True,True,True,False,False,False,0,100.0
WS/MP18024/2025-2026/148300-Constructionofboundarywallsofexistingpublicandcommunitybuildings,Normal/Others,Assam,JORHAT,GAURAV GOGOI,CHARAIDEO(Deputy Commissioner Charaideo_IDA),"Construction of Boundary Wall of Majdulakakhara Sanskritik Kendra, Ouguri Shyam gaon, Lukhurakhon, Begenabari GP",2024-10-18,200000,2025-08-14,200000,Vendor Identification,Sanctioned - Not Completed,,,,300,,378.0,678.0,0,1.0,,False,False,True,True,True,True,True,True,True,True,True,True,False,False,False,0,100.0
WS/MP18024/2025-2026/148301-Constructionofcommunitycentersandcommunityhalls,Normal/Others,Assam,JORHAT,GAURAV GOGOI,CHARAIDEO(Deputy Commissioner Charaideo_IDA),"Construction of Community Centre Garkush Habi Gaon near Hari Mandir, Nagahat, Garkush Habi Gaon, Sonali GP",2024-10-18,200000,2025-05-16,200000,Physical Inspection,Sanctioned - Not Completed,,,,210,,468.0,678.0,0,1.0,,False,False,True,True,True,True,True,True,True,True,True,True,False,False,False,0,100.0
WS/MP18024/2025-2026/148302-Constructionofcommunitycentersandcommunityhalls,Normal/Others,Assam,JORHAT,GAURAV GOGOI,CHARAIDEO(Deputy Commissioner Charaideo_IDA),"Construction of Community Centre near at Lama Suk Siv Mandir, Borbaruakhat , 2 no Gorokhia Bam, Udoyushree GP",2024-10-18,200000,2025-05-16,200000,Vendor Identification,Sanctioned - Not Completed,,,,210,,468.0,678.0,0,1.0,,False,False,True,True,True,True,True,True,True,True,True,True,False,False,False,0,100.0
WS/MP18024/2025-2026/148303-Constructionofcommunitycentersandcommunityhalls,Normal/Others,Assam,JORHAT,GAURAV GOGOI,CHARAIDEO(Deputy Commissioner Charaideo_IDA),"Construction of Tai Sanskritik Kendra, Sapekhati, 1 no Kathia Kunda, Sapekhati GP",2024-10-18,200000,2025-05-16,200000,Work partially Completed,Sanctioned - Not Completed,,,,210,,468.0,678.0,0,1.0,,False,False,True,True,True,True,True,True,True,True,True,True,False,False,False,0,100.0
WS/MP18024/2025-2026/148304-Constructionofboundarywallsofexistingpublicandcommunitybuildings,Normal/Others,Assam,JORHAT,GAURAV GOGOI,CHARAIDEO(Deputy Commissioner Charaideo_IDA),"Construction of Boundary Wall Mahapurukhya Sanskritik Bikash Kendra, Begenabari, Aideu Bari Habi, Sarupather GP",2024-10-18,200000,2025-05-16,200000,Vendor Identification,Sanctioned - Not Completed,,,,210,,468.0,678.0,0,1.0,,False,False,True,True,True,True,True,True,True,True,True,True,False,False,False,0,100.0
WS/MP18024/2025-2026/148305-Constructionofcommunitycentersandcommunityhalls,Normal/Others,Assam,JORHAT,GAURAV GOGOI,CHARAIDEO(Deputy Commissioner Charaideo_IDA),"Construction of Banhbari Namghar, Dhuniapather, 1 no Hawfaw, Longpatia GP",2024-10-18,200000,2025-05-16,200000,Physical Inspection,Sanctioned - Not Completed,,,,210,,468.0,678.0,0,1.0,,False,False,True,True,True,True,True,True,True,True,True,True,False,False,False,0,100.0
WS/MP18024/2025-2026/148306-Constructionofcommunitycentersandcommunityhalls,Normal/Others,Assam,JORHAT,GAURAV GOGOI,CHARAIDEO(Deputy Commissioner Charaideo_IDA),"Construction of Rohan Gohain Gaon Puroni Namghar, 1 no Rohan Pather, Rohan GP",2024-10-18,199924,2025-05-16,199924,Physical Inspection,Sanctioned - Not Completed,,,,210,,468.0,678.0,0,1.0,,False,False,True,True,True,True,True,True,True,True,True,True,False,False,False,0,100.0
WS/MP18024/2025-2026/148307-Constructionofcommunitycentersandcommunityhalls,Normal/Others,Assam,JORHAT,GAURAV GOGOI,CHARAIDEO(Deputy Commissioner Charaideo_IDA),"Construction of Community Centre near at Kanubari Bagan Siva Mandir, Bhugbari, Kanubari Bagan, Haridev GP",2024-10-18,200000,2025-08-14,200000,Vendor Identification,Sanctioned - Not Completed,,,,300,,378.0,678.0,0,1.0,,False,False,True,True,True,True,True,True,True,True,True,True,False,False,False,0,100.0
WS/MP18024/2025-2026/148308-Constructionofboundarywallsofexistingpublicandcommunitybuildings,Normal/Others,Assam,JORHAT,GAURAV GOGOI,CHARAIDEO(Deputy Commissioner Charaideo_IDA),"Construction of Boundary Wall at Moranhabi Bor Namghar, Nagahat, Michajan Gohain Gaon, Ahukhat GP",2024-10-18,200000,2025-05-16,200000,Work Completed,Sanctioned - Not Completed,,,,210,,468.0,678.0,0,1.0,,False,False,True,True,True,True,True,True,True,True,True,True,False,False,False,0,100.0
WS/MP18024/2025-2026/148519-Constructionofboundarywallsofexistingpublicandcommunitybuildings,Normal/Others,Assam,JORHAT,GAURAV GOGOI,CHARAIDEO(Deputy Commissioner Charaideo_IDA),"Construction of Bor Namghar Boundary Fencing from Deogharia, Rangali, Udaypur GP",2024-10-19,200000,2025-06-03,200000,Vendor Identification,Sanctioned - Not Completed,,,,227,,450.0,677.0,0,1.0,,False,False,True,True,True,True,True,True,True,True,True,True,False,False,False,0,100.0
"WS/MP18024/2025-2026/148520-Constructionofroads,linkroads,pathwaysoranyotherroadwithorwithoutdrainagesystem",Normal/Others,Assam,JORHAT,GAURAV GOGOI,CHARAIDEO(Deputy Commissioner Charaideo_IDA),"Upgradation of Road from Japidhora Pion Road to Bhojo bridge, Kakotibari, Japidhora Gaon, Bhoralipukhuri GP",2024-10-19,200000,2025-06-03,200000,Vendor Identification,Sanctioned - Not Completed,,,,227,,450.0,677.0,0,1.0,,False,False,True,True,True,True,True,True,True,True,True,True,False,False,False,0,100.0
WS/MP18024/2025-2026/148521-Constructionofcommunitycentersandcommunityhalls,Normal/Others,Assam,JORHAT,GAURAV GOGOI,CHARAIDEO(Deputy Commissioner Charaideo_IDA),"Roof cast with G.C.I. Sheet Borchahaki Stage Making, Moranjan, Kharhgaria Deodhai, Doba GP",2024-10-19,200000,2025-06-03,200000,Vendor Identification,Sanctioned - Not Completed,,,,227,,450.0,677.0,0,1.0,,False,False,True,True,True,True,True,True,True,True,True,True,False,False,False,0,100.0
WS/MP18024/2025-2026/148522-Constructionofcommunitycentersandcommunityhalls,Normal/Others,Assam,JORHAT,GAURAV GOGOI,CHARAIDEO(Deputy Commissioner Charaideo_IDA),"Construction of Janghal Block Mishing Namghar, Kachumari, Janghal Block, Bordoba GP",2024-10-19,250000,2025-06-03,250000,Vendor Identification,Sanctioned - Not Completed,,,,227,,450.0,677.0,0,1.0,,False,False,True,True,True,True,True,True,True,True,True,True,False,False,False,0,100.0
WS/MP18024/2025-2026/148523-Constructionofcommunitycentersandcommunityhalls,Normal/Others,Assam,JORHAT,GAURAV GOGOI,CHARAIDEO(Deputy Commissioner Charaideo_IDA),"Paving and earthwork of floor of Bishrampur weekly Market House, Lukhurakhan Bishrampu, Milan GP",2024-10-19,200000,2025-06-03,200000,Vendor Identification,Sanctioned - Not Completed,,,,227,,450.0,677.0,0,1.0,,False,False,True,True,True,True,True,True,True,True,True,True,False,False,False,0,100.0
"WS/MP18024/2025-2026/148524-Constructionofroads,linkroads,pathwaysoranyotherroadwithorwithoutdrainagesystem",Normal/Others,Assam,JORHAT,GAURAV GOGOI,CHARAIDEO(Deputy Commissioner Charaideo_IDA),"Upgradation of Domar Dolong 3 No. line Road, Sepon, Domar Dolong, Sepon GP",2024-10-19,200000,2025-06-03,200000,Vendor Identification,Sanctioned - Not Completed,,,,227,,450.0,677.0,0,1.0,,False,False,True,True,True,True,True,True,True,True,True,True,False,False,False,0,100.0
WS/MP18024/2025-2026/148525-Constructionofboundarywallsofexistingpublicandcommunitybuildings,Normal/Others,Assam,JORHAT,GAURAV GOGOI,CHARAIDEO(Deputy Commissioner Charaideo_IDA),"Construction of 1 No. Chengelimora Namghar Boundary Wall, Bonamali, Buragohainbari, Desangpani GP",2024-10-19,200000,2025-06-03,200000,Vendor Identification,Sanctioned - Not Completed,,,,227,,450.0,677.0,0,1.0,,False,False,True,True,True,True,True,True,True,True,True,True,False,False,False,0,100.0
"WS/MP18024/2025-2026/148526-Constructionofroads,linkroads,pathwaysoranyotherroadwithorwithoutdrainagesystem",Normal/Others,Assam,JORHAT,GAURAV GOGOI,CHARAIDEO(Deputy Commissioner Charaideo_IDA),"Upgradation of Road from Pohuchungi Gaon to Pohuchungi Pathar, Timon, Pohuchung Gaon, Kakotibari GP",2024-10-19,200000,2025-06-03,200000,Vendor Identification,Sanctioned - Not Completed,,,,227,,450.0,677.0,0,1.0,,False,False,True,True,True,True,True,True,True,True,True,True,False,False,False,0,100.0
WS/MP18024/2025-2026/148527-Constructionofcommunitycentersandcommunityhalls,Normal/Others,Assam,JORHAT,GAURAV GOGOI,CHARAIDEO(Deputy Commissioner Charaideo_IDA),"Construction of East Lai Cheng Sarbojanin Namghar, Nizkhaloighugura GP",2024-10-19,200000,2025-06-03,200000,Vendor Identification,Sanctioned - Not Completed,,,,227,,450.0,677.0,0,1.0,,False,False,True,True,True,True,True,True,True,True,True,True,False,False,False,0,100.0
WS/MP18024/2025-2026/149798-Crematoriums/energyefficientcrematoriumsorstructuresonburial/cremationground,Normal/Others,Assam,JORHAT,GAURAV GOGOI,CHARAIDEO(Deputy Commissioner Charaideo_IDA),"Construction of 1 No. Khumtai Kabarsthan Boundary Wall 14400 Sq Ft., Moranhat, Khumtai Bagan, Sarbudoy GP",2024-10-29,250000,2025-06-03,250000,Vendor Identification,Sanctioned - Not Completed,,,,217,,450.0,667.0,0,1.0,,False,False,True,True,True,True,True,True,True,True,True,True,False,False,False,0,100.0
WS/MP410/2024-2025/139571-Constructionofculvertsandbridges,Normal/Others,Assam,LAKHIMPUR,Pradan Baruah,DHEMAJI(DEPUTY COMMISSIONER DHEMAJI_IDA),"Construction of Temporary Iron Bridge at Kemi River under MPLADS, for the year 2024-25",2024-09-07,3600000,2025-03-19,3600000,Work partially Completed,Sanctioned - Not Completed,,,,193,,526.0,719.0,0,1.0,,False,False,True,True,True,True,True,True,True,True,True,True,False,False,False,0,100.0
WS/MP410/2024-2025/146770-Constructionofcommunitycentersandcommunityhalls,Normal/Others,Assam,LAKHIMPUR,Pradan Baruah,LAKHIMPUR(DEPUTY COMMISSIONER LAKHIMPUR_IDA),"Adivashi Kristi Vikash Kendra Rangamanch, GP & Dev. Block- Boginadi, Lakhimpur LAC",2024-10-11,500000,2025-02-24,500000,Work partially Completed,Sanctioned - Not Completed,,,,136,,549.0,685.0,0,1.0,,False,False,True,True,True,True,True,True,True,True,True,True,False,False,False,0,100.0
WS/MP410/2024-2025/146771-Constructionofcommunitycentersandcommunityhalls,Normal/Others,Assam,LAKHIMPUR,Pradan Baruah,LAKHIMPUR(DEPUTY COMMISSIONER LAKHIMPUR_IDA),"Kaoimari Gorkha Kriisti Bhawan, No.1 Kaoimari, PO- Badhakora, Lakhimpur LAC",2024-10-11,500000,2025-02-24,500000,Vendor Identification,Sanctioned - Not Completed,,,,136,,549.0,685.0,0,1.0,,False,False,True,True,True,True,True,True,True,True,True,True,False,False,False,0,100.0
WS/MP410/2024-2025/146772-Constructionofcommunitycentersandcommunityhalls,Normal/Others,Assam,LAKHIMPUR,Pradan Baruah,LAKHIMPUR(DEPUTY COMMISSIONER LAKHIMPUR_IDA),Namoni Dorge Ujani Khanda Yuvak Sangha u Rangamancha,2024-10-11,500000,2025-02-24,500000,Work partially Completed,Sanctioned - Not Completed,,,,136,,549.0,685.0,0,1.0,,False,False,True,True,True,True,True,True,True,True,True,True,False,False,False,0,100.0
WS/MP410/2024-2025/146773-Constructionofcommunitycentersandcommunityhalls,Normal/Others,Assam,LAKHIMPUR,Pradan Baruah,LAKHIMPUR(DEPUTY COMMISSIONER LAKHIMPUR_IDA),No.2 Goroimari Chuburi Rangamancha,2024-10-11,500000,2025-02-24,500000,Vendor Identification,Sanctioned - Not Completed,,,,136,,549.0,685.0,0,1.0,,False,False,True,True,True,True,True,True,True,True,True,True,False,False,False,0,100.0
WS/MP410/2024-2025/146775-Constructionofcommunitycentersandcommunityhalls,Normal/Others,Assam,LAKHIMPUR,Pradan Baruah,LAKHIMPUR(DEPUTY COMMISSIONER LAKHIMPUR_IDA),Dirgha Anchalik Rangamancha,2024-10-11,1000000,2025-02-24,1000000,Vendor Identification,Sanctioned - Not Completed,,,,136,,549.0,685.0,0,1.0,,False,False,True,True,True,True,True,True,True,True,True,True,False,False,False,0,100.0
WS/MP410/2024-2025/146776-Constructionofcommunitycentersandcommunityhalls,Normal/Others,Assam,LAKHIMPUR,Pradan Baruah,LAKHIMPUR(DEPUTY COMMISSIONER LAKHIMPUR_IDA),Lachit Sangha,2024-10-11,500000,2025-02-24,500000,Vendor Identification,Sanctioned - Not Completed,,,,136,,549.0,685.0,0,1.0,,False,False,True,True,True,True,True,True,True,True,True,True,False,False,False,0,100.0
WS/MP410/2024-2025/146777-Crematoriums/energyefficientcrematoriumsorstructuresonburial/cremationground,Normal/Others,Assam,LAKHIMPUR,Pradan Baruah,LAKHIMPUR(DEPUTY COMMISSIONER LAKHIMPUR_IDA),Kadam Kachari Gaon Cremation Ground,2024-10-11,500000,2025-02-20,500000,Vendor Identification,Sanctioned - Not Completed,,,,132,,553.0,685.0,0,1.0,,False,False,True,True,True,True,True,True,True,True,True,True,False,False,False,0,100.0
WS/MP410/2024-2025/146778-Constructionofcommunitycentersandcommunityhalls,Normal/Others,Assam,LAKHIMPUR,Pradan Baruah,LAKHIMPUR(DEPUTY COMMISSIONER LAKHIMPUR_IDA),Na- Ali Community Hall,2024-10-11,500000,2025-02-24,500000,Vendor Identification,Sanctioned - Not Completed,,,,136,,549.0,685.0,0,1.0,,False,False,True,True,True,True,True,True,True,True,True,True,False,False,False,0,100.0
WS/MP410/2024-2025/146779-Constructionofcommunitycentersandcommunityhalls,Normal/Others,Assam,LAKHIMPUR,Pradan Baruah,LAKHIMPUR(DEPUTY COMMISSIONER LAKHIMPUR_IDA),Beharabasti Rangamancha,2024-10-11,500000,2025-02-24,500000,Vendor Identification,Sanctioned - Not Completed,,,,136,,549.0,685.0,0,1.0,,False,False,True,True,True,True,True,True,True,True,True,True,False,False,False,0,100.0
WS/MP410/2024-2025/146780-Constructionofcommunitycentersandcommunityhalls,Normal/Others,Assam,LAKHIMPUR,Pradan Baruah,LAKHIMPUR(DEPUTY COMMISSIONER LAKHIMPUR_IDA),"Const. of community hall at Namoni Gamchuk Gaon, Pub Telahi GP",2024-10-11,300000,2025-01-02,300000,Vendor Identification,Sanctioned - Not Completed,,,,83,,602.0,685.0,0,1.0,,False,False,True,True,True,True,True,True,True,True,True,True,False,False,False,0,100.0
"WS/MP410/2024-2025/148379-Constructionofroomsandfacilitiesforhospitals,FWC,PHCCentersandANMcenters",Repair and Renovation,Assam,LAKHIMPUR,Pradan Baruah,DHEMAJI(DEPUTY COMMISSIONER DHEMAJI_IDA),"Rennovation of Dekapam PHC, Jonai LAC under MPLAD, FY 2024-25",2024-10-19,1000000,2025-03-28,1000000,Work Completed,Sanctioned - Not Completed,,,,160,,517.0,677.0,0,1.0,,False,False,True,True,True,True,True,True,True,True,True,True,False,False,False,0,100.0
WS/MP410/2025-2026/148375-Constructionofcommunitycentersandcommunityhalls,Normal/Others,Assam,LAKHIMPUR,Pradan Baruah,DHEMAJI(DEPUTY COMMISSIONER DHEMAJI_IDA),"Const. of community hall of Puhor (CLF), Jonai LAC under MPLAD, FY 2024-25",2024-10-19,1000000,2025-07-18,1000000,Vendor Identification,Sanctioned - Not Completed,,,,272,,405.0,677.0,0,1.0,,False,False,True,True,True,True,True,True,True,True,True,True,False,False,False,0,100.0
WS/MP410/2025-2026/148376-Constructionofcommunitycentersandcommunityhalls,Normal/Others,Assam,LAKHIMPUR,Pradan Baruah,DHEMAJI(DEPUTY COMMISSIONER DHEMAJI_IDA),"Const. of community hall of Doksiri (CLF), Jonai LAC under MPLAD, FY 2024-25",2024-10-19,1000000,2025-07-29,1000000,Vendor Identification,Sanctioned - Not Completed,,,,283,,394.0,677.0,0,1.0,,False,False,True,True,True,True,True,True,True,True,True,True,False,False,False,0,100.0
"WS/MP410/2025-2026/148377-Constructionofroomsandfacilitiesforhospitals,FWC,PHCCentersandANMcenters",Repair and Renovation,Assam,LAKHIMPUR,Pradan Baruah,DHEMAJI(DEPUTY COMMISSIONER DHEMAJI_IDA),"Rennovation of Ramdhan PHC, Jonai LAC under MPLAD, FY 2024-25",2024-10-19,1000000,2025-06-03,1000000,Vendor Identification,Sanctioned - Not Completed,,,,227,,450.0,677.0,0,1.0,,False,False,True,True,True,True,True,True,True,True,True,True,False,False,False,0,100.0
"WS/MP410/2025-2026/148378-Constructionofroomsandfacilitiesforhospitals,FWC,PHCCentersandANMcenters",Repair and Renovation,Assam,LAKHIMPUR,Pradan Baruah,DHEMAJI(DEPUTY COMMISSIONER DHEMAJI_IDA),"Rennovation of Bijoypur PHC, Jonai LAC under MPLAD, FY 2024-25",2024-10-19,1000000,2025-05-27,1000000,Vendor Identification,Sanctioned - Not Completed,,,,220,,457.0,677.0,0,1.0,,False,False,True,True,True,True,True,True,True,True,True,True,False,False,False,0,100.0
WS/MP410/2025-2026/148380-Constructionofcommunitycentersandcommunityhalls,Normal/Others,Assam,LAKHIMPUR,Pradan Baruah,DHEMAJI(DEPUTY COMMISSIONER DHEMAJI_IDA),"Const. of office building of Jonai Bar Association, Jonai LAC under MPLAD, FY 2024-25",2024-10-19,1000000,2025-08-18,1000000,Vendor Identification,Sanctioned - Not Completed,,,,303,,374.0,677.0,0,1.0,,False,False,True,True,True,True,True,True,True,True,True,True,False,False,False,0,100.0
WS/MP541/2024-2025/153173-Constructionofcommunitycentersandcommunityhalls,Normal/Others,Assam,NOWGONG,Pradyut Bordoloi,MARIGAON(District Development Commissioner Morigaon),"Construction of Congregation hall (Boikhunthadham) for Morigaon Zilla Kendriya Bhagawat Charcha Committee, Bakorigaon.",2024-11-19,500000,2025-03-10,500000,Vendor Identification,Sanctioned - Not Completed,,,,111,,535.0,646.0,0,1.0,,False,False,True,True,True,True,True,True,True,True,True,True,False,False,False,0,100.0
WS/MP541/2024-2025/153178-Constructionofcommonworksheds/commoncoveredsittingarea,Normal/Others,Assam,NOWGONG,Pradyut Bordoloi,MARIGAON(District Development Commissioner Morigaon),"Construction of waiting shed at Ghuligaon Samshan, Ghagua GP Jagiroad",2024-11-19,500000,2025-03-26,500000,Work partially Completed,Sanctioned - Not Completed,,,,127,,519.0,646.0,0,1.0,,False,False,True,True,True,True,True,True,True,True,True,True,False,False,False,0,100.0
WS/MP541/2024-2025/153186-Constructionofcommunitycentersandcommunityhalls,Normal/Others,Assam,NOWGONG,Pradyut Bordoloi,MARIGAON(District Development Commissioner Morigaon),"Construction of community hall at Niz-govardhar Garo gaon play ground, Jagiroad",2024-11-19,500000,2025-03-26,500000,Work partially Completed,Sanctioned - Not Completed,,,,127,,519.0,646.0,0,1.0,,False,False,True,True,True,True,True,True,True,True,True,True,False,False,False,0,100.0
WS/MP541/2025-2026/141493-Constructionofboundarywallsofexistingpublicandcommunitybuildings,Normal/Others,Assam,NOWGONG,Pradyut Bordoloi,NAGAON(DEPUTY COMMISSIONER NOWGONG_IDA),"Extention of boundary wall at 2 No. Bhatiakhali Milon Eidgah near Jamir Tiniali, 2 No. Bhatikhali GP Bhatiakhali",2024-12-02,200000,2026-02-05,200000,Vendor Identification,Sanctioned - Not Completed,,,,430,,203.0,633.0,0,1.0,,False,False,True,True,True,True,True,True,True,True,True,True,False,False,False,0,100.0
WS/MP541/2025-2026/141494-Constructionofboundarywallsofexistingpublicandcommunitybuildings,Normal/Others,Assam,NOWGONG,Pradyut Bordoloi,NAGAON(DEPUTY COMMISSIONER NOWGONG_IDA),"Extention of boundary wall at Kathpara ME School, Kathpara GP",2024-12-02,200000,2026-01-20,200000,Vendor Identification,Sanctioned - Not Completed,,,,414,,219.0,633.0,0,1.0,,False,False,True,True,True,True,True,True,True,True,True,True,False,False,False,0,100.0
WS/MP541/2025-2026/141496-Constructionofboundarywallsofexistingpublicandcommunitybuildings,Normal/Others,Assam,NOWGONG,Pradyut Bordoloi,NAGAON(DEPUTY COMMISSIONER NOWGONG_IDA),"Construction of boundary wall at Pachim Singimari Bir Lachit L.P. School, Singimari GP",2024-12-02,200000,2026-01-20,200000,Vendor Identification,Sanctioned - Not Completed,,,,414,,219.0,633.0,0,1.0,,False,False,True,True,True,True,True,True,True,True,True,True,False,False,False,0,100.0
WS/MP541/2025-2026/147184-Constructionofcommunitycentersandcommunityhalls,Normal/Others,Assam,NOWGONG,Pradyut Bordoloi,NAGAON(DEPUTY COMMISSIONER NOWGONG_IDA),"Construction of Community Hall at 5 no Gagamukh near Durani Masjid. Bhurbandha,G.P Laukhowa Block",2024-10-14,200000,2026-02-03,200000,Vendor Identification,Sanctioned - Not Completed,,,,477,,205.0,682.0,0,1.0,,False,False,True,True,True,True,True,True,True,True,True,True,False,False,False,0,100.0
WS/MP541/2025-2026/153174-Constructionofcommunitycentersandcommunityhalls,Normal/Others,Assam,NOWGONG,Pradyut Bordoloi,MARIGAON(District Development Commissioner Morigaon),Construction of Ranga Mancha and Rabha ghar at Baghjap,2024-11-19,500000,2025-04-02,500000,Work partially Completed,Sanctioned - Not Completed,,,,134,,512.0,646.0,0,1.0,,False,False,True,True,True,True,True,True,True,True,True,True,False,False,False,0,100.0
"WS/MP541/2025-2026/153175-Constructionofroads,linkroads,pathwaysoranyotherroadwithorwithoutdrainagesystem",Normal/Others,Assam,NOWGONG,Pradyut Bordoloi,MARIGAON(District Development Commissioner Morigaon),"Construction of CC block road from Akbar Ali house to Hara pathar Masjid, Ward No.7",2024-11-19,700000,2025-11-10,700000,Vendor Identification,Sanctioned - Not Completed,,,,356,,290.0,646.0,0,1.0,,False,False,True,True,True,True,True,True,True,True,True,True,False,False,False,0,100.0
WS/MP541/2025-2026/153177-Constructionofbuildingsforcommunityculturalactivities,Normal/Others,Assam,NOWGONG,Pradyut Bordoloi,MARIGAON(District Development Commissioner Morigaon),"Construction of Cultural Centre for Nath Jogi Sanmilani, Lothabori",2024-11-19,500000,2025-12-24,500000,Vendor Identification,Sanctioned - Not Completed,,,,400,,246.0,646.0,0,1.0,,False,False,True,True,True,True,True,True,True,True,True,True,False,False,False,0,100.0
WS/MP541/2025-2026/153182-Constructionofboundarywallsofexistingpublicandcommunitybuildings,Normal/Others,Assam,NOWGONG,Pradyut Bordoloi,MARIGAON(District Development Commissioner Morigaon),"Construction of boundary wall for Burhaburhi Secondary school, Mayong, Jagiroad",2024-11-19,500000,2025-06-20,500000,Work partially Completed,Sanctioned - Not Completed,,,,213,,433.0,646.0,0,1.0,,False,False,True,True,True,True,True,True,True,True,True,True,False,False,False,0,100.0
WS/MP541/2025-2026/153183-Constructionofcommunitycentersandcommunityhalls,Normal/Others,Assam,NOWGONG,Pradyut Bordoloi,MARIGAON(District Development Commissioner Morigaon),"Construction of cultural room at Na-khula Bor-namghar, NaKhula Gaon, Jagiroad",2024-11-19,300000,2025-07-25,300000,Vendor Identification,Sanctioned - Not Completed,,,,248,,398.0,646.0,0,1.0,,False,False,True,True,True,True,True,True,True,True,True,True,False,False,False,0,100.0
WS/MP541/2025-2026/153185-Constructionofcommunitycentersandcommunityhalls,Normal/Others,Assam,NOWGONG,Pradyut Bordoloi,MARIGAON(District Development Commissioner Morigaon),"Construction of baatchora and floor for Tapola Sankori Kala Kristi Namghar, Morigaon",2024-11-19,500000,2025-04-01,500000,Work partially Completed,Sanctioned - Not Completed,,,,133,,513.0,646.0,0,1.0,,False,False,True,True,True,True,True,True,True,True,True,True,False,False,False,0,100.0
WS/MP541/2025-2026/153187-Constructionofcommunitycentersandcommunityhalls,Normal/Others,Assam,NOWGONG,Pradyut Bordoloi,MARIGAON(District Development Commissioner Morigaon),"Construction of community hall at Gaurakh Nath Sanskriti Prakalpa, Machkhowa, Jaluguti",2024-11-19,1000000,2025-04-03,1000000,Work partially Completed,Sanctioned - Not Completed,,,,135,,511.0,646.0,0,1.0,,False,False,True,True,True,True,True,True,True,True,True,True,False,False,False,0,100.0
WS/MP541/2025-2026/153672-Constructionofbuildingsforcommunityculturalactivities,Normal/Others,Assam,NOWGONG,Pradyut Bordoloi,MARIGAON(District Development Commissioner Morigaon),"Construction of cultural activities house at Pub Habi Barangabari Rakh Mandir, GP-Habibarabgabari",2024-11-21,1000000,2025-04-02,1000000,Work partially Completed,Sanctioned - Not Completed,,,,132,,512.0,644.0,0,1.0,,False,False,True,True,True,True,True,True,True,True,True,True,False,False,False,0,100.0
"WS/MP541/2025-2026/153673-PurchaseofITsystems,includinghardwareandsoftwareforeducationalpurposes",Normal/Others,Assam,NOWGONG,Pradyut Bordoloi,MARIGAON(District Development Commissioner Morigaon),"Construction of Digital Knowledge Centre for Konpai Bordoloi College, Borsila, Morigaon",2024-11-21,1000000,2025-07-29,1000000,Vendor Identification,Sanctioned - Not Completed,,,,250,,394.0,644.0,0,1.0,,False,False,True,True,True,True,True,True,True,True,True,True,False,False,False,0,100.0
WS/MP541/2025-2026/153674-Streetlights,Normal/Others,Assam,NOWGONG,Pradyut Bordoloi,MARIGAON(District Development Commissioner Morigaon),Installation of 10 nos. of Solar Light at Charan Beel water  sports facilities park.,2024-11-21,260000,2025-11-25,260000,Vendor Identification,Sanctioned - Not Completed,,,,369,,275.0,644.0,0,1.0,,False,False,True,True,True,True,True,True,True,True,True,True,False,False,False,0,100.0
WS/MP541/2025-2026/153677-Crematoriums/energyefficientcrematoriumsorstructuresonburial/cremationground,Normal/Others,Assam,NOWGONG,Pradyut Bordoloi,MARIGAON(District Development Commissioner Morigaon),"Development of Malo Community Cremation ground at Basnaghat, Ward No.10, Morigaon",2024-11-21,300000,2025-09-06,300000,Vendor Identification,Sanctioned - Not Completed,,,,289,,355.0,644.0,0,1.0,,False,False,True,True,True,True,True,True,True,True,True,True,False,False,False,0,100.0
WS/MP541/2026-2027/141491-Constructionofpubliclibrariesandreadingrooms,Repair and Renovation,Assam,NOWGONG,Pradyut Bordoloi,NAGAON(DEPUTY COMMISSIONER NOWGONG_IDA),"Repairing of public reading room at Dakhin Solmari near Subahi Muktab, Magurmari GP.",2024-12-02,200000,2026-08-05,200000,Sanction,Sanctioned - Not Completed,,,,611,,22.0,633.0,0,1.0,,False,False,True,True,True,True,True,True,True,True,True,True,False,False,False,0,100.0
WS/MP541/2026-2027/141492-Constructionofcommunitycentersandcommunityhalls,Normal/Others,Assam,NOWGONG,Pradyut Bordoloi,NAGAON(DEPUTY COMMISSIONER NOWGONG_IDA),"Construction of community hall at Uttar Potakalang Bashah Bazar near Ramjan Ali house, Ambagan GP",2024-12-02,200000,2026-07-16,200000,Vendor Identification,Sanctioned - Not Completed,,,,591,,42.0,633.0,0,1.0,,False,False,True,True,True,True,True,True,True,True,True,True,False,False,False,0,100.0
WS/MP541/2026-2027/141495-Constructionofcommunitycentersandcommunityhalls,Normal/Others,Assam,NOWGONG,Pradyut Bordoloi,NAGAON(DEPUTY COMMISSIONER NOWGONG_IDA),"Construction of community hall at 5 No. Bogamukh near Abdul Hekim house, Bhurbandha GP",2024-12-02,200000,2026-07-17,200000,Vendor Identification,Sanctioned - Not Completed,,,,592,,41.0,633.0,0,1.0,,False,False,True,True,True,True,True,True,True,True,True,True,False,False,False,0,100.0
WS/MP541/2026-2027/141501-Constructionofcommunitycentersandcommunityhalls,Normal/Others,Assam,NOWGONG,Pradyut Bordoloi,NAGAON(DEPUTY COMMISSIONER NOWGONG_IDA),"Construction of community hall at Geruamukh, Khatowal GP",2024-12-02,200000,2026-07-17,200000,Sanction,Sanctioned - Not Completed,,,,592,,41.0,633.0,0,1.0,,False,False,True,True,True,True,True,True,True,True,True,True,False,False,False,0,100.0
"WS/MP005/2024-2025/145074-Constructionofroads,linkroads,pathwaysoranyotherroadwithorwithoutdrainagesystem",Normal/Others,Gujarat,KHEDA,Devusinh Jesingbhai Chauhan,Ahmedabad(DISTRICT COLLECTOR AHMADABAD_IDA),"Construction of C.C Road at Bhalan Para Vistar, Keshaji Mangaji House towards Dasrathbhai Somabhai House",2024-10-01,450000,2025-03-29,450000,Physical Inspection,Completed,2025-04-15,450000.0,Images,179,17.0,,196.0,0,1.0,1.0,True,True,True,True,True,True,True,True,True,True,True,True,False,False,False,1,100.0
"WS/MP18056/2024-2025/141631-Constructionofroads,linkroads,pathwaysoranyotherroadwithorwithoutdrainagesystem",Normal/Others,Gujarat,RAJKOT,PARSHOTTAMBHAI RUPALA,RAJKOT(DISTRICT COLLECTOR RAJKOT_IDA),Pavar Block work from Arkot Santhali Road to Primary Taluka School,2024-09-19,500000,2025-01-04,500000,Physical Inspection,Completed,2025-04-01,500000.0,Images,107,87.0,,194.0,0,1.0,1.0,True,True,True,True,True,True,True,True,True,True,True,True,False,False,False,1,100.0
"WS/MP18056/2024-2025/141638-Constructionofroads,linkroads,pathwaysoranyotherroadwithorwithoutdrainagesystem",Normal/Others,Gujarat,RAJKOT,PARSHOTTAMBHAI RUPALA,RAJKOT(DISTRICT COLLECTOR RAJKOT_IDA),Pavar Block work at Main Bazar in Village Gundala (Jam),2024-09-19,500000,2025-01-04,500000,Physical Inspection,Completed,2025-06-21,500000.0,Images,107,168.0,,275.0,0,1.0,1.0,True,True,True,True,True,True,True,True,True,True,True,True,False,False,False,1,100.0
"WS/MP18056/2024-2025/141640-Constructionofroads,linkroads,pathwaysoranyotherroadwithorwithoutdrainagesystem",Normal/Others,Gujarat,RAJKOT,PARSHOTTAMBHAI RUPALA,MORBI(District collector Morbi_IDA),Pavar Block work from Mahendrasinh Devubha House to Meldi Mataji Temple at Village Neknam,2024-09-19,500000,2024-12-20,500000,Physical Inspection,Completed,2025-01-28,500000.0,Images,92,39.0,,131.0,0,1.0,1.0,True,True,True,True,True,True,True,True,True,True,True,True,False,False,False,1,100.0
"WS/MP18321/2024-2025/140088-Purchaseofprosthetics,wheelchairs,tricycles(manualormotorized),electscooties,hearingaids",Normal/Others,Gujarat,SABARKANTHA,SHOBHANABEN MAHENDRASINH BARAIYA,SABAR KANTHA(DISTRICT COLLECTOR SABARKANTHA_IDA),Purchase of Equipment Hearing Aids for Deaf And Dump Children  At word No 6 School,2024-09-09,1296000,2024-09-12,1296000,Physical Inspection,Completed,2025-07-03,1296000.0,Images,3,294.0,,297.0,0,1.0,1.0,True,True,True,True,True,True,True,True,True,True,True,True,False,False,False,1,100.0
"WS/MP18321/2024-2025/143692-Constructionofroads,linkroads,pathwaysoranyotherroadwithorwithoutdrainagesystem",Normal/Others,Gujarat,SABARKANTHA,SHOBHANABEN MAHENDRASINH BARAIYA,SABAR KANTHA(DISTRICT COLLECTOR SABARKANTHA_IDA),Construction of a road leading to the study center of Rabari Samaj from the state road from Talod to Wakatapur at Mahiyal village.,2024-09-25,300000,2024-11-20,300000,Physical Inspection,Completed,2025-08-08,300000.0,Images,56,261.0,,317.0,0,1.0,1.0,True,True,True,True,True,True,True,True,True,True,True,True,False,False,False,1,100.0
"WS/MP18321/2024-2025/149053-Constructionofroads,linkroads,pathwaysoranyotherroadwithorwithoutdrainagesystem",Normal/Others,Gujarat,SABARKANTHA,SHOBHANABEN MAHENDRASINH BARAIYA,SABAR KANTHA(DISTRICT COLLECTOR SABARKANTHA_IDA),Construction Work on CC Road at Bakshipanch Faliya At Navalpur village,2024-10-22,500000,2024-12-13,500000,Physical Inspection,Completed,2025-08-08,500000.0,Images,52,238.0,,290.0,0,1.0,1.0,True,True,True,True,True,True,True,True,True,True,True,True,False,False,False,1,100.0
"WS/MP18321/2024-2025/152527-Constructionofroads,linkroads,pathwaysoranyotherroadwithorwithoutdrainagesystem",Normal/Others,Gujarat,SABARKANTHA,SHOBHANABEN MAHENDRASINH BARAIYA,SABAR KANTHA(DISTRICT COLLECTOR SABARKANTHA_IDA),Mathasuliya village Construction of  C.C road Harsiddhi  Mataji mandir to vasahat,2024-11-14,200000,2025-01-06,200000,Physical Inspection,Completed,2025-08-04,200000.0,Images,53,210.0,,263.0,0,1.0,1.0,True,True,True,True,True,True,True,True,True,True,True,True,False,False,False,1,100.0
WS/MP18321/2024-2025/152533-Constructionofcommonworksheds/commoncoveredsittingarea,Normal/Others,Gujarat,SABARKANTHA,SHOBHANABEN MAHENDRASINH BARAIYA,SABAR KANTHA(DISTRICT COLLECTOR SABARKANTHA_IDA),Shed work near Ramdevpir temple at Lalpur (Vavadi) village of Himmatnagar taluka,2024-11-14,250000,2025-01-06,250000,Physical Inspection,Completed,2025-08-07,250000.0,Images,53,213.0,,266.0,0,1.0,1.0,True,True,True,True,True,True,True,True,True,True,True,True,False,False,False,1,100.0
"WS/MP18321/2024-2025/152534-Constructionofroads,linkroads,pathwaysoranyotherroadwithorwithoutdrainagesystem",Normal/Others,Gujarat,SABARKANTHA,SHOBHANABEN MAHENDRASINH BARAIYA,SABAR KANTHA(DISTRICT COLLECTOR SABARKANTHA_IDA),Paver block work near vadi at Salatpur village of Talod taluka,2024-11-14,500000,2025-01-18,500000,Physical Inspection,Completed,2025-08-08,500000.0,Images,65,202.0,,267.0,0,1.0,1.0,True,True,True,True,True,True,True,True,True,True,True,True,False,False,False,1,100.0
WS/MP18321/2024-2025/152554-Improvementofelectricitydistributioninfrastructure,Normal/Others,Gujarat,SABARKANTHA,SHOBHANABEN MAHENDRASINH BARAIYA,ARVALLI(DISTRICT COLLECTOR ARVALLI_IDA),Work of electrician at Panch Muwada Uttarbuniyadi Vidyalaya at Indran village,2024-11-14,250000,2025-02-06,250000,Physical Inspection,Completed,2025-03-13,250000.0,,84,35.0,,119.0,0,1.0,1.0,True,True,True,True,True,True,True,True,True,True,True,True,False,False,False,1,92.9
"WS/MP18321/2024-2025/152556-Constructionofroads,linkroads,pathwaysoranyotherroadwithorwithoutdrainagesystem",Normal/Others,Gujarat,SABARKANTHA,SHOBHANABEN MAHENDRASINH BARAIYA,ARVALLI(DISTRICT COLLECTOR ARVALLI_IDA),Construction  CC Road work  to Naranbhai Maknabhai Patel's house at Antisara village.,2024-11-14,500000,2024-12-30,500000,Work Completed,Completed,2025-03-03,500000.0,,46,63.0,,109.0,0,1.0,1.0,True,False,True,True,True,True,True,True,True,True,True,True,False,False,False,0,92.9
"WS/MP18324/2024-2025/151483-Constructionofroads,linkroads,pathwaysoranyotherroadwithorwithoutdrainagesystem",Normal/Others,Gujarat,AMRELI,BHARATBHAI MANUBHAI SUTARIYA,AMRELI(DISTRICT COLLECTOR AMRELI_IDA),Work on block paving road in Nanudi village,2024-11-08,300000,2025-01-18,300000,Physical Inspection,Completed,2025-07-31,300000.0,,71,194.0,,265.0,0,1.0,1.0,True,True,True,True,True,True,True,True,True,True,True,True,False,False,False,1,92.9
"WS/MP18324/2024-2025/151484-Constructionofroads,linkroads,pathwaysoranyotherroadwithorwithoutdrainagesystem",Normal/Others,Gujarat,AMRELI,BHARATBHAI MANUBHAI SUTARIYA,AMRELI(DISTRICT COLLECTOR AMRELI_IDA),Work on block paving road in Mota Samadhiyala village,2024-11-08,300000,2025-01-18,300000,Physical Inspection,Completed,2025-08-07,300000.0,,71,201.0,,272.0,0,1.0,1.0,True,True,True,True,True,True,True,True,True,True,True,True,False,False,False,1,92.9
"WS/MP18324/2024-2025/151495-Constructionofroads,linkroads,pathwaysoranyotherroadwithorwithoutdrainagesystem",Normal/Others,Gujarat,AMRELI,BHARATBHAI MANUBHAI SUTARIYA,BHAVNAGAR(DISTRICT COLLECTOR BHAVNAGAR_IDA),Block paving from koli caste wadi to Laxmanbhai Baraiya's house in Gatrad Hanumanpara area of Jesar village,2024-11-08,297358,2024-12-17,297358,Physical Inspection,Completed,2025-03-10,297358.0,Images,39,83.0,,122.0,0,1.0,1.0,True,True,True,True,True,True,True,True,True,True,True,True,False,False,False,1,100.0
"WS/MP18324/2024-2025/151496-Constructionofroads,linkroads,pathwaysoranyotherroadwithorwithoutdrainagesystem",Normal/Others,Gujarat,AMRELI,BHARATBHAI MANUBHAI SUTARIYA,AMRELI(DISTRICT COLLECTOR AMRELI_IDA),Block paving near Gatrad Mataji's wadi in Lakhapadar village,2024-11-08,500000,2025-01-18,500000,Physical Inspection,Completed,2025-07-28,500000.0,Images,71,191.0,,262.0,0,1.0,1.0,True,True,True,True,True,True,True,True,True,True,True,True,False,False,False,1,100.0
"WS/MP18324/2024-2025/151497-Constructionofroads,linkroads,pathwaysoranyotherroadwithorwithoutdrainagesystem",Normal/Others,Gujarat,AMRELI,BHARATBHAI MANUBHAI SUTARIYA,AMRELI(DISTRICT COLLECTOR AMRELI_IDA),Block road work on the way to BAPS Swaminarayan Temple in Dhari village,2024-11-08,496000,2025-02-18,496000,Physical Inspection,Completed,2025-07-28,496000.0,Images,102,160.0,,262.0,0,1.0,1.0,True,True,True,True,True,True,True,True,True,True,True,True,False,False,False,1,100.0
"WS/MP18324/2024-2025/151885-Constructionofroads,linkroads,pathwaysoranyotherroadwithorwithoutdrainagesystem",Normal/Others,Gujarat,AMRELI,BHARATBHAI MANUBHAI SUTARIYA,AMRELI(DISTRICT COLLECTOR AMRELI_IDA),Block road work in Lalavadar village,2024-11-11,300000,2025-03-05,300000,Physical Inspection,Completed,2025-07-30,300000.0,Images,114,147.0,,261.0,0,1.0,1.0,True,True,True,True,True,True,True,True,True,True,True,True,False,False,False,1,100.0
"WS/MP18324/2024-2025/151897-Constructionofroads,linkroads,pathwaysoranyotherroadwithorwithoutdrainagesystem",Normal/Others,Gujarat,AMRELI,BHARATBHAI MANUBHAI SUTARIYA,AMRELI(DISTRICT COLLECTOR AMRELI_IDA),Work on block road in plot area of Jarkhia village,2024-11-11,500000,2025-02-18,500000,Physical Inspection,Completed,2025-07-28,500000.0,Images,99,160.0,,259.0,0,1.0,1.0,True,True,True,True,True,True,True,True,True,True,True,True,False,False,False,1,100.0
"WS/MP323/2024-2025/150620-Constructionofroads,linkroads,pathwaysoranyotherroadwithorwithoutdrainagesystem",Normal/Others,Gujarat,JUNAGADH,Rajeshbhai Naranbhai Chudasama,GIR SOMNATH(DISTRICT COLLECTOR GIR SOMNATH_IDA),"Gir Somnath District,Talala Taluka,Madhupur Jambur, CC road work on the road leading from Prachi road to Ganeshwali land Jodhla at Madhupur Jambur village",2024-11-04,250000,2024-12-24,250000,Physical Inspection,Completed,2025-03-28,250000.0,Images,50,94.0,,144.0,0,1.0,1.0,True,True,True,True,True,True,True,True,True,True,True,True,False,False,False,1,100.0
WS/MP323/2024-2025/150622-Constructionofculvertsandbridges,Normal/Others,Gujarat,JUNAGADH,Rajeshbhai Naranbhai Chudasama,GIR SOMNATH(DISTRICT COLLECTOR GIR SOMNATH_IDA),"Gir Somnath District,Talala Taluka,Dhava, Causeway work over Chaganbhai Gadhesaria river at Dhawa village",2024-11-04,300000,2024-12-24,300000,Physical Inspection,Completed,2025-03-28,300000.0,Images,50,94.0,,144.0,0,1.0,1.0,True,True,True,True,True,True,True,True,True,True,True,True,False,False,False,1,100.0
"WS/MP574/2024-2025/142790-Constructionofroads,linkroads,pathwaysoranyotherroadwithorwithoutdrainagesystem",Normal/Others,Gujarat,PATAN,Bharatsinhji Shankarji Dabhi,MAHESANA(DISTRICT COLLECTOR MAHESANA_IDA),narsang sumrabhai men rod thi bhatha para taraf d.p sudhi c.c. road nu kam,2024-09-23,300000,2025-03-24,300000,Physical Inspection,Completed,2026-01-08,300000.0,Images,182,290.0,,472.0,0,1.0,1.0,True,True,True,True,True,True,True,True,True,True,True,True,False,False,False,1,100.0
WS/MP577/2024-2025/133775-Constructionofpublicirrigationfacilities,Normal/Others,Gujarat,DAHOD(ST),Jaswantsinh Sumanbhai Bhabhor,Dahod(DISTRICT COLLECTOR DOHAD_IDA),DUNGAR GAME KUND FALIYA MA SAMUHIK KUVA NU KAM,2024-07-20,292600,2025-01-08,292600,Physical Inspection,Completed,2025-04-21,292600.0,Images,172,103.0,,275.0,0,1.0,1.0,True,True,True,True,True,True,True,True,True,True,True,True,False,False,False,1,100.0
"WS/MP577/2024-2025/138727-Constructionofroads,linkroads,pathwaysoranyotherroadwithorwithoutdrainagesystem",Normal/Others,Gujarat,DAHOD(ST),Jaswantsinh Sumanbhai Bhabhor,Dahod(DISTRICT COLLECTOR DOHAD_IDA),bhursingbhai tersinh damor na ghar thi talavni paal thai rupaabhai narsingbhai na ghar sudhi c.c.road nu kam,2024-09-06,500000,2025-01-31,500000,Physical Inspection,Completed,2025-05-28,500000.0,Images,147,117.0,,264.0,0,1.0,1.0,True,True,True,True,True,True,True,True,True,True,True,True,False,False,False,1,100.0
"WS/MP577/2024-2025/140759-Constructionofroads,linkroads,pathwaysoranyotherroadwithorwithoutdrainagesystem",Normal/Others,Gujarat,DAHOD(ST),Jaswantsinh Sumanbhai Bhabhor,Dahod(DISTRICT COLLECTOR DOHAD_IDA),gamdi game mukhy rasta thi katara faliya sudhi C.C.ROAD NU KAM,2024-09-20,249400,2025-01-08,249400,Physical Inspection,Completed,2025-03-04,249400.0,Images,110,55.0,,165.0,0,1.0,1.0,True,True,True,True,True,True,True,True,True,True,True,True,False,False,False,1,100.0
WS/MP577/2024-2025/140764-Providingdrainsandguttersforpublicdrainage,Normal/Others,Gujarat,DAHOD(ST),Jaswantsinh Sumanbhai Bhabhor,Dahod(DISTRICT COLLECTOR DOHAD_IDA),GAMDI GAME MALI FALIYA THI MAKVANA FALIYANE JODTA RASTA PAR TRAN HARNA NALANU KAM,2024-09-20,237500,2025-01-08,237500,Physical Inspection,Completed,2025-03-04,237500.0,Images,110,55.0,,165.0,0,1.0,1.0,True,True,True,True,True,True,True,True,True,True,True,True,False,False,False,1,100.0
WS/MP579/2024-2025/146435-Constructionofcommonworksheds/commoncoveredsittingarea,Normal/Others,Gujarat,ANAND,Mitesh Rameshbhai Bakabhai Patel,ANAND(District Collector ANAND_IDA),Kathana Game Mahadev Mandir Pase Rain Basera nu Kam,2024-10-09,199725,2025-01-30,199725,Physical Inspection,Completed,2025-07-16,199725.0,,113,167.0,,280.0,0,1.0,1.0,True,True,True,True,True,True,True,True,True,True,True,True,False,False,False,1,92.9
WS/MP579/2024-2025/146436-Improvementofelectricitydistributioninfrastructure,Normal/Others,Gujarat,ANAND,Mitesh Rameshbhai Bakabhai Patel,ANAND(District Collector ANAND_IDA),Chuva Game Ravnapura Mahila Dudh Utpadak Sahkari Mandali Vijalikaran Kam,2024-10-09,123429,2024-11-19,123429,Physical Inspection,Completed,2025-07-17,123429.0,,41,240.0,,281.0,0,1.0,1.0,True,True,True,True,True,True,True,True,True,True,True,True,False,False,False,1,92.9
"WS/MP579/2024-2025/147652-Constructionofroads,linkroads,pathwaysoranyotherroadwithorwithoutdrainagesystem",Normal/Others,Gujarat,ANAND,Mitesh Rameshbhai Bakabhai Patel,ANAND(District Collector ANAND_IDA),Girishbhai Shamabhai Vala Familyama Block Paving Work,2024-10-16,149241,2025-01-06,149241,Physical Inspection,Completed,2025-12-05,149241.0,,82,333.0,,415.0,0,1.0,1.0,True,True,True,True,True,True,True,True,True,True,True,True,False,False,False,1,92.9
"WS/MP579/2024-2025/147653-Constructionofroads,linkroads,pathwaysoranyotherroadwithorwithoutdrainagesystem",Normal/Others,Gujarat,ANAND,Mitesh Rameshbhai Bakabhai Patel,ANAND(District Collector ANAND_IDA),Dahyabhai Shankarbhai Vala Faliyama Block Paving Work,2024-10-16,149456,2025-01-06,149456,Physical Inspection,Completed,2025-12-05,149456.0,,82,333.0,,415.0,0,1.0,1.0,True,True,True,True,True,True,True,True,True,True,True,True,False,False,False,1,92.9
WS/MP582/2024-2025/137295-Constructionoffootpathsandpedestrianways,Normal/Others,Gujarat,BARDOLI(ST),Prabhubhai Nagarbhai Vasava,SURAT(DISTRICT COLLECTOR SURAT_IDA),"Paver block work near Swaminarayan Temple at Vankaner Village, Taluka Bardoli, District Surat",2024-08-27,294287,2024-10-04,294287,Physical Inspection,Completed,2025-06-25,294287.0,,38,264.0,,302.0,0,1.0,1.0,True,True,True,True,True,True,True,True,True,True,True,True,False,False,False,1,92.9
WS/MP582/2024-2025/137303-Lightingofpublicspaces,Normal/Others,Gujarat,BARDOLI(ST),Prabhubhai Nagarbhai Vasava,SURAT(DISTRICT COLLECTOR SURAT_IDA),"the following facility work regarding placing electricity pole near the field in front of the P.S., fixing till commissioning 11.00 M.T.R.G.I. Tuber Light Poles with 150 Volt 6 Flooded LEDs Lights Attachment and Leader with 1 Year Maintenance Work Nos.1, at Naren village Near Primary school Ground, Taluka Mandvi, District Surat",2024-08-27,191910,2024-12-07,191910,Physical Inspection,Completed,2025-10-09,191910.0,Images,102,306.0,,408.0,0,1.0,1.0,True,True,True,True,True,True,True,True,True,True,True,True,False,False,False,1,100.0
WS/MP582/2024-2025/137308-Streetlights,Normal/Others,Gujarat,BARDOLI(ST),Prabhubhai Nagarbhai Vasava,SURAT(DISTRICT COLLECTOR SURAT_IDA),"Street light work in Vasava Faliya at Choryasi Village, Taluka Kamrej, District Surat",2024-08-27,191700,2024-10-21,191700,Physical Inspection,Completed,2025-04-09,191700.0,Images,55,170.0,,225.0,0,1.0,1.0,True,True,True,True,True,True,True,True,True,True,True,True,False,False,False,1,100.0
WS/MP582/2024-2025/137326-Lightingofpublicspaces,Normal/Others,Gujarat,BARDOLI(ST),Prabhubhai Nagarbhai Vasava,SURAT(DISTRICT COLLECTOR SURAT_IDA),"the following facility work regarding placing electricity pole near the field in front of the P.S., fixing till commissioning 11.00 M.T.R.G.I. Tuber Light Poles with 150 Volt 6 Flooded LEDs Lights Attachment and Leader with 1 Year Maintenance Work Nos.1, at Vav village Near temple Taluka Kamrej, District Surat",2024-08-27,191980,2024-10-21,191980,Physical Inspection,Completed,2025-04-09,191980.0,Images,55,170.0,,225.0,0,1.0,1.0,True,True,True,True,True,True,True,True,True,True,True,True,False,False,False,1,100.0
WS/MP582/2024-2025/137329-Lightingofpublicspaces,Normal/Others,Gujarat,BARDOLI(ST),Prabhubhai Nagarbhai Vasava,SURAT(DISTRICT COLLECTOR SURAT_IDA),"The following facility work regarding placing electricity pole near the field in front of the P.S., fixing till commissioning 11.00 M.T.R.G.I. Tuber Light Poles with 150 Volt 6 Flooded LEDs Lights Attachment and Leader with 1 Year Maintenance Work Nos.1, at karajn village Near Dudh mandli Taluka Kamrej, District Surat",2024-08-27,191980,2024-10-21,191980,Physical Inspection,Completed,2025-04-09,191980.0,Images,55,170.0,,225.0,0,1.0,1.0,True,True,True,True,True,True,True,True,True,True,True,True,False,False,False,1,100.0
WS/MP582/2024-2025/137330-Lightingofpublicspaces,Normal/Others,Gujarat,BARDOLI(ST),Prabhubhai Nagarbhai Vasava,SURAT(DISTRICT COLLECTOR SURAT_IDA),"The following facility work regarding placing electricity pole near the field in front of the P.S., fixing till commissioning 11.00 M.T.R.G.I. Tuber Light Poles with 150 Volt 6 Flooded LEDs Lights Attachment and Leader with 1 Year Maintenance Work Nos.1, at Navi pardi village Near primary school Taluka Kamrej, District Surat",2024-08-27,191980,2024-10-21,191980,Physical Inspection,Completed,2025-04-09,191980.0,Images,55,170.0,,225.0,0,1.0,1.0,True,True,True,True,True,True,True,True,True,True,True,True,False,False,False,1,100.0
WS/MP582/2024-2025/137331-Lightingofpublicspaces,Normal/Others,Gujarat,BARDOLI(ST),Prabhubhai Nagarbhai Vasava,SURAT(DISTRICT COLLECTOR SURAT_IDA),"The following facility work regarding placing electricity pole near the field in front of the P.S., fixing till commissioning 11.00 M.T.R.G.I. Tuber Light Poles with 150 Volt 6 Flooded LEDs Lights Attachment and Leader with 1 Year Maintenance Work Nos.1, at Vihan village Near BOB Bank Taluka Kamrej, District Surat",2024-08-27,191980,2024-10-21,191980,Physical Inspection,Completed,2025-04-09,191980.0,Images,55,170.0,,225.0,0,1.0,1.0,True,True,True,True,True,True,True,True,True,True,True,True,False,False,False,1,100.0
WS/MP582/2024-2025/137332-Lightingofpublicspaces,Normal/Others,Gujarat,BARDOLI(ST),Prabhubhai Nagarbhai Vasava,SURAT(DISTRICT COLLECTOR SURAT_IDA),"The following facility work regarding placing electricity pole near the field in front of the P.S., fixing till commissioning 11.00 M.T.R.G.I. Tuber Light Poles with 150 Volt 6 Flooded LEDs Lights Attachment and Leader with 1 Year Maintenance Work Nos.1, at Navi pardi village Near primary health center Taluka Kamrej, District Surat",2024-08-27,191980,2024-11-08,191980,Physical Inspection,Completed,2025-04-09,191980.0,Images,73,152.0,,225.0,0,1.0,1.0,True,True,True,True,True,True,True,True,True,True,True,True,False,False,False,1,100.0
WS/MP582/2024-2025/137333-Lightingofpublicspaces,Normal/Others,Gujarat,BARDOLI(ST),Prabhubhai Nagarbhai Vasava,SURAT(DISTRICT COLLECTOR SURAT_IDA),"The following facility work regarding placing electricity pole near the field in front of the P.S., fixing till commissioning 11.00 M.T.R.G.I. Tuber Light Poles with 150 Volt 6 Flooded LEDs Lights Attachment and Leader with 1 Year Maintenance Work Nos.1, at Jhankhvav village Near Hanumanji Mandir Taluka Mangrol, District Surat",2024-08-27,191980,2024-11-06,191980,Physical Inspection,Completed,2026-01-16,191980.0,,71,436.0,,507.0,0,1.0,1.0,True,True,True,True,True,True,True,True,True,True,True,True,False,False,False,1,92.9
WS/MP582/2024-2025/147393-Constructionofcommonworksheds/commoncoveredsittingarea,Normal/Others,Gujarat,BARDOLI(ST),Prabhubhai Nagarbhai Vasava,SURAT(DISTRICT COLLECTOR SURAT_IDA),"Construction of shed work at Haldhru village, Taluka Kamrej, Surat district",2024-10-15,500000,2024-12-03,500000,Physical Inspection,Completed,2025-04-09,500000.0,,49,127.0,,176.0,0,1.0,1.0,True,True,True,True,True,True,True,True,True,True,True,True,False,False,False,1,92.9
WS/MP582/2024-2025/149783-Constructionoffootpathsandpedestrianways,Normal/Others,Gujarat,BARDOLI(ST),Prabhubhai Nagarbhai Vasava,SURAT(DISTRICT COLLECTOR SURAT_IDA),"Paver block work at the cremation ground at Ranakpore Village, Taluka Mangarol, District Surat",2024-10-29,500000,2024-12-03,500000,Physical Inspection,Completed,2025-02-28,500000.0,,35,87.0,,122.0,0,1.0,1.0,True,True,True,True,True,True,True,True,True,True,True,True,False,False,False,1,92.9
WS/MP584/2024-2025/136561-Constructionofcommonworksheds/commoncoveredsittingarea,Normal/Others,Gujarat,KACHCHH(SC),Vinod Chavda,KACHCHH(DISTRICT COLLECTOR KUTCH_IDA),Bhuj talukana bhuj shaerana lalan college open air theaterni dabi bajuma comman work shed,2024-08-21,481921,2025-02-12,481921,Physical Inspection,Completed,2025-02-12,481921.0,,175,0.0,,175.0,0,1.0,1.0,True,True,True,True,True,True,True,True,True,True,True,True,False,False,False,1,92.9
WS/MP584/2024-2025/136562-Constructionofcommonworksheds/commoncoveredsittingarea,Normal/Others,Gujarat,KACHCHH(SC),Vinod Chavda,KACHCHH(DISTRICT COLLECTOR KUTCH_IDA),Bhuj talukana bhuj shaerana lalan college open air theaterni jamani bajuma comman work shed,2024-08-21,479928,2025-02-12,479928,Physical Inspection,Completed,2025-02-12,479928.0,,175,0.0,,175.0,0,1.0,1.0,True,True,True,True,True,True,True,True,True,True,True,True,False,False,False,1,92.9
WS/MP584/2024-2025/136565-Constructionofcommonworksheds/commoncoveredsittingarea,Normal/Others,Gujarat,KACHCHH(SC),Vinod Chavda,KACHCHH(DISTRICT COLLECTOR KUTCH_IDA),Anjar talukana jaroo gaame  Ahir vistar samaj karigar commen work shed,2024-08-21,500000,2025-02-05,500000,Physical Inspection,Completed,2025-02-18,500000.0,Images,168,13.0,,181.0,0,1.0,1.0,True,True,True,True,True,True,True,True,True,True,True,True,False,False,False,1,100.0
"WS/MP18056/2024-2025/141613-Constructionoffloodcontrolembankments/protectionwallsalongriverbanks,hilltops,roadsides",Normal/Others,Gujarat,RAJKOT,PARSHOTTAMBHAI RUPALA,RAJKOT(DISTRICT COLLECTOR RAJKOT_IDA),Construction of Flood Protection Wall from the Sub Station to the Bridge at Padasn to Aniyara Road,2024-09-18,499813,2025-01-01,499813,Physical Inspection,Sanctioned - Not Completed,,,,105,,603.0,708.0,0,1.0,,False,False,True,True,True,True,True,True,True,True,True,True,False,False,False,0,100.0
"WS/MP18056/2024-2025/141633-Constructionofroads,linkroads,pathwaysoranyotherroadwithorwithoutdrainagesystem",Normal/Others,Gujarat,RAJKOT,PARSHOTTAMBHAI RUPALA,RAJKOT(DISTRICT COLLECTOR RAJKOT_IDA),C C Road work at Village Jangvad,2024-09-19,400000,2025-01-04,400000,Physical Inspection,Sanctioned - Not Completed,,,,107,,600.0,707.0,0,1.0,,False,False,True,True,True,True,True,True,True,True,True,True,False,False,False,0,100.0
WS/MP18056/2024-2025/141634-Constructionofcommunitycentersandcommunityhalls,Normal/Others,Gujarat,RAJKOT,PARSHOTTAMBHAI RUPALA,RAJKOT(DISTRICT COLLECTOR RAJKOT_IDA),Construction of Community Halls at Schedule Caste Area at Village Kharachiya (Jam),2024-09-19,838978,2025-02-01,838978,Physical Inspection,Sanctioned - Not Completed,,,,135,,572.0,707.0,0,1.0,,False,False,True,True,True,True,True,True,True,True,True,True,False,False,False,0,100.0
"WS/MP18056/2024-2025/141635-Constructionofroads,linkroads,pathwaysoranyotherroadwithorwithoutdrainagesystem",Normal/Others,Gujarat,RAJKOT,PARSHOTTAMBHAI RUPALA,RAJKOT(DISTRICT COLLECTOR RAJKOT_IDA),Pavar Block work at Kalasr Vala Plot Area at Village Lilapur,2024-09-19,499951,2025-01-04,499951,Physical Inspection,Sanctioned - Not Completed,,,,107,,600.0,707.0,0,1.0,,False,False,True,True,True,True,True,True,True,True,True,True,False,False,False,0,100.0
"WS/MP18056/2024-2025/141636-Constructionofroads,linkroads,pathwaysoranyotherroadwithorwithoutdrainagesystem",Normal/Others,Gujarat,RAJKOT,PARSHOTTAMBHAI RUPALA,RAJKOT(DISTRICT COLLECTOR RAJKOT_IDA),Pavar Block work at Valjibhai Talshibhai Rojasara House to Munabhai Nanjibhai House at Village Madhavipur,2024-09-19,297783,2025-01-04,297783,Physical Inspection,Sanctioned - Not Completed,,,,107,,600.0,707.0,0,1.0,,False,False,True,True,True,True,True,True,True,True,True,True,False,False,False,0,100.0
WS/MP18056/2024-2025/141637-Providingdrainsandguttersforpublicdrainage,Normal/Others,Gujarat,RAJKOT,PARSHOTTAMBHAI RUPALA,RAJKOT(DISTRICT COLLECTOR RAJKOT_IDA),Pavar Block Road and Underground Drains at Village Meghpar,2024-09-19,400000,2025-01-04,400000,Physical Inspection,Sanctioned - Not Completed,,,,107,,600.0,707.0,0,1.0,,False,False,True,True,True,True,True,True,True,True,True,True,False,False,False,0,100.0
"WS/MP18056/2024-2025/141639-Constructionofroads,linkroads,pathwaysoranyotherroadwithorwithoutdrainagesystem",Normal/Others,Gujarat,RAJKOT,PARSHOTTAMBHAI RUPALA,RAJKOT(DISTRICT COLLECTOR RAJKOT_IDA),Pavar Block work at Main Bazar in Village Pratappur,2024-09-19,400000,2025-01-04,400000,Physical Inspection,Sanctioned - Not Completed,,,,107,,600.0,707.0,0,1.0,,False,False,True,True,True,True,True,True,True,True,True,True,False,False,False,0,100.0
"WS/MP18056/2024-2025/141641-Constructionofroads,linkroads,pathwaysoranyotherroadwithorwithoutdrainagesystem",Normal/Others,Gujarat,RAJKOT,PARSHOTTAMBHAI RUPALA,RAJKOT(DISTRICT COLLECTOR RAJKOT_IDA),Pavar Block work and C C Road Work near Shri Sanali Primary School at Village Sanali,2024-09-19,450000,2025-01-01,450000,Sanction,Sanctioned - Not Completed,,,,104,,603.0,707.0,0,1.0,,False,False,True,True,True,True,True,True,True,True,True,True,False,False,False,0,100.0
"WS/MP18056/2024-2025/144711-Constructionofroads,linkroads,pathwaysoranyotherroadwithorwithoutdrainagesystem",Normal/Others,Gujarat,RAJKOT,PARSHOTTAMBHAI RUPALA,RAJKOT(DISTRICT COLLECTOR RAJKOT_IDA),Construction of Pavar Block Work in Gram Panchayat Compound and Primary School Ground,2024-09-30,500000,2025-01-04,500000,Physical Inspection,Sanctioned - Not Completed,,,,96,,600.0,696.0,0,1.0,,False,False,True,True,True,True,True,True,True,True,True,True,False,False,False,0,100.0
WS/MP18058/2024-2025/145076-Constructionofbuildingsforcrèchesandanganwadies,Normal/Others,Gujarat,VADODARA,DR. HEMANG JOSHI,VADODARA(DISTRICT COLLECTOR VADODARA_IDA),poicha gaam ni jagyae naveen anganwadi na nirmaan ni kaamgiri,2024-10-02,1135076,2024-12-12,1135076,Physical Inspection,Sanctioned - Not Completed,,,,71,,623.0,694.0,0,1.0,,False,False,True,True,True,True,True,True,True,True,True,True,False,False,False,0,100.0
WS/MP18058/2024-2025/145077-Constructionofbuildingsforcrèchesandanganwadies,Normal/Others,Gujarat,VADODARA,DR. HEMANG JOSHI,VADODARA(DISTRICT COLLECTOR VADODARA_IDA),dena gaam ni jagyae naveen anganwadi na nirmaan ni kaamgiri,2024-10-02,1250000,2024-12-12,1250000,Work partially Completed,Sanctioned - Not Completed,,,,71,,623.0,694.0,0,1.0,,False,False,True,True,True,True,True,True,True,True,True,True,False,False,False,0,100.0
WS/MP18058/2024-2025/145078-Constructionofbuildingsforcrèchesandanganwadies,Normal/Others,Gujarat,VADODARA,DR. HEMANG JOSHI,VADODARA(DISTRICT COLLECTOR VADODARA_IDA),mevli gaam ni jagyae naveen anganwadi na nirmaan ni kaamgiri,2024-10-02,1250000,2024-12-12,1250000,Physical Inspection,Sanctioned - Not Completed,,,,71,,623.0,694.0,0,1.0,,False,False,True,True,True,True,True,True,True,True,True,True,False,False,False,0,100.0
WS/MP18058/2024-2025/145079-Constructionofbuildingsforcrèchesandanganwadies,Normal/Others,Gujarat,VADODARA,DR. HEMANG JOSHI,VADODARA(DISTRICT COLLECTOR VADODARA_IDA),Juna rampura ni jagyae naveen anganwadi na nirmaan ni kaamgiri,2024-10-02,1250000,2024-12-12,1250000,Physical Inspection,Sanctioned - Not Completed,,,,71,,623.0,694.0,0,1.0,,False,False,True,True,True,True,True,True,True,True,True,True,False,False,False,0,100.0
WS/MP18058/2024-2025/145081-Constructionofbuildingsforcrèchesandanganwadies,Normal/Others,Gujarat,VADODARA,DR. HEMANG JOSHI,VADODARA(DISTRICT COLLECTOR VADODARA_IDA),Sandhasaal-1 gaan ni jagyae naveen anganwadi na nirmaan ni kaamgiri,2024-10-02,1166400,2024-12-12,1166400,Physical Inspection,Sanctioned - Not Completed,,,,71,,623.0,694.0,0,1.0,,False,False,True,True,True,True,True,True,True,True,True,True,False,False,False,0,100.0
WS/MP18058/2024-2025/145082-Constructionofbuildingsforcrèchesandanganwadies,Normal/Others,Gujarat,VADODARA,DR. HEMANG JOSHI,VADODARA(DISTRICT COLLECTOR VADODARA_IDA),sandhasal-2 gam ni jagyae naveen anganvadi na nirmaan ni kamgiri,2024-10-02,1166400,2024-12-12,1166400,Physical Inspection,Sanctioned - Not Completed,,,,71,,623.0,694.0,0,1.0,,False,False,True,True,True,True,True,True,True,True,True,True,False,False,False,0,100.0
WS/MP18058/2024-2025/145083-Constructionofbuildingsforcrèchesandanganwadies,Normal/Others,Gujarat,VADODARA,DR. HEMANG JOSHI,VADODARA(DISTRICT COLLECTOR VADODARA_IDA),moti bhadol gaam ni jagyae naveen anganwadi na nirmaan ni kaamgiri,2024-10-02,1113992,2024-12-12,1113992,Physical Inspection,Sanctioned - Not Completed,,,,71,,623.0,694.0,0,1.0,,False,False,True,True,True,True,True,True,True,True,True,True,False,False,False,0,100.0
WS/MP18058/2024-2025/145164-Constructionofbuildingsforcrèchesandanganwadies,Normal/Others,Gujarat,VADODARA,DR. HEMANG JOSHI,VADODARA(DISTRICT COLLECTOR VADODARA_IDA),vejalpur Ruth grampanchayt na aankadiyapura gam ni jagyae naveen anganwadi na nirmaan ni kaamgiri,2024-10-02,1250000,2024-12-12,1250000,Physical Inspection,Sanctioned - Not Completed,,,,71,,623.0,694.0,0,1.0,,False,False,True,True,True,True,True,True,True,True,True,True,False,False,False,0,100.0
WS/MP18321/2024-2025/143693-Constructionofboundarywallsofexistingpublicandcommunitybuildings,Normal/Others,Gujarat,SABARKANTHA,SHOBHANABEN MAHENDRASINH BARAIYA,SABAR KANTHA(DISTRICT COLLECTOR SABARKANTHA_IDA),For compound wall work in primary school at village Balisana,2024-09-25,500000,2024-11-20,500000,Time Estimation,Sanctioned - Not Completed,,,,56,,645.0,701.0,0,1.0,,False,False,True,True,True,True,True,True,True,True,True,True,False,False,False,0,100.0
WS/MP18321/2024-2025/143694-Constructionofroomsandhallsinschoolandcolleges,Trust and Society,Gujarat,SABARKANTHA,SHOBHANABEN MAHENDRASINH BARAIYA,SABAR KANTHA(DISTRICT COLLECTOR SABARKANTHA_IDA),Construction of new library room in secondary school at Kadoli,2024-09-25,500000,2025-03-19,500000,Physical Inspection,Sanctioned - Not Completed,,,,175,,526.0,701.0,0,1.0,,False,False,True,True,True,True,True,True,True,True,True,True,False,False,False,0,100.0
WS/MP18321/2024-2025/145742-Constructionofpubliclibrariesandreadingrooms,Normal/Others,Gujarat,SABARKANTHA,SHOBHANABEN MAHENDRASINH BARAIYA,ARVALLI(DISTRICT COLLECTOR ARVALLI_IDA),new library at adarsh vidhyalay in banthivada (Ajuhirola); village,2024-10-05,500000,2025-02-10,500000,Work Completed,Sanctioned - Not Completed,,,,128,,563.0,691.0,0,1.0,,False,False,True,True,True,True,True,True,True,True,True,True,False,False,False,0,100.0
"WS/MP18321/2024-2025/149054-Constructionofroads,linkroads,pathwaysoranyotherroadwithorwithoutdrainagesystem",Normal/Others,Gujarat,SABARKANTHA,SHOBHANABEN MAHENDRASINH BARAIYA,ARVALLI(DISTRICT COLLECTOR ARVALLI_IDA),Astha Residential Society construction c. c. road work from the main gate to end of the Society At  Bhutawad village ta. bhiloda,2024-10-22,400000,2025-01-10,400000,Work Completed,Sanctioned - Not Completed,,,,80,,594.0,674.0,0,1.0,,False,False,True,True,True,True,True,True,True,True,True,True,False,False,False,0,100.0
WS/MP18321/2024-2025/152520-Constructionofpubliclibrariesandreadingrooms,Normal/Others,Gujarat,SABARKANTHA,SHOBHANABEN MAHENDRASINH BARAIYA,SABAR KANTHA(DISTRICT COLLECTOR SABARKANTHA_IDA),Construction of a new library hall near a Primary school in Sonisar village of Talod taluka,2024-11-14,500000,2025-01-18,500000,Physical Inspection,Sanctioned - Not Completed,,,,65,,586.0,651.0,0,1.0,,False,False,True,True,True,True,True,True,True,True,True,True,False,False,False,0,100.0
WS/MP18321/2024-2025/152521-Constructionofcommunitycentersandcommunityhalls,Normal/Others,Gujarat,SABARKANTHA,SHOBHANABEN MAHENDRASINH BARAIYA,SABAR KANTHA(DISTRICT COLLECTOR SABARKANTHA_IDA),Construction of hall near Vahanvati temple in village Barodara At Barodara,2024-11-14,500000,2025-01-18,500000,Physical Inspection,Sanctioned - Not Completed,,,,65,,586.0,651.0,0,1.0,,False,False,True,True,True,True,True,True,True,True,True,True,False,False,False,0,100.0
"WS/MP18321/2024-2025/152525-Constructionofroads,linkroads,pathwaysoranyotherroadwithorwithoutdrainagesystem",Normal/Others,Gujarat,SABARKANTHA,SHOBHANABEN MAHENDRASINH BARAIYA,SABAR KANTHA(DISTRICT COLLECTOR SABARKANTHA_IDA),Paver block work near the hall at Chitroda,2024-11-14,500000,2024-12-24,500000,Physical Inspection,Sanctioned - Not Completed,,,,40,,611.0,651.0,0,1.0,,False,False,True,True,True,True,True,True,True,True,True,True,False,False,False,0,100.0
WS/MP18321/2024-2025/152529-Constructionofroomsandhallsinschoolandcolleges,Trust and Society,Gujarat,SABARKANTHA,SHOBHANABEN MAHENDRASINH BARAIYA,SABAR KANTHA(DISTRICT COLLECTOR SABARKANTHA_IDA),Construction of new room of Shree Pedhamala High School at Pedhamala village,2024-11-14,500000,2025-03-19,500000,Sanction,Sanctioned - Not Completed,,,,125,,526.0,651.0,0,1.0,,False,False,True,True,True,True,True,True,True,True,True,True,False,False,False,0,100.0
WS/MP18321/2024-2025/152530-Constructionofroomsandhallsinschoolandcolleges,Trust and Society,Gujarat,SABARKANTHA,SHOBHANABEN MAHENDRASINH BARAIYA,SABAR KANTHA(DISTRICT COLLECTOR SABARKANTHA_IDA),Construction of new room in Navdeep High School at Hapa village,2024-11-14,500000,2025-03-04,500000,Physical Inspection,Sanctioned - Not Completed,,,,110,,541.0,651.0,0,1.0,,False,False,True,True,True,True,True,True,True,True,True,True,False,False,False,0,100.0
WS/MP18321/2024-2025/152532-Constructionofcommunitycentersandcommunityhalls,Normal/Others,Gujarat,SABARKANTHA,SHOBHANABEN MAHENDRASINH BARAIYA,SABAR KANTHA(DISTRICT COLLECTOR SABARKANTHA_IDA),Construction of hall near Vadi in Kodiyawada village,2024-11-14,500000,2025-01-18,500000,Sanction,Sanctioned - Not Completed,,,,65,,586.0,651.0,0,1.0,,False,False,True,True,True,True,True,True,True,True,True,True,False,False,False,0,100.0
WS/MP18321/2024-2025/152535-Constructionofcommonworksheds/commoncoveredsittingarea,Normal/Others,Gujarat,SABARKANTHA,SHOBHANABEN MAHENDRASINH BARAIYA,SABAR KANTHA(DISTRICT COLLECTOR SABARKANTHA_IDA),Construction of shed near vadi at Aminpur village of Prantij taluka,2024-11-14,500000,2025-01-22,500000,Physical Inspection,Sanctioned - Not Completed,,,,69,,582.0,651.0,0,1.0,,False,False,True,True,True,True,True,True,True,True,True,True,False,False,False,0,100.0
"WS/MP18321/2024-2025/152552-Constructionofroads,linkroads,pathwaysoranyotherroadwithorwithoutdrainagesystem",Normal/Others,Gujarat,SABARKANTHA,SHOBHANABEN MAHENDRASINH BARAIYA,ARVALLI(DISTRICT COLLECTOR ARVALLI_IDA),Dholawani Village Paver block work near Uttarbareshi Vadi,2024-11-14,300000,2025-01-21,300000,Work Completed,Sanctioned - Not Completed,,,,68,,583.0,651.0,0,1.0,,False,False,True,True,True,True,True,True,True,True,True,True,False,False,False,0,100.0
WS/MP18321/2024-2025/152553-Constructionofcommonworksheds/commoncoveredsittingarea,Normal/Others,Gujarat,SABARKANTHA,SHOBHANABEN MAHENDRASINH BARAIYA,ARVALLI(DISTRICT COLLECTOR ARVALLI_IDA),Navalpur village Shed work in sadavat palace Chock,2024-11-14,400000,2025-01-21,400000,Work Completed,Sanctioned - Not Completed,,,,68,,583.0,651.0,0,1.0,,False,False,True,True,True,True,True,True,True,True,True,True,False,False,False,0,100.0
"WS/MP18321/2024-2025/152555-Constructionofroads,linkroads,pathwaysoranyotherroadwithorwithoutdrainagesystem",Normal/Others,Gujarat,SABARKANTHA,SHOBHANABEN MAHENDRASINH BARAIYA,ARVALLI(DISTRICT COLLECTOR ARVALLI_IDA),Vankaneda  village Construction CC road  to Naklang Ashram Paliya from Pvt School in Vankaneda village.,2024-11-14,400000,2024-12-30,400000,Sanction,Sanctioned - Not Completed,,,,46,,605.0,651.0,0,1.0,,False,False,True,True,True,True,True,True,True,True,True,True,False,False,False,0,100.0
WS/MP18321/2024-2025/152559-Constructionofcommunitycentersandcommunityhalls,Normal/Others,Gujarat,SABARKANTHA,SHOBHANABEN MAHENDRASINH BARAIYA,ARVALLI(DISTRICT COLLECTOR ARVALLI_IDA),Construction of hall near Vishwakarma temple at Undwa village of Megharaj taluka,2024-11-14,500000,2025-02-03,500000,Physical Inspection,Sanctioned - Not Completed,,,,81,,570.0,651.0,0,1.0,,False,False,True,True,True,True,True,True,True,True,True,True,False,False,False,0,100.0
"WS/MP18321/2025-2026/143691-Constructionofroads,linkroads,pathwaysoranyotherroadwithorwithoutdrainagesystem",Normal/Others,Gujarat,SABARKANTHA,SHOBHANABEN MAHENDRASINH BARAIYA,SABAR KANTHA(DISTRICT COLLECTOR SABARKANTHA_IDA),Construction to CC road work from National Highway 8 to  Modasia Kadwa Patidar Samajni Wadi near Sahakarijin at Himmatnagar.,2024-09-25,500000,2025-04-08,500000,Sanction,Sanctioned - Not Completed,,,,195,,506.0,701.0,0,1.0,,False,False,True,True,True,True,True,True,True,True,True,True,False,False,False,0,100.0
WS/MP18321/2025-2026/145741-Constructionoftoiletblocks,Normal/Others,Gujarat,SABARKANTHA,SHOBHANABEN MAHENDRASINH BARAIYA,ARVALLI(DISTRICT COLLECTOR ARVALLI_IDA),new toilet work at gabat highschool in bayad taluka,2024-10-05,600000,2025-12-03,600000,Physical Inspection,Sanctioned - Not Completed,,,,424,,267.0,691.0,0,1.0,,False,False,True,True,True,True,True,True,True,True,True,True,False,False,False,0,100.0
WS/MP18321/2025-2026/152522-ProvidingCCTVcamerasystemforsecurityofpublicareas,Normal/Others,Gujarat,SABARKANTHA,SHOBHANABEN MAHENDRASINH BARAIYA,SABAR KANTHA(DISTRICT COLLECTOR SABARKANTHA_IDA),"Fatepur village works with camera dvr in front of main road and Panchayat house and Mai Mandvi as well as Dudh Mandali, Seva Mandali.",2024-11-14,500000,2025-04-24,500000,Time Estimation,Sanctioned - Not Completed,,,,161,,490.0,651.0,0,1.0,,False,False,True,True,True,True,True,True,True,True,True,True,False,False,False,0,100.0
WS/MP18321/2025-2026/152523-ProvidingCCTVcamerasystemforsecurityofpublicareas,Normal/Others,Gujarat,SABARKANTHA,SHOBHANABEN MAHENDRASINH BARAIYA,SABAR KANTHA(DISTRICT COLLECTOR SABARKANTHA_IDA),CCTV Camera work with DVR in Main Bazar from National Highway No. 8 to Railway Station at Salal Village.,2024-11-14,500000,2025-04-24,500000,Physical Inspection,Sanctioned - Not Completed,,,,161,,490.0,651.0,0,1.0,,False,False,True,True,True,True,True,True,True,True,True,True,False,False,False,0,100.0
"WS/MP18321/2025-2026/152526-Constructionofroads,linkroads,pathwaysoranyotherroadwithorwithoutdrainagesystem",Normal/Others,Gujarat,SABARKANTHA,SHOBHANABEN MAHENDRASINH BARAIYA,SABAR KANTHA(DISTRICT COLLECTOR SABARKANTHA_IDA),Balisna Dalani Muwadi Road to Dashrath Singh Dursingh Jhala's house C.C. Road work,2024-11-14,250000,2025-04-24,250000,Physical Inspection,Sanctioned - Not Completed,,,,161,,490.0,651.0,0,1.0,,False,False,True,True,True,True,True,True,True,True,True,True,False,False,False,0,100.0
WS/MP18321/2025-2026/152528-Constructionofroomsandhallsinschoolandcolleges,Trust and Society,Gujarat,SABARKANTHA,SHOBHANABEN MAHENDRASINH BARAIYA,SABAR KANTHA(DISTRICT COLLECTOR SABARKANTHA_IDA),Compound wall work around Saber High School in Dedharota  village,2024-11-14,500000,2025-04-24,500000,Physical Inspection,Sanctioned - Not Completed,,,,161,,490.0,651.0,0,1.0,,False,False,True,True,True,True,True,True,True,True,True,True,False,False,False,0,100.0
"WS/MP18321/2025-2026/152557-Constructionofroads,linkroads,pathwaysoranyotherroadwithorwithoutdrainagesystem",Normal/Others,Gujarat,SABARKANTHA,SHOBHANABEN MAHENDRASINH BARAIYA,ARVALLI(DISTRICT COLLECTOR ARVALLI_IDA),Juni Vasani Village CC road work from Patel Tulsibhai's house to Harshadbhai Govindbhai's house at Juni Vansani village,2024-11-14,300000,2025-04-24,300000,Sanction,Sanctioned - Not Completed,,,,161,,490.0,651.0,0,1.0,,False,False,True,True,True,True,True,True,True,True,True,True,False,False,False,0,100.0
"WS/MP18324/2024-2025/151116-Constructionofroads,linkroads,pathwaysoranyotherroadwithorwithoutdrainagesystem",Normal/Others,Gujarat,AMRELI,BHARATBHAI MANUBHAI SUTARIYA,AMRELI(DISTRICT COLLECTOR AMRELI_IDA),"Block paving in Putalia village, from Madhubhai Asodara's shop to Surapura Dada",2024-11-06,258000,2025-03-27,258000,Physical Inspection,Sanctioned - Not Completed,,,,141,,518.0,659.0,0,1.0,,False,False,True,True,True,True,True,True,True,True,True,True,False,False,False,0,100.0
"WS/MP18324/2024-2025/151121-Constructionofroads,linkroads,pathwaysoranyotherroadwithorwithoutdrainagesystem",Normal/Others,Gujarat,AMRELI,BHARATBHAI MANUBHAI SUTARIYA,AMRELI(DISTRICT COLLECTOR AMRELI_IDA),"Block paving in Loka village, from Dhirubhai's house to Kalubhai Lakhmanbhai Vadadoria as well as Babubhai Manubhai's house",2024-11-06,300000,2025-03-27,300000,Physical Inspection,Sanctioned - Not Completed,,,,141,,518.0,659.0,0,1.0,,False,False,True,True,True,True,True,True,True,True,True,True,False,False,False,0,100.0
WS/MP18324/2024-2025/151122-Crematoriums/energyefficientcrematoriumsorstructuresonburial/cremationground,Normal/Others,Gujarat,AMRELI,BHARATBHAI MANUBHAI SUTARIYA,AMRELI(DISTRICT COLLECTOR AMRELI_IDA),Work on the compound wall around the crematorium in Antalya village,2024-11-06,300000,2025-03-27,300000,Physical Inspection,Sanctioned - Not Completed,,,,141,,518.0,659.0,0,1.0,,False,False,True,True,True,True,True,True,True,True,True,True,False,False,False,0,100.0
"WS/MP18324/2024-2025/151156-Constructionofroads,linkroads,pathwaysoranyotherroadwithorwithoutdrainagesystem",Normal/Others,Gujarat,AMRELI,BHARATBHAI MANUBHAI SUTARIYA,AMRELI(DISTRICT COLLECTOR AMRELI_IDA),Work on cc road from Sitaram's ota to government danki in Panchtalavada village,2024-11-06,300000,2025-03-27,300000,Physical Inspection,Sanctioned - Not Completed,,,,141,,518.0,659.0,0,1.0,,False,False,True,True,True,True,True,True,True,True,True,True,False,False,False,0,100.0
"WS/MP18324/2024-2025/151159-Constructionofroads,linkroads,pathwaysoranyotherroadwithorwithoutdrainagesystem",Normal/Others,Gujarat,AMRELI,BHARATBHAI MANUBHAI SUTARIYA,AMRELI(DISTRICT COLLECTOR AMRELI_IDA),C.C. Road work from vitthalbhai Togadia's house to panchayat office in Sajantimba village,2024-11-06,300000,2025-03-27,300000,Physical Inspection,Sanctioned - Not Completed,,,,141,,518.0,659.0,0,1.0,,False,False,True,True,True,True,True,True,True,True,True,True,False,False,False,0,100.0
"WS/MP18324/2024-2025/151338-Constructionofroads,linkroads,pathwaysoranyotherroadwithorwithoutdrainagesystem",Normal/Others,Gujarat,AMRELI,BHARATBHAI MANUBHAI SUTARIYA,AMRELI(DISTRICT COLLECTOR AMRELI_IDA),Block road work in Kangsa village,2024-11-08,300000,2025-02-18,300000,Physical Inspection,Sanctioned - Not Completed,,,,102,,555.0,657.0,0,1.0,,False,False,True,True,True,True,True,True,True,True,True,True,False,False,False,0,100.0
"WS/MP18324/2024-2025/151481-Constructionofroads,linkroads,pathwaysoranyotherroadwithorwithoutdrainagesystem",Normal/Others,Gujarat,AMRELI,BHARATBHAI MANUBHAI SUTARIYA,AMRELI(DISTRICT COLLECTOR AMRELI_IDA),Block road work in Virpur village,2024-11-08,300000,2025-01-18,300000,Physical Inspection,Sanctioned - Not Completed,,,,71,,586.0,657.0,0,1.0,,False,False,True,True,True,True,True,True,True,True,True,True,False,False,False,0,100.0
"WS/MP18324/2024-2025/151482-Constructionofroads,linkroads,pathwaysoranyotherroadwithorwithoutdrainagesystem",Normal/Others,Gujarat,AMRELI,BHARATBHAI MANUBHAI SUTARIYA,AMRELI(DISTRICT COLLECTOR AMRELI_IDA),Block road work near Bhagubhai Jiyani Dhar in Garmali Jiyani village,2024-11-08,287700,2025-03-19,287700,Physical Inspection,Sanctioned - Not Completed,,,,131,,526.0,657.0,0,1.0,,False,False,True,True,True,True,True,True,True,True,True,True,False,False,False,0,100.0
"WS/MP18324/2024-2025/151485-Constructionofroads,linkroads,pathwaysoranyotherroadwithorwithoutdrainagesystem",Normal/Others,Gujarat,AMRELI,BHARATBHAI MANUBHAI SUTARIYA,AMRELI(DISTRICT COLLECTOR AMRELI_IDA),Block paving road work in Anida village,2024-11-08,300000,2025-01-18,300000,Physical Inspection,Sanctioned - Not Completed,,,,71,,586.0,657.0,0,1.0,,False,False,True,True,True,True,True,True,True,True,True,True,False,False,False,0,100.0
"WS/MP18324/2024-2025/151842-Constructionofroads,linkroads,pathwaysoranyotherroadwithorwithoutdrainagesystem",Normal/Others,Gujarat,AMRELI,BHARATBHAI MANUBHAI SUTARIYA,AMRELI(DISTRICT COLLECTOR AMRELI_IDA),Block paving work at Padar area Sajiavadar village (SC area),2024-11-11,300000,2025-03-05,300000,Physical Inspection,Sanctioned - Not Completed,,,,114,,540.0,654.0,0,1.0,,False,False,True,True,True,True,True,True,True,True,True,True,False,False,False,0,100.0
"WS/MP18324/2024-2025/151873-Constructionofroads,linkroads,pathwaysoranyotherroadwithorwithoutdrainagesystem",Normal/Others,Gujarat,AMRELI,BHARATBHAI MANUBHAI SUTARIYA,AMRELI(DISTRICT COLLECTOR AMRELI_IDA),Block road works in Kachhadiya plot area of Randhya village,2024-11-11,300000,2025-03-05,300000,Physical Inspection,Sanctioned - Not Completed,,,,114,,540.0,654.0,0,1.0,,False,False,True,True,True,True,True,True,True,True,True,True,False,False,False,0,100.0
"WS/MP18324/2024-2025/151875-Constructionofroads,linkroads,pathwaysoranyotherroadwithorwithoutdrainagesystem",Normal/Others,Gujarat,AMRELI,BHARATBHAI MANUBHAI SUTARIYA,AMRELI(DISTRICT COLLECTOR AMRELI_IDA),Work on block road in SC area of Khijdia Radadiya village,2024-11-11,300000,2025-03-05,300000,Physical Inspection,Sanctioned - Not Completed,,,,114,,540.0,654.0,0,1.0,,False,False,True,True,True,True,True,True,True,True,True,True,False,False,False,0,100.0
"WS/MP18324/2024-2025/151880-Constructionofroads,linkroads,pathwaysoranyotherroadwithorwithoutdrainagesystem",Normal/Others,Gujarat,AMRELI,BHARATBHAI MANUBHAI SUTARIYA,AMRELI(DISTRICT COLLECTOR AMRELI_IDA),Block paving work at crematorium in Pipallag village,2024-11-11,300000,2025-03-05,300000,Physical Inspection,Sanctioned - Not Completed,,,,114,,540.0,654.0,0,1.0,,False,False,True,True,True,True,True,True,True,True,True,True,False,False,False,0,100.0
"WS/MP18324/2024-2025/151883-Constructionofroads,linkroads,pathwaysoranyotherroadwithorwithoutdrainagesystem",Normal/Others,Gujarat,AMRELI,BHARATBHAI MANUBHAI SUTARIYA,AMRELI(DISTRICT COLLECTOR AMRELI_IDA),"Work on C.C. Road behind the house of Pragajibhai Kanbi, behind the house of Rambhai Kanbi in the Scheduled Caste area",2024-11-11,300000,2025-03-05,300000,Physical Inspection,Sanctioned - Not Completed,,,,114,,540.0,654.0,0,1.0,,False,False,True,True,True,True,True,True,True,True,True,True,False,False,False,0,100.0
"WS/MP18324/2024-2025/151888-Constructionofroads,linkroads,pathwaysoranyotherroadwithorwithoutdrainagesystem",Normal/Others,Gujarat,AMRELI,BHARATBHAI MANUBHAI SUTARIYA,AMRELI(DISTRICT COLLECTOR AMRELI_IDA),Work on the block road in the plot area in Machiyala mota village,2024-11-11,300000,2025-03-05,300000,Physical Inspection,Sanctioned - Not Completed,,,,114,,540.0,654.0,0,1.0,,False,False,True,True,True,True,True,True,True,True,True,True,False,False,False,0,100.0
"WS/MP18324/2024-2025/151890-Constructionofroads,linkroads,pathwaysoranyotherroadwithorwithoutdrainagesystem",Normal/Others,Gujarat,AMRELI,BHARATBHAI MANUBHAI SUTARIYA,AMRELI(DISTRICT COLLECTOR AMRELI_IDA),Work on block road in new SC area on Vavdi Road in Monpur village,2024-11-11,300000,2025-03-05,300000,Physical Inspection,Sanctioned - Not Completed,,,,114,,540.0,654.0,0,1.0,,False,False,True,True,True,True,True,True,True,True,True,True,False,False,False,0,100.0
"WS/MP18324/2024-2025/151891-Constructionofroads,linkroads,pathwaysoranyotherroadwithorwithoutdrainagesystem",Normal/Others,Gujarat,AMRELI,BHARATBHAI MANUBHAI SUTARIYA,AMRELI(DISTRICT COLLECTOR AMRELI_IDA),Work on block road in Ningham-1 village,2024-11-11,500000,2025-03-19,500000,Physical Inspection,Sanctioned - Not Completed,,,,128,,526.0,654.0,0,1.0,,False,False,True,True,True,True,True,True,True,True,True,True,False,False,False,0,100.0
"WS/MP18324/2024-2025/151950-Constructionofroads,linkroads,pathwaysoranyotherroadwithorwithoutdrainagesystem",Normal/Others,Gujarat,AMRELI,BHARATBHAI MANUBHAI SUTARIYA,AMRELI(DISTRICT COLLECTOR AMRELI_IDA),Block road work in SC area from Dalpatbhai Madhad's house to Rameshbhai Madhad's house in Varsada village,2024-11-11,300000,2025-03-05,300000,Sanction,Sanctioned - Not Completed,,,,114,,540.0,654.0,0,1.0,,False,False,True,True,True,True,True,True,True,True,True,True,False,False,False,0,100.0
"WS/MP18324/2024-2025/153056-Constructionofroads,linkroads,pathwaysoranyotherroadwithorwithoutdrainagesystem",Normal/Others,Gujarat,AMRELI,BHARATBHAI MANUBHAI SUTARIYA,AMRELI(DISTRICT COLLECTOR AMRELI_IDA),Block Paving Work (SC Area) near Mafatpara Plot Mahadev Para in Devaliya village,2024-11-18,399600,2025-03-05,399600,Physical Inspection,Sanctioned - Not Completed,,,,107,,540.0,647.0,0,1.0,,False,False,True,True,True,True,True,True,True,True,True,True,False,False,False,0,100.0
WS/MP18324/2025-2026/151095-Constructionofpublicirrigationfacilities,Normal/Others,Gujarat,AMRELI,BHARATBHAI MANUBHAI SUTARIYA,AMRELI(DISTRICT COLLECTOR AMRELI_IDA),Compound wall work around drinking water pump house at Vijayanagar village,2024-11-06,300000,2025-09-02,300000,Sanction,Sanctioned - Not Completed,,,,300,,359.0,659.0,0,1.0,,False,False,True,True,True,True,True,True,True,True,True,True,False,False,False,0,100.0
WS/MP18324/2025-2026/151097-Providingdrainsandguttersforpublicdrainage,Normal/Others,Gujarat,AMRELI,BHARATBHAI MANUBHAI SUTARIYA,AMRELI(DISTRICT COLLECTOR AMRELI_IDA),PVC sewer work in Koli Vas area at Abhrampara,2024-11-06,300000,2025-09-02,300000,Physical Inspection,Sanctioned - Not Completed,,,,300,,359.0,659.0,0,1.0,,False,False,True,True,True,True,True,True,True,True,True,True,False,False,False,0,100.0
"WS/MP18324/2025-2026/151099-Constructionofroads,linkroads,pathwaysoranyotherroadwithorwithoutdrainagesystem",Normal/Others,Gujarat,AMRELI,BHARATBHAI MANUBHAI SUTARIYA,AMRELI(DISTRICT COLLECTOR AMRELI_IDA),Block paving from Munjapara's house to Gedia's house in Shankarpara area of Nana Bhamodra,2024-11-06,300000,2025-10-06,300000,Time Estimation,Sanctioned - Not Completed,,,,334,,325.0,659.0,0,1.0,,False,False,True,True,True,True,True,True,True,True,True,True,False,False,False,0,100.0
"WS/MP18324/2025-2026/151103-Constructionofroads,linkroads,pathwaysoranyotherroadwithorwithoutdrainagesystem",Normal/Others,Gujarat,AMRELI,BHARATBHAI MANUBHAI SUTARIYA,AMRELI(DISTRICT COLLECTOR AMRELI_IDA),Block paving work in different areas of Hadida village,2024-11-06,300000,2026-01-31,300000,Physical Inspection,Sanctioned - Not Completed,,,,451,,208.0,659.0,0,1.0,,False,False,True,True,True,True,True,True,True,True,True,True,False,False,False,0,100.0
WS/MP18324/2025-2026/151104-Constructionofculvertsandbridges,Normal/Others,Gujarat,AMRELI,BHARATBHAI MANUBHAI SUTARIYA,AMRELI(DISTRICT COLLECTOR AMRELI_IDA),"Near the house of Jaysukhbhai Kanjibhai, the causeway in Dolati village",2024-11-06,300000,2025-09-24,300000,Time Estimation,Sanctioned - Not Completed,,,,322,,337.0,659.0,0,1.0,,False,False,True,True,True,True,True,True,True,True,True,True,False,False,False,0,100.0
"WS/MP18324/2025-2026/151105-Constructionofroads,linkroads,pathwaysoranyotherroadwithorwithoutdrainagesystem",Normal/Others,Gujarat,AMRELI,BHARATBHAI MANUBHAI SUTARIYA,AMRELI(DISTRICT COLLECTOR AMRELI_IDA),C.C. Road in Ghoba village in different areas.,2024-11-06,300000,2025-09-24,300000,Time Estimation,Sanctioned - Not Completed,,,,322,,337.0,659.0,0,1.0,,False,False,True,True,True,True,True,True,True,True,True,True,False,False,False,0,100.0
"WS/MP18324/2025-2026/151106-Constructionofroads,linkroads,pathwaysoranyotherroadwithorwithoutdrainagesystem",Normal/Others,Gujarat,AMRELI,BHARATBHAI MANUBHAI SUTARIYA,AMRELI(DISTRICT COLLECTOR AMRELI_IDA),C.C. Road in Thordi village from Jamalbhai Ghanchi's house to the old bus stand,2024-11-06,300000,2025-09-02,300000,Physical Inspection,Sanctioned - Not Completed,,,,300,,359.0,659.0,0,1.0,,False,False,True,True,True,True,True,True,True,True,True,True,False,False,False,0,100.0
"WS/MP18324/2025-2026/151107-Constructionofroads,linkroads,pathwaysoranyotherroadwithorwithoutdrainagesystem",Normal/Others,Gujarat,AMRELI,BHARATBHAI MANUBHAI SUTARIYA,AMRELI(DISTRICT COLLECTOR AMRELI_IDA),Block paving from Mansukhbhai Vallabhbhai Bhalala's house to Anakbhai Khuman's house in Bhuwa village,2024-11-06,300000,2025-09-02,300000,Sanction,Sanctioned - Not Completed,,,,300,,359.0,659.0,0,1.0,,False,False,True,True,True,True,True,True,True,True,True,True,False,False,False,0,100.0
WS/MP18324/2025-2026/151114-Constructionofrainwaterharvestingstructures,Normal/Others,Gujarat,AMRELI,BHARATBHAI MANUBHAI SUTARIYA,BHAVNAGAR(DISTRICT COLLECTOR BHAVNAGAR_IDA),"In Rabarika village, bandhapala (nalaplang work) at three different places to prevent rain water in the canal of Saavjada.",2024-11-06,300000,2025-10-10,300000,Time Estimation,Sanctioned - Not Completed,,,,338,,321.0,659.0,0,1.0,,False,False,True,True,True,True,True,True,True,True,True,True,False,False,False,0,100.0
WS/MP18324/2025-2026/151115-Constructionofculvertsandbridges,Normal/Others,Gujarat,AMRELI,BHARATBHAI MANUBHAI SUTARIYA,AMRELI(DISTRICT COLLECTOR AMRELI_IDA),"Causeway in old Savar village, on the way to Karal from Kerala Road",2024-11-06,300000,2025-09-24,300000,Sanction,Sanctioned - Not Completed,,,,322,,337.0,659.0,0,1.0,,False,False,True,True,True,True,True,True,True,True,True,True,False,False,False,0,100.0
"WS/MP18324/2025-2026/151157-Constructionofroads,linkroads,pathwaysoranyotherroadwithorwithoutdrainagesystem",Normal/Others,Gujarat,AMRELI,BHARATBHAI MANUBHAI SUTARIYA,AMRELI(DISTRICT COLLECTOR AMRELI_IDA),Block paving work in the SC area of Saldi village,2024-11-06,300000,2025-12-10,300000,Vendor Identification,Sanctioned - Not Completed,,,,399,,260.0,659.0,0,1.0,,False,False,True,True,True,True,True,True,True,True,True,True,False,False,False,0,100.0
WS/MP18324/2025-2026/151488-Constructionofculvertsandbridges,Normal/Others,Gujarat,AMRELI,BHARATBHAI MANUBHAI SUTARIYA,AMRELI(DISTRICT COLLECTOR AMRELI_IDA),Causeway near Arvindbhai Naliyadara Wadi in Bagsara town,2024-11-08,250000,2025-08-22,250000,Sanction,Sanctioned - Not Completed,,,,287,,370.0,657.0,0,1.0,,False,False,True,True,True,True,True,True,True,True,True,True,False,False,False,0,100.0
"WS/MP18324/2025-2026/151490-Constructionofroads,linkroads,pathwaysoranyotherroadwithorwithoutdrainagesystem",Normal/Others,Gujarat,AMRELI,BHARATBHAI MANUBHAI SUTARIYA,AMRELI(DISTRICT COLLECTOR AMRELI_IDA),Work on block paving road in Nava Vaghaniya village,2024-11-08,297100,2025-07-18,297100,Physical Inspection,Sanctioned - Not Completed,,,,252,,405.0,657.0,0,1.0,,False,False,True,True,True,True,True,True,True,True,True,True,False,False,False,0,100.0
"WS/MP18324/2025-2026/151491-Constructionofroads,linkroads,pathwaysoranyotherroadwithorwithoutdrainagesystem",Normal/Others,Gujarat,AMRELI,BHARATBHAI MANUBHAI SUTARIYA,AMRELI(DISTRICT COLLECTOR AMRELI_IDA),Work on block paving road in Juna Vaghaniya village,2024-11-08,300000,2025-05-20,300000,Physical Inspection,Sanctioned - Not Completed,,,,193,,464.0,657.0,0,1.0,,False,False,True,True,True,True,True,True,True,True,True,True,False,False,False,0,100.0
"WS/MP18324/2025-2026/151492-Constructionofroads,linkroads,pathwaysoranyotherroadwithorwithoutdrainagesystem",Normal/Others,Gujarat,AMRELI,BHARATBHAI MANUBHAI SUTARIYA,AMRELI(DISTRICT COLLECTOR AMRELI_IDA),Work on block paving road in Munjiasar Mota village,2024-11-08,300000,2025-05-12,300000,Sanction,Sanctioned - Not Completed,,,,185,,472.0,657.0,0,1.0,,False,False,True,True,True,True,True,True,True,True,True,True,False,False,False,0,100.0
"WS/MP18324/2025-2026/151493-Constructionofroads,linkroads,pathwaysoranyotherroadwithorwithoutdrainagesystem",Normal/Others,Gujarat,AMRELI,BHARATBHAI MANUBHAI SUTARIYA,AMRELI(DISTRICT COLLECTOR AMRELI_IDA),Work on C.C. Road in Mavjinjva village,2024-11-08,300000,2025-05-12,300000,Physical Inspection,Sanctioned - Not Completed,,,,185,,472.0,657.0,0,1.0,,False,False,True,True,True,True,True,True,True,True,True,True,False,False,False,0,100.0
"WS/MP18324/2025-2026/151494-Constructionofroads,linkroads,pathwaysoranyotherroadwithorwithoutdrainagesystem",Normal/Others,Gujarat,AMRELI,BHARATBHAI MANUBHAI SUTARIYA,AMRELI(DISTRICT COLLECTOR AMRELI_IDA),Work on main gamtal main market C.C.Road in Deri Pipariya village,2024-11-08,300000,2025-05-12,300000,Physical Inspection,Sanctioned - Not Completed,,,,185,,472.0,657.0,0,1.0,,False,False,True,True,True,True,True,True,True,True,True,True,False,False,False,0,100.0
"WS/MP18324/2025-2026/151504-Constructionofroads,linkroads,pathwaysoranyotherroadwithorwithoutdrainagesystem",Normal/Others,Gujarat,AMRELI,BHARATBHAI MANUBHAI SUTARIYA,BHAVNAGAR(DISTRICT COLLECTOR BHAVNAGAR_IDA),Block paving work in the interior lanes in Japa area of Katpar village,2024-11-08,500000,2025-04-08,500000,Physical Inspection,Sanctioned - Not Completed,,,,151,,506.0,657.0,0,1.0,,False,False,True,True,True,True,True,True,True,True,True,True,False,False,False,0,100.0
"WS/MP18324/2025-2026/153055-Constructionofroads,linkroads,pathwaysoranyotherroadwithorwithoutdrainagesystem",Normal/Others,Gujarat,AMRELI,BHARATBHAI MANUBHAI SUTARIYA,AMRELI(DISTRICT COLLECTOR AMRELI_IDA),Work on block paving road near to Sardar Saheb's statue near to S.C. area in Mota Bhamodra village,2024-11-18,300000,2025-04-28,300000,Physical Inspection,Sanctioned - Not Completed,,,,161,,486.0,647.0,0,1.0,,False,False,True,True,True,True,True,True,True,True,True,True,False,False,False,0,100.0
"WS/MP323/2024-2025/150621-Constructionofroads,linkroads,pathwaysoranyotherroadwithorwithoutdrainagesystem",Normal/Others,Gujarat,JUNAGADH,Rajeshbhai Naranbhai Chudasama,GIR SOMNATH(DISTRICT COLLECTOR GIR SOMNATH_IDA),"Gir Somnath District,Talala Taluka,khirdhar,CC road work on the road leading from Dhirubhai Rajabhai Chudasma's house to Ramjibhai Bhurabhai Chudasma's house at Khirdhar village.",2024-11-04,300000,2024-12-24,300000,Physical Inspection,Sanctioned - Not Completed,,,,50,,611.0,661.0,0,1.0,,False,False,True,True,True,True,True,True,True,True,True,True,False,False,False,0,100.0
WS/MP574/2025-2026/145476-Constructionofroomsandhallsinschoolandcolleges,Trust and Society,Gujarat,PATAN,Bharatsinhji Shankarji Dabhi,MAHESANA(DISTRICT COLLECTOR MAHESANA_IDA),Construction of new room of Shree Chamunda Kanya Vidyalaya- Dabhoda managed By Gujarat Kshatriya Thakor Samaj Vikas Manch - Dabhoda,2024-10-04,500000,2025-08-21,500000,Physical Inspection,Sanctioned - Not Completed,,,,321,,371.0,692.0,0,1.0,,False,False,True,True,True,True,True,True,True,True,True,True,False,False,False,0,100.0
WS/MP574/2025-2026/145479-Constructionofroomsandhallsinschoolandcolleges,Trust and Society,Gujarat,PATAN,Bharatsinhji Shankarji Dabhi,MAHESANA(DISTRICT COLLECTOR MAHESANA_IDA),Construction of new room of Shree Chamunda Kanya Vidyalaya- Dabhoda managed By Gujarat Kshatriya Thakor Samaj Vikas Manch - Dabhoda,2024-10-04,500000,2025-08-21,500000,Physical Inspection,Sanctioned - Not Completed,,,,321,,371.0,692.0,0,1.0,,False,False,True,True,True,True,True,True,True,True,True,True,False,False,False,0,100.0
WS/MP574/2025-2026/145482-Constructionofroomsandhallsinschoolandcolleges,Trust and Society,Gujarat,PATAN,Bharatsinhji Shankarji Dabhi,MAHESANA(DISTRICT COLLECTOR MAHESANA_IDA),Construction of new room of Shree Chamunda Kanya Vidyalaya- Dabhoda managed By Gujarat Kshatriya Thakor Samaj Vikas Manch - Dabhoda,2024-10-04,500000,2025-08-21,500000,Physical Inspection,Sanctioned - Not Completed,,,,321,,371.0,692.0,0,1.0,,False,False,True,True,True,True,True,True,True,True,True,True,False,False,False,0,100.0
WS/MP574/2025-2026/145489-Constructionofroomsandhallsinschoolandcolleges,Trust and Society,Gujarat,PATAN,Bharatsinhji Shankarji Dabhi,MAHESANA(DISTRICT COLLECTOR MAHESANA_IDA),Construction of new room of Shree Chamunda Kanya Vidyalaya- Dabhoda managed By Gujarat Kshatriya Thakor Samaj Vikas Manch - Dabhoda,2024-10-04,500000,2025-08-21,500000,Physical Inspection,Sanctioned - Not Completed,,,,321,,371.0,692.0,0,1.0,,False,False,True,True,True,True,True,True,True,True,True,True,False,False,False,0,100.0
"WS/MP575/2024-2025/138505-Constructionofroads,linkroads,pathwaysoranyotherroadwithorwithoutdrainagesystem",Normal/Others,Gujarat,NAVSARI,C R Patil,NAVSARI(DISTRICT COLLECTOR NAVSARI_IDA),"for block Paving in Patel Faliya, Talav Faliya At Rahej Village",2024-09-03,500000,2024-10-17,500000,Physical Inspection,Sanctioned - Not Completed,,,,44,,679.0,723.0,0,1.0,,False,False,True,True,True,True,True,True,True,True,True,True,False,False,False,0,100.0
"WS/MP577/2024-2025/133575-Constructionofroads,linkroads,pathwaysoranyotherroadwithorwithoutdrainagesystem",Normal/Others,Gujarat,DAHOD(ST),Jaswantsinh Sumanbhai Bhabhor,Dahod(DISTRICT COLLECTOR DOHAD_IDA),nalwai game chopadi faliya ma c.c.road nu kam,2024-07-17,250000,2025-03-27,250000,Work partially Completed,Sanctioned - Not Completed,,,,253,,518.0,771.0,0,1.0,,False,False,True,True,True,True,True,True,True,True,True,True,False,False,False,0,100.0
"WS/MP577/2024-2025/133576-Constructionofroads,linkroads,pathwaysoranyotherroadwithorwithoutdrainagesystem",Normal/Others,Gujarat,DAHOD(ST),Jaswantsinh Sumanbhai Bhabhor,Dahod(DISTRICT COLLECTOR DOHAD_IDA),garbada game kamliyavad faliyama c.c.road nu kam,2024-07-17,250000,2025-03-27,250000,Sanction,Sanctioned - Not Completed,,,,253,,518.0,771.0,0,1.0,,False,False,True,True,True,True,True,True,True,True,True,True,False,False,False,0,100.0
"WS/MP577/2024-2025/133578-Constructionofroads,linkroads,pathwaysoranyotherroadwithorwithoutdrainagesystem",Normal/Others,Gujarat,DAHOD(ST),Jaswantsinh Sumanbhai Bhabhor,Dahod(DISTRICT COLLECTOR DOHAD_IDA),chharchhoda game bhabhor faliya thi aanganvadi ne jodto c.c.roadnu kam,2024-07-17,250000,2025-03-27,250000,Sanction,Sanctioned - Not Completed,,,,253,,518.0,771.0,0,1.0,,False,False,True,True,True,True,True,True,True,True,True,True,False,False,False,0,100.0
"WS/MP577/2024-2025/133584-Constructionofroads,linkroads,pathwaysoranyotherroadwithorwithoutdrainagesystem",Normal/Others,Gujarat,DAHOD(ST),Jaswantsinh Sumanbhai Bhabhor,Dahod(DISTRICT COLLECTOR DOHAD_IDA),vajelav game sarpanch faliya ma c.c.road nu kam,2024-07-17,249291,2025-03-27,249291,Physical Inspection,Sanctioned - Not Completed,,,,253,,518.0,771.0,0,1.0,,False,False,True,True,True,True,True,True,True,True,True,True,False,False,False,0,100.0
"WS/MP577/2024-2025/133585-Constructionofroads,linkroads,pathwaysoranyotherroadwithorwithoutdrainagesystem",Normal/Others,Gujarat,DAHOD(ST),Jaswantsinh Sumanbhai Bhabhor,Dahod(DISTRICT COLLECTOR DOHAD_IDA),matwa game navi vsahat thi badarbhai plas na ghar sudhi c.c.road nu kam,2024-07-17,250000,2025-03-27,250000,Physical Inspection,Sanctioned - Not Completed,,,,253,,518.0,771.0,0,1.0,,False,False,True,True,True,True,True,True,True,True,True,True,False,False,False,0,100.0
"WS/MP577/2024-2025/133586-Constructionofroads,linkroads,pathwaysoranyotherroadwithorwithoutdrainagesystem",Normal/Others,Gujarat,DAHOD(ST),Jaswantsinh Sumanbhai Bhabhor,Dahod(DISTRICT COLLECTOR DOHAD_IDA),abhlod game indira nagari faliya ma c.c.road nu kam,2024-07-17,249291,2025-03-27,249291,Sanction,Sanctioned - Not Completed,,,,253,,518.0,771.0,0,1.0,,False,False,True,True,True,True,True,True,True,True,True,True,False,False,False,0,100.0
"WS/MP577/2024-2025/133588-Constructionofroads,linkroads,pathwaysoranyotherroadwithorwithoutdrainagesystem",Normal/Others,Gujarat,DAHOD(ST),Jaswantsinh Sumanbhai Bhabhor,Dahod(DISTRICT COLLECTOR DOHAD_IDA),rayan panchayat limbu faliya thi lilva talavne jodto c.c.road nu kam,2024-07-17,250000,2025-03-27,250000,Physical Inspection,Sanctioned - Not Completed,,,,253,,518.0,771.0,0,1.0,,False,False,True,True,True,True,True,True,True,True,True,True,False,False,False,0,100.0
"WS/MP577/2024-2025/133592-Constructionofroads,linkroads,pathwaysoranyotherroadwithorwithoutdrainagesystem",Normal/Others,Gujarat,DAHOD(ST),Jaswantsinh Sumanbhai Bhabhor,Dahod(DISTRICT COLLECTOR DOHAD_IDA),kharva game bhuriya faliya ma c.c.road nu kam,2024-07-17,249291,2025-03-27,249291,Sanction,Sanctioned - Not Completed,,,,253,,518.0,771.0,0,1.0,,False,False,True,True,True,True,True,True,True,True,True,True,False,False,False,0,100.0
"WS/MP577/2024-2025/133597-Constructionofroads,linkroads,pathwaysoranyotherroadwithorwithoutdrainagesystem",Normal/Others,Gujarat,DAHOD(ST),Jaswantsinh Sumanbhai Bhabhor,Dahod(DISTRICT COLLECTOR DOHAD_IDA),nimach game nichvas faliya ma c.c.road nu kam,2024-07-17,249291,2025-03-27,249291,Physical Inspection,Sanctioned - Not Completed,,,,253,,518.0,771.0,0,1.0,,False,False,True,True,True,True,True,True,True,True,True,True,False,False,False,0,100.0
"WS/MP577/2024-2025/133598-Constructionofroads,linkroads,pathwaysoranyotherroadwithorwithoutdrainagesystem",Normal/Others,Gujarat,DAHOD(ST),Jaswantsinh Sumanbhai Bhabhor,Dahod(DISTRICT COLLECTOR DOHAD_IDA),vadva game bariya faliya anganvadi ne jodto c.c.road nu kam,2024-07-17,249291,2025-03-27,249291,Sanction,Sanctioned - Not Completed,,,,253,,518.0,771.0,0,1.0,,False,False,True,True,True,True,True,True,True,True,True,True,False,False,False,0,100.0
"WS/MP577/2024-2025/133600-Constructionofroads,linkroads,pathwaysoranyotherroadwithorwithoutdrainagesystem",Normal/Others,Gujarat,DAHOD(ST),Jaswantsinh Sumanbhai Bhabhor,Dahod(DISTRICT COLLECTOR DOHAD_IDA),sahada game nishal faliya thi khaped faliya ne jodto c.c.road nu kam,2024-07-17,249291,2025-03-27,249291,Physical Inspection,Sanctioned - Not Completed,,,,253,,518.0,771.0,0,1.0,,False,False,True,True,True,True,True,True,True,True,True,True,False,False,False,0,100.0
"WS/MP577/2024-2025/133601-Constructionofroads,linkroads,pathwaysoranyotherroadwithorwithoutdrainagesystem",Normal/Others,Gujarat,DAHOD(ST),Jaswantsinh Sumanbhai Bhabhor,Dahod(DISTRICT COLLECTOR DOHAD_IDA),nava faliya thi bamniya sudhi c.c.road nu kam,2024-07-17,249291,2025-03-27,249291,Physical Inspection,Sanctioned - Not Completed,,,,253,,518.0,771.0,0,1.0,,False,False,True,True,True,True,True,True,True,True,True,True,False,False,False,0,100.0
"WS/MP577/2024-2025/133606-Constructionofroads,linkroads,pathwaysoranyotherroadwithorwithoutdrainagesystem",Normal/Others,Gujarat,DAHOD(ST),Jaswantsinh Sumanbhai Bhabhor,Dahod(DISTRICT COLLECTOR DOHAD_IDA),dumka game main road thi mukhy nishal sudhi c.c.road nu kam,2024-07-17,250000,2025-03-16,250000,Sanction,Sanctioned - Not Completed,,,,242,,529.0,771.0,0,1.0,,False,False,True,True,True,True,True,True,True,True,True,True,False,False,False,0,100.0
"WS/MP577/2024-2025/133607-Constructionofroads,linkroads,pathwaysoranyotherroadwithorwithoutdrainagesystem",Normal/Others,Gujarat,DAHOD(ST),Jaswantsinh Sumanbhai Bhabhor,Dahod(DISTRICT COLLECTOR DOHAD_IDA),motimalu game main road thi baheda faliya sudhi c.c.road nu kam,2024-07-17,250000,2025-03-16,250000,Sanction,Sanctioned - Not Completed,,,,242,,529.0,771.0,0,1.0,,False,False,True,True,True,True,True,True,True,True,True,True,False,False,False,0,100.0
"WS/MP577/2024-2025/133608-Constructionofroads,linkroads,pathwaysoranyotherroadwithorwithoutdrainagesystem",Normal/Others,Gujarat,DAHOD(ST),Jaswantsinh Sumanbhai Bhabhor,Dahod(DISTRICT COLLECTOR DOHAD_IDA),dumka game anganvadi kendr number 4 par c.c.road nu kam,2024-07-17,250000,2025-03-16,250000,Sanction,Sanctioned - Not Completed,,,,242,,529.0,771.0,0,1.0,,False,False,True,True,True,True,True,True,True,True,True,True,False,False,False,0,100.0
"WS/MP577/2024-2025/133612-Constructionofroads,linkroads,pathwaysoranyotherroadwithorwithoutdrainagesystem",Normal/Others,Gujarat,DAHOD(ST),Jaswantsinh Sumanbhai Bhabhor,Dahod(DISTRICT COLLECTOR DOHAD_IDA),khajuri game mali faliya ma c.c.road nu kam,2024-07-17,250000,2025-03-16,250000,Sanction,Sanctioned - Not Completed,,,,242,,529.0,771.0,0,1.0,,False,False,True,True,True,True,True,True,True,True,True,True,False,False,False,0,100.0
WS/MP577/2024-2025/133772-Providingdrainsandguttersforpublicdrainage,Normal/Others,Gujarat,DAHOD(ST),Jaswantsinh Sumanbhai Bhabhor,Dahod(DISTRICT COLLECTOR DOHAD_IDA),DUNGAR GAME KHAJURIYA FALIYA MA NAALA NU KAM,2024-07-20,225200,2025-01-08,225200,Physical Inspection,Sanctioned - Not Completed,,,,172,,596.0,768.0,0,1.0,,False,False,True,True,True,True,True,True,True,True,True,True,False,False,False,0,100.0
"WS/MP577/2024-2025/133773-Constructionoffloodcontrolembankments/protectionwallsalongriverbanks,hilltops,roadsides",Normal/Others,Gujarat,DAHOD(ST),Jaswantsinh Sumanbhai Bhabhor,Dahod(DISTRICT COLLECTOR DOHAD_IDA),DUNGAR GAME VALAY NADI PAR SANRAKSHAN DIVAL NU KAM,2024-07-20,328900,2025-01-08,328900,Physical Inspection,Sanctioned - Not Completed,,,,172,,596.0,768.0,0,1.0,,False,False,True,True,True,True,True,True,True,True,True,True,False,False,False,0,100.0
"WS/MP577/2024-2025/133774-Constructionofroads,linkroads,pathwaysoranyotherroadwithorwithoutdrainagesystem",Normal/Others,Gujarat,DAHOD(ST),Jaswantsinh Sumanbhai Bhabhor,Dahod(DISTRICT COLLECTOR DOHAD_IDA),DUNGAR GAME KADECHHA FALIYA MA MUKHY RASTA THI VINODBHAI VALABHAINA GHAR SUDHI R.C.C ROAD NU KAM,2024-07-20,288400,2025-01-08,288400,Physical Inspection,Sanctioned - Not Completed,,,,172,,596.0,768.0,0,1.0,,False,False,True,True,True,True,True,True,True,True,True,True,False,False,False,0,100.0
WS/MP577/2024-2025/133776-Constructionofpublicirrigationfacilities,Normal/Others,Gujarat,DAHOD(ST),Jaswantsinh Sumanbhai Bhabhor,Dahod(DISTRICT COLLECTOR DOHAD_IDA),DUNGAR GAME NARANBHAI NA FALIYA MA SAMUHIK KUVA NU KAM,2024-07-20,289800,2025-01-08,289800,Physical Inspection,Sanctioned - Not Completed,,,,172,,596.0,768.0,0,1.0,,False,False,True,True,True,True,True,True,True,True,True,True,False,False,False,0,100.0
WS/MP577/2024-2025/138729-Constructionofpublicirrigationfacilities,Normal/Others,Gujarat,DAHOD(ST),Jaswantsinh Sumanbhai Bhabhor,Mahisagar(COLLECTOR MAHISAGAR_IDA),mundvada koyabhai surjibhai na sarve number 144 ni najik na sarkari kotar par chekdem nu kam,2024-09-06,500000,2025-01-22,500000,Physical Inspection,Sanctioned - Not Completed,,,,138,,582.0,720.0,0,1.0,,False,False,True,True,True,True,True,True,True,True,True,True,False,False,False,0,100.0
"WS/MP577/2024-2025/138732-Constructionofroads,linkroads,pathwaysoranyotherroadwithorwithoutdrainagesystem",Normal/Others,Gujarat,DAHOD(ST),Jaswantsinh Sumanbhai Bhabhor,Dahod(DISTRICT COLLECTOR DOHAD_IDA),navyuvak secondary highschool ma c.c.road nu kam 200 mtr,2024-09-06,250000,2025-01-31,250000,Physical Inspection,Sanctioned - Not Completed,,,,147,,573.0,720.0,0,1.0,,False,False,True,True,True,True,True,True,True,True,True,True,False,False,False,0,100.0
"WS/MP577/2024-2025/138733-Constructionofroads,linkroads,pathwaysoranyotherroadwithorwithoutdrainagesystem",Normal/Others,Gujarat,DAHOD(ST),Jaswantsinh Sumanbhai Bhabhor,Dahod(DISTRICT COLLECTOR DOHAD_IDA),limkheda pragati girls school ma C.C. road nu kam 300 mtr,2024-09-06,300000,2025-03-16,300000,Sanction,Sanctioned - Not Completed,,,,191,,529.0,720.0,0,1.0,,False,False,True,True,True,True,True,True,True,True,True,True,False,False,False,0,100.0
"WS/MP577/2024-2025/138734-Constructionofroads,linkroads,pathwaysoranyotherroadwithorwithoutdrainagesystem",Normal/Others,Gujarat,DAHOD(ST),Jaswantsinh Sumanbhai Bhabhor,Dahod(DISTRICT COLLECTOR DOHAD_IDA),adivasi ashram shala dudhiya ma damar road thi c.c. road nu kam,2024-09-06,399897,2025-03-16,399897,Physical Inspection,Sanctioned - Not Completed,,,,191,,529.0,720.0,0,1.0,,False,False,True,True,True,True,True,True,True,True,True,True,False,False,False,0,100.0
"WS/MP577/2024-2025/138736-Constructionofroads,linkroads,pathwaysoranyotherroadwithorwithoutdrainagesystem",Normal/Others,Gujarat,DAHOD(ST),Jaswantsinh Sumanbhai Bhabhor,Dahod(DISTRICT COLLECTOR DOHAD_IDA),haighway road thi bhuriya chuniya maniya na ghar sudhi c.c.road nu kam 200 mtr,2024-09-06,250000,2025-03-16,250000,Physical Inspection,Sanctioned - Not Completed,,,,191,,529.0,720.0,0,1.0,,False,False,True,True,True,True,True,True,True,True,True,True,False,False,False,0,100.0
"WS/MP577/2024-2025/138737-Constructionofroads,linkroads,pathwaysoranyotherroadwithorwithoutdrainagesystem",Normal/Others,Gujarat,DAHOD(ST),Jaswantsinh Sumanbhai Bhabhor,Dahod(DISTRICT COLLECTOR DOHAD_IDA),fulpuri primary school thi damor varsinhbhai alaljibhai na ghr sudhi c.c.road nu kam 300 mtr,2024-09-06,298500,2025-03-16,298500,Physical Inspection,Sanctioned - Not Completed,,,,191,,529.0,720.0,0,1.0,,False,False,True,True,True,True,True,True,True,True,True,True,False,False,False,0,100.0
"WS/MP577/2024-2025/138738-Constructionofroads,linkroads,pathwaysoranyotherroadwithorwithoutdrainagesystem",Normal/Others,Gujarat,DAHOD(ST),Jaswantsinh Sumanbhai Bhabhor,Dahod(DISTRICT COLLECTOR DOHAD_IDA),haighway road thi pargi samsubhai titabhai na ghar sudhi c.c.road nu kam 300 mtr,2024-09-06,294400,2025-03-16,294400,Physical Inspection,Sanctioned - Not Completed,,,,191,,529.0,720.0,0,1.0,,False,False,True,True,True,True,True,True,True,True,True,True,False,False,False,0,100.0
"WS/MP577/2024-2025/138739-Constructionofroads,linkroads,pathwaysoranyotherroadwithorwithoutdrainagesystem",Normal/Others,Gujarat,DAHOD(ST),Jaswantsinh Sumanbhai Bhabhor,Dahod(DISTRICT COLLECTOR DOHAD_IDA),haighway road thi bhabhor bhavsingbhai virsingbhai na ghar sudhi c.c.road nu kam 200 mtr,2024-09-06,244100,2025-03-16,244100,Physical Inspection,Sanctioned - Not Completed,,,,191,,529.0,720.0,0,1.0,,False,False,True,True,True,True,True,True,True,True,True,True,False,False,False,0,100.0
WS/MP577/2024-2025/140752-Constructionofpublicirrigationfacilities,Normal/Others,Gujarat,DAHOD(ST),Jaswantsinh Sumanbhai Bhabhor,Dahod(DISTRICT COLLECTOR DOHAD_IDA),nisarta gamdi game surpur faliya ma sarvajnik kuva nu kam,2024-09-20,400000,2025-01-08,400000,Sanction,Sanctioned - Not Completed,,,,110,,596.0,706.0,0,1.0,,False,False,True,True,True,True,True,True,True,True,True,True,False,False,False,0,100.0
WS/MP577/2024-2025/140753-Constructionofpublicirrigationfacilities,Normal/Others,Gujarat,DAHOD(ST),Jaswantsinh Sumanbhai Bhabhor,Dahod(DISTRICT COLLECTOR DOHAD_IDA),nisarta gamdi game nisarta faliya ma sarvajnik kuva nu kam,2024-09-20,400000,2025-01-08,400000,Sanction,Sanctioned - Not Completed,,,,110,,596.0,706.0,0,1.0,,False,False,True,True,True,True,True,True,True,True,True,True,False,False,False,0,100.0
WS/MP577/2024-2025/140754-Constructionofpublicirrigationfacilities,Normal/Others,Gujarat,DAHOD(ST),Jaswantsinh Sumanbhai Bhabhor,Dahod(DISTRICT COLLECTOR DOHAD_IDA),gamdi game bhuriya faliya ma samuhik kuva nu kam,2024-09-20,400000,2025-03-16,400000,Sanction,Sanctioned - Not Completed,,,,177,,529.0,706.0,0,1.0,,False,False,True,True,True,True,True,True,True,True,True,True,False,False,False,0,100.0
WS/MP577/2024-2025/140755-Constructionofpublicirrigationfacilities,Normal/Others,Gujarat,DAHOD(ST),Jaswantsinh Sumanbhai Bhabhor,Dahod(DISTRICT COLLECTOR DOHAD_IDA),gamdi game katara faliya ma samuhik kuva nu kam,2024-09-20,400000,2025-03-16,400000,Sanction,Sanctioned - Not Completed,,,,177,,529.0,706.0,0,1.0,,False,False,True,True,True,True,True,True,True,True,True,True,False,False,False,0,100.0
WS/MP577/2024-2025/140756-Constructionofpublicirrigationfacilities,Normal/Others,Gujarat,DAHOD(ST),Jaswantsinh Sumanbhai Bhabhor,Dahod(DISTRICT COLLECTOR DOHAD_IDA),gamdi purv game vhora  faliya ma sarvjanik kuva nu kam,2024-09-20,400000,2025-01-08,400000,Physical Inspection,Sanctioned - Not Completed,,,,110,,596.0,706.0,0,1.0,,False,False,True,True,True,True,True,True,True,True,True,True,False,False,False,0,100.0
WS/MP577/2024-2025/140757-Constructionofpublicirrigationfacilities,Normal/Others,Gujarat,DAHOD(ST),Jaswantsinh Sumanbhai Bhabhor,Dahod(DISTRICT COLLECTOR DOHAD_IDA),gamdi purv game mota dhara faliya ma sarvajanik kuva nu kam,2024-09-20,379000,2025-01-08,379000,Physical Inspection,Sanctioned - Not Completed,,,,110,,596.0,706.0,0,1.0,,False,False,True,True,True,True,True,True,True,True,True,True,False,False,False,0,100.0
WS/MP577/2024-2025/140758-Constructionofpublicirrigationfacilities,Normal/Others,Gujarat,DAHOD(ST),Jaswantsinh Sumanbhai Bhabhor,Dahod(DISTRICT COLLECTOR DOHAD_IDA),raypura game   talav    faliya ma sarvajnik kuva nu kam,2024-09-20,400000,2025-01-08,400000,Sanction,Sanctioned - Not Completed,,,,110,,596.0,706.0,0,1.0,,False,False,True,True,True,True,True,True,True,True,True,True,False,False,False,0,100.0
"WS/MP577/2024-2025/140760-Constructionofroads,linkroads,pathwaysoranyotherroadwithorwithoutdrainagesystem",Normal/Others,Gujarat,DAHOD(ST),Jaswantsinh Sumanbhai Bhabhor,Dahod(DISTRICT COLLECTOR DOHAD_IDA),GAMADI PURV GAME DAMOR RAMANBHAI MAGANBHAI NA GHAR THI  RAYPUR FATAK NE JODTA C.C.ROAD NU KAM,2024-09-20,249000,2025-01-08,249000,Physical Inspection,Sanctioned - Not Completed,,,,110,,596.0,706.0,0,1.0,,False,False,True,True,True,True,True,True,True,True,True,True,False,False,False,0,100.0
"WS/MP577/2024-2025/140761-Constructionoffloodcontrolembankments/protectionwallsalongriverbanks,hilltops,roadsides",Normal/Others,Gujarat,DAHOD(ST),Jaswantsinh Sumanbhai Bhabhor,Dahod(DISTRICT COLLECTOR DOHAD_IDA),NISARTA GAMDI GAME NISARTA FALIYA NA KOTAR PAR JAHER HITARTHE SANRKSHAN DIWAL NU KAM,2024-09-20,400000,2025-03-16,400000,Sanction,Sanctioned - Not Completed,,,,177,,529.0,706.0,0,1.0,,False,False,True,True,True,True,True,True,True,True,True,True,False,False,False,0,100.0
"WS/MP577/2024-2025/140762-Constructionoffloodcontrolembankments/protectionwallsalongriverbanks,hilltops,roadsides",Normal/Others,Gujarat,DAHOD(ST),Jaswantsinh Sumanbhai Bhabhor,Dahod(DISTRICT COLLECTOR DOHAD_IDA),GAMDI GAME TALAV PAR JATA SARKARI KOTAR PAR  JAHER HITARTHE SANRKSHAN DIWAL NU KAM,2024-09-20,250000,2025-03-16,250000,Sanction,Sanctioned - Not Completed,,,,177,,529.0,706.0,0,1.0,,False,False,True,True,True,True,True,True,True,True,True,True,False,False,False,0,100.0
"WS/MP577/2024-2025/140763-Constructionoffloodcontrolembankments/protectionwallsalongriverbanks,hilltops,roadsides",Normal/Others,Gujarat,DAHOD(ST),Jaswantsinh Sumanbhai Bhabhor,Dahod(DISTRICT COLLECTOR DOHAD_IDA),GAMDI GAME DEVAL FALIYA MA JATA SARKARI KOTAR PAR JAHER HITARTHE SANRKSHAN DIWAL NU KAM,2024-09-20,250000,2025-03-16,250000,Sanction,Sanctioned - Not Completed,,,,177,,529.0,706.0,0,1.0,,False,False,True,True,True,True,True,True,True,True,True,True,False,False,False,0,100.0
WS/MP577/2024-2025/140777-Providingdrainsandguttersforpublicdrainage,Normal/Others,Gujarat,DAHOD(ST),Jaswantsinh Sumanbhai Bhabhor,Dahod(DISTRICT COLLECTOR DOHAD_IDA),GAMDI PURV GAME MAL NE JODTA RASTA PAR BE HARNA NALA NU KAM,2024-09-20,250000,2025-01-08,250000,Sanction,Sanctioned - Not Completed,,,,110,,596.0,706.0,0,1.0,,False,False,True,True,True,True,True,True,True,True,True,True,False,False,False,0,100.0
"WS/MP577/2024-2025/140778-Constructionoffloodcontrolembankments/protectionwallsalongriverbanks,hilltops,roadsides",Normal/Others,Gujarat,DAHOD(ST),Jaswantsinh Sumanbhai Bhabhor,Dahod(DISTRICT COLLECTOR DOHAD_IDA),GAMDI PURV GAME GARASIYA FALIYA NE JODTA (DOLARA) KOTAR PAR SANRAKSHAN DIWAL NU KAM,2024-09-20,290000,2025-01-08,290000,Physical Inspection,Sanctioned - Not Completed,,,,110,,596.0,706.0,0,1.0,,False,False,True,True,True,True,True,True,True,True,True,True,False,False,False,0,100.0
"WS/MP577/2024-2025/140779-Constructionoffloodcontrolembankments/protectionwallsalongriverbanks,hilltops,roadsides",Normal/Others,Gujarat,DAHOD(ST),Jaswantsinh Sumanbhai Bhabhor,Dahod(DISTRICT COLLECTOR DOHAD_IDA),GAMDI PURV GAME GANGAJALIYA KOTAR PAR SANRKSHAN DIWAL NU KAM,2024-09-20,242900,2025-03-16,242900,Physical Inspection,Sanctioned - Not Completed,,,,177,,529.0,706.0,0,1.0,,False,False,True,True,True,True,True,True,True,True,True,True,False,False,False,0,100.0
"WS/MP577/2024-2025/140780-Constructionofroads,linkroads,pathwaysoranyotherroadwithorwithoutdrainagesystem",Normal/Others,Gujarat,DAHOD(ST),Jaswantsinh Sumanbhai Bhabhor,Dahod(DISTRICT COLLECTOR DOHAD_IDA),GAMDI PURV GAME MUKHY PRATHMIK SHALA THI GUNG TALAI THI DAMOR FALIYA SUDHI C.C.ROAD NU KAM 500 MTR,2024-09-20,495000,2025-03-16,495000,Physical Inspection,Sanctioned - Not Completed,,,,177,,529.0,706.0,0,1.0,,False,False,True,True,True,True,True,True,True,True,True,True,False,False,False,0,100.0
"WS/MP577/2024-2025/140781-Constructionofroads,linkroads,pathwaysoranyotherroadwithorwithoutdrainagesystem",Normal/Others,Gujarat,DAHOD(ST),Jaswantsinh Sumanbhai Bhabhor,Dahod(DISTRICT COLLECTOR DOHAD_IDA),GAMDI PURV GAME RAYPURA MUKHY RASTA THI BHABHOR FALIYA 500 MTR C.C.ROAD NU KAM,2024-09-20,500000,2025-03-16,500000,Physical Inspection,Sanctioned - Not Completed,,,,177,,529.0,706.0,0,1.0,,False,False,True,True,True,True,True,True,True,True,True,True,False,False,False,0,100.0
"WS/MP577/2024-2025/140783-Constructionofroads,linkroads,pathwaysoranyotherroadwithorwithoutdrainagesystem",Normal/Others,Gujarat,DAHOD(ST),Jaswantsinh Sumanbhai Bhabhor,Dahod(DISTRICT COLLECTOR DOHAD_IDA),CHHANSIYA GAME MUKHY RASTA THI SUVAR VALUBHAINA GHAR SUDHI C.C.ROAD NU KAM,2024-09-20,242600,2025-01-08,242600,Physical Inspection,Sanctioned - Not Completed,,,,110,,596.0,706.0,0,1.0,,False,False,True,True,True,True,True,True,True,True,True,True,False,False,False,0,100.0
"WS/MP577/2024-2025/140784-Constructionofroads,linkroads,pathwaysoranyotherroadwithorwithoutdrainagesystem",Normal/Others,Gujarat,DAHOD(ST),Jaswantsinh Sumanbhai Bhabhor,Dahod(DISTRICT COLLECTOR DOHAD_IDA),RAYPUR GAME DINDOR FALIYA MA C.C.ROAD NU KAM,2024-09-20,245800,2025-01-08,245800,Physical Inspection,Sanctioned - Not Completed,,,,110,,596.0,706.0,0,1.0,,False,False,True,True,True,True,True,True,True,True,True,True,False,False,False,0,100.0
"WS/MP577/2024-2025/140786-Constructionofroads,linkroads,pathwaysoranyotherroadwithorwithoutdrainagesystem",Normal/Others,Gujarat,DAHOD(ST),Jaswantsinh Sumanbhai Bhabhor,Dahod(DISTRICT COLLECTOR DOHAD_IDA),GAMDI GAME POST FALIYATHI MAKVANA FALIYA NE JODTA RASTA PAR TRAN HAR NALA NU KAM,2024-09-20,250000,2025-01-08,250000,Physical Inspection,Sanctioned - Not Completed,,,,110,,596.0,706.0,0,1.0,,False,False,True,True,True,True,True,True,True,True,True,True,False,False,False,0,100.0
WS/MP577/2024-2025/146154-Settingupofkitchenandpantries,Normal/Others,Gujarat,DAHOD(ST),Jaswantsinh Sumanbhai Bhabhor,Dahod(DISTRICT COLLECTOR DOHAD_IDA),dhavadiya game main primary school ma kitchen shed(rasoi ghar) nu kam,2024-10-09,500000,2025-03-20,500000,Physical Inspection,Sanctioned - Not Completed,,,,162,,525.0,687.0,0,1.0,,False,False,True,True,True,True,True,True,True,True,True,True,False,False,False,0,100.0
"WS/MP577/2024-2025/146162-Constructionofroads,linkroads,pathwaysoranyotherroadwithorwithoutdrainagesystem",Normal/Others,Gujarat,DAHOD(ST),Jaswantsinh Sumanbhai Bhabhor,Dahod(DISTRICT COLLECTOR DOHAD_IDA),hadmatkhunta game mukhy rasta thi lalsingbhaina ghar tarf jata rasta par c.c.road nu kam,2024-10-09,238700,2025-01-08,238700,Physical Inspection,Sanctioned - Not Completed,,,,91,,596.0,687.0,0,1.0,,False,False,True,True,True,True,True,True,True,True,True,True,False,False,False,0,100.0
WS/MP577/2024-2025/147090-Constructionofpublicirrigationfacilities,Normal/Others,Gujarat,DAHOD(ST),Jaswantsinh Sumanbhai Bhabhor,Dahod(DISTRICT COLLECTOR DOHAD_IDA),matva game  holi faliyama sarvjanik kuvanu kam,2024-10-15,350000,2025-03-27,350000,Sanction,Sanctioned - Not Completed,,,,163,,518.0,681.0,0,1.0,,False,False,True,True,True,True,True,True,True,True,True,True,False,False,False,0,100.0
WS/MP577/2024-2025/147091-Establishingpublicliftirrigationprojects,Normal/Others,Gujarat,DAHOD(ST),Jaswantsinh Sumanbhai Bhabhor,Dahod(DISTRICT COLLECTOR DOHAD_IDA),tarkadamahudi na muvada game nishal faliyama samuhik kuvanu kam,2024-10-15,346970,2025-03-16,346970,Sanction,Sanctioned - Not Completed,,,,152,,529.0,681.0,0,1.0,,False,False,True,True,True,True,True,True,True,True,True,True,False,False,False,0,100.0
WS/MP577/2024-2025/152615-Providingdrainsandguttersforpublicdrainage,Normal/Others,Gujarat,DAHOD(ST),Jaswantsinh Sumanbhai Bhabhor,Dahod(DISTRICT COLLECTOR DOHAD_IDA),BAR GAAME JUNI GRAM PANCHAYAT GHARNI AAGAL JAHER HITARTHE GATAR NU KAM,2024-11-21,250000,2025-03-16,250000,Physical Inspection,Sanctioned - Not Completed,,,,115,,529.0,644.0,0,1.0,,False,False,True,True,True,True,True,True,True,True,True,True,False,False,False,0,100.0
"WS/MP577/2025-2026/133549-Constructionofroads,linkroads,pathwaysoranyotherroadwithorwithoutdrainagesystem",Normal/Others,Gujarat,DAHOD(ST),Jaswantsinh Sumanbhai Bhabhor,Dahod(DISTRICT COLLECTOR DOHAD_IDA),khnagela game mota faliya ma c.c.road nu kam,2024-07-17,250000,2025-04-11,250000,Physical Inspection,Sanctioned - Not Completed,,,,268,,503.0,771.0,0,1.0,,False,False,True,True,True,True,True,True,True,True,True,True,False,False,False,0,100.0
"WS/MP577/2025-2026/133550-Constructionofroads,linkroads,pathwaysoranyotherroadwithorwithoutdrainagesystem",Normal/Others,Gujarat,DAHOD(ST),Jaswantsinh Sumanbhai Bhabhor,Dahod(DISTRICT COLLECTOR DOHAD_IDA),vijagadh game sampura balubhai na ghar thi kenal faliya sudhi c.c.road nu kam,2024-07-17,245697,2025-10-07,245697,Sanction,Sanctioned - Not Completed,,,,447,,324.0,771.0,0,1.0,,False,False,True,True,True,True,True,True,True,True,True,True,False,False,False,0,100.0
"WS/MP577/2025-2026/133551-Constructionofroads,linkroads,pathwaysoranyotherroadwithorwithoutdrainagesystem",Normal/Others,Gujarat,DAHOD(ST),Jaswantsinh Sumanbhai Bhabhor,Dahod(DISTRICT COLLECTOR DOHAD_IDA),khangela game dharmesh na ghar taraf jata rasta par c.c.road nu kam,2024-07-17,242105,2025-10-17,242105,Physical Inspection,Sanctioned - Not Completed,,,,457,,314.0,771.0,0,1.0,,False,False,True,True,True,True,True,True,True,True,True,True,False,False,False,0,100.0
"WS/MP577/2025-2026/133552-Constructionofroads,linkroads,pathwaysoranyotherroadwithorwithoutdrainagesystem",Normal/Others,Gujarat,DAHOD(ST),Jaswantsinh Sumanbhai Bhabhor,Dahod(DISTRICT COLLECTOR DOHAD_IDA),khapariya game damor faliya ma c.c.road nu kam,2024-07-17,250000,2025-04-11,250000,Sanction,Sanctioned - Not Completed,,,,268,,503.0,771.0,0,1.0,,False,False,True,True,True,True,True,True,True,True,True,True,False,False,False,0,100.0
"WS/MP577/2025-2026/133553-Constructionofroads,linkroads,pathwaysoranyotherroadwithorwithoutdrainagesystem",Normal/Others,Gujarat,DAHOD(ST),Jaswantsinh Sumanbhai Bhabhor,Dahod(DISTRICT COLLECTOR DOHAD_IDA),agavada game gamtal sarpanch faliya ma c.c.road nu kam,2024-07-17,245697,2025-10-07,245697,Sanction,Sanctioned - Not Completed,,,,447,,324.0,771.0,0,1.0,,False,False,True,True,True,True,True,True,True,True,True,True,False,False,False,0,100.0
WS/MP577/2025-2026/133554-Constructionofsheltersforanimals,Normal/Others,Gujarat,DAHOD(ST),Jaswantsinh Sumanbhai Bhabhor,Dahod(DISTRICT COLLECTOR DOHAD_IDA),dashla game sarkari prathmik  shala ma shed nu kam,2024-07-17,245098,2025-10-17,245098,Sanction,Sanctioned - Not Completed,,,,457,,314.0,771.0,0,1.0,,False,False,True,True,True,True,True,True,True,True,True,True,False,False,False,0,100.0
"WS/MP577/2025-2026/133556-Constructionofroads,linkroads,pathwaysoranyotherroadwithorwithoutdrainagesystem",Normal/Others,Gujarat,DAHOD(ST),Jaswantsinh Sumanbhai Bhabhor,Dahod(DISTRICT COLLECTOR DOHAD_IDA),khapariiya game damor simada faliya faliya ma c.c.road nu kam,2024-07-17,245697,2025-10-07,245697,Sanction,Sanctioned - Not Completed,,,,447,,324.0,771.0,0,1.0,,False,False,True,True,True,True,True,True,True,True,True,True,False,False,False,0,100.0
WS/MP577/2025-2026/133557-Constructionofpublicirrigationfacilities,Normal/Others,Gujarat,DAHOD(ST),Jaswantsinh Sumanbhai Bhabhor,Dahod(DISTRICT COLLECTOR DOHAD_IDA),VAROD SURPALI SADIYAVARU FALIYAMA AAVEL SARKARI SARVE NO.189-1 MA SAMUHIK KUVA NU KAM,2024-07-17,250000,2026-01-02,250000,Sanction,Sanctioned - Not Completed,,,,534,,237.0,771.0,0,1.0,,False,False,True,True,True,True,True,True,True,True,True,True,False,False,False,0,100.0
"WS/MP577/2025-2026/133558-Constructionofroads,linkroads,pathwaysoranyotherroadwithorwithoutdrainagesystem",Normal/Others,Gujarat,DAHOD(ST),Jaswantsinh Sumanbhai Bhabhor,Dahod(DISTRICT COLLECTOR DOHAD_IDA),varamkheda game mukhy rasta thi gamtal sudhi c.c.road nu kam,2024-07-17,245697,2025-10-07,245697,Sanction,Sanctioned - Not Completed,,,,447,,324.0,771.0,0,1.0,,False,False,True,True,True,True,True,True,True,True,True,True,False,False,False,0,100.0
"WS/MP577/2025-2026/133559-Constructionofroads,linkroads,pathwaysoranyotherroadwithorwithoutdrainagesystem",Normal/Others,Gujarat,DAHOD(ST),Jaswantsinh Sumanbhai Bhabhor,Dahod(DISTRICT COLLECTOR DOHAD_IDA),moti kharaj game dhanthadi c.c.road nu kam,2024-07-17,245098,2025-10-17,245098,Sanction,Sanctioned - Not Completed,,,,457,,314.0,771.0,0,1.0,,False,False,True,True,True,True,True,True,True,True,True,True,False,False,False,0,100.0
WS/MP577/2025-2026/133560-Constructionofpublicirrigationfacilities,Normal/Others,Gujarat,DAHOD(ST),Jaswantsinh Sumanbhai Bhabhor,Dahod(DISTRICT COLLECTOR DOHAD_IDA),nagrala game bamaniya faliya ma samuhik sinchai kuva nu kam,2024-07-17,245826,2025-10-17,245826,Sanction,Sanctioned - Not Completed,,,,457,,314.0,771.0,0,1.0,,False,False,True,True,True,True,True,True,True,True,True,True,False,False,False,0,100.0
WS/MP577/2025-2026/133561-Constructionofpublicirrigationfacilities,Normal/Others,Gujarat,DAHOD(ST),Jaswantsinh Sumanbhai Bhabhor,Dahod(DISTRICT COLLECTOR DOHAD_IDA),nasirpur game mavi faliya ma samuhik kuva nu kam,2024-07-17,245826,2025-10-17,245826,Sanction,Sanctioned - Not Completed,,,,457,,314.0,771.0,0,1.0,,False,False,True,True,True,True,True,True,True,True,True,True,False,False,False,0,100.0
"WS/MP577/2025-2026/133562-Constructionofroads,linkroads,pathwaysoranyotherroadwithorwithoutdrainagesystem",Normal/Others,Gujarat,DAHOD(ST),Jaswantsinh Sumanbhai Bhabhor,Dahod(DISTRICT COLLECTOR DOHAD_IDA),punsari game bhuriya faliya ma paka rasta ne jodto c.c.road nu kam,2024-07-17,245697,2025-10-07,245697,Sanction,Sanctioned - Not Completed,,,,447,,324.0,771.0,0,1.0,,False,False,True,True,True,True,True,True,True,True,True,True,False,False,False,0,100.0
"WS/MP577/2025-2026/133563-Constructionofroads,linkroads,pathwaysoranyotherroadwithorwithoutdrainagesystem",Normal/Others,Gujarat,DAHOD(ST),Jaswantsinh Sumanbhai Bhabhor,Dahod(DISTRICT COLLECTOR DOHAD_IDA),chandawada game toranvali mahudi faliya ma c.c.road nu kam,2024-07-17,245697,2025-10-07,245697,Sanction,Sanctioned - Not Completed,,,,447,,324.0,771.0,0,1.0,,False,False,True,True,True,True,True,True,True,True,True,True,False,False,False,0,100.0
"WS/MP577/2025-2026/133564-Constructionofroads,linkroads,pathwaysoranyotherroadwithorwithoutdrainagesystem",Normal/Others,Gujarat,DAHOD(ST),Jaswantsinh Sumanbhai Bhabhor,Dahod(DISTRICT COLLECTOR DOHAD_IDA),DHAVADIYA GAME BORVA FALIYAMA C.C.ROADNU KAM,2024-07-17,250000,2026-01-02,250000,Physical Inspection,Sanctioned - Not Completed,,,,534,,237.0,771.0,0,1.0,,False,False,True,True,True,True,True,True,True,True,True,True,False,False,False,0,100.0
"WS/MP577/2025-2026/133565-Constructionofroads,linkroads,pathwaysoranyotherroadwithorwithoutdrainagesystem",Normal/Others,Gujarat,DAHOD(ST),Jaswantsinh Sumanbhai Bhabhor,Dahod(DISTRICT COLLECTOR DOHAD_IDA),simaliya khurd  game gamtal thi majubhai na ghar sudhi c.c.road nu kam,2024-07-17,250000,2025-04-11,250000,Physical Inspection,Sanctioned - Not Completed,,,,268,,503.0,771.0,0,1.0,,False,False,True,True,True,True,True,True,True,True,True,True,False,False,False,0,100.0
"WS/MP577/2025-2026/133566-Constructionofroads,linkroads,pathwaysoranyotherroadwithorwithoutdrainagesystem",Normal/Others,Gujarat,DAHOD(ST),Jaswantsinh Sumanbhai Bhabhor,Dahod(DISTRICT COLLECTOR DOHAD_IDA),varamkheda game nadini bajuma c.c.road nu kam,2024-07-17,250000,2025-10-07,250000,Sanction,Sanctioned - Not Completed,,,,447,,324.0,771.0,0,1.0,,False,False,True,True,True,True,True,True,True,True,True,True,False,False,False,0,100.0
"WS/MP577/2025-2026/133567-Constructionofroads,linkroads,pathwaysoranyotherroadwithorwithoutdrainagesystem",Normal/Others,Gujarat,DAHOD(ST),Jaswantsinh Sumanbhai Bhabhor,Dahod(DISTRICT COLLECTOR DOHAD_IDA),bhutodi game mohaniya  faliya ma c.c.road nu kam,2024-07-17,245098,2025-10-17,245098,Physical Inspection,Sanctioned - Not Completed,,,,457,,314.0,771.0,0,1.0,,False,False,True,True,True,True,True,True,True,True,True,True,False,False,False,0,100.0
"WS/MP577/2025-2026/133568-Constructionofroads,linkroads,pathwaysoranyotherroadwithorwithoutdrainagesystem",Normal/Others,Gujarat,DAHOD(ST),Jaswantsinh Sumanbhai Bhabhor,Dahod(DISTRICT COLLECTOR DOHAD_IDA),motikharaj game paka rasta thi  bhabhor faliya sudhi c.c.road nu kam,2024-07-17,245697,2025-10-07,245697,Sanction,Sanctioned - Not Completed,,,,447,,324.0,771.0,0,1.0,,False,False,True,True,True,True,True,True,True,True,True,True,False,False,False,0,100.0
"WS/MP577/2025-2026/133569-Constructionofroads,linkroads,pathwaysoranyotherroadwithorwithoutdrainagesystem",Normal/Others,Gujarat,DAHOD(ST),Jaswantsinh Sumanbhai Bhabhor,Dahod(DISTRICT COLLECTOR DOHAD_IDA),khangela game paka rasta thi dineshbai gundiya  na ghar sudhi c.c.road nu kam,2024-07-17,250000,2025-04-11,250000,Physical Inspection,Sanctioned - Not Completed,,,,268,,503.0,771.0,0,1.0,,False,False,True,True,True,True,True,True,True,True,True,True,False,False,False,0,100.0
WS/MP577/2025-2026/133570-Providingdrainsandguttersforpublicdrainage,Normal/Others,Gujarat,DAHOD(ST),Jaswantsinh Sumanbhai Bhabhor,Dahod(DISTRICT COLLECTOR DOHAD_IDA),gadoi game umriya kotar upar smshan jata rasta upar nala nu kam,2024-07-17,250000,2025-04-11,250000,Sanction,Sanctioned - Not Completed,,,,268,,503.0,771.0,0,1.0,,False,False,True,True,True,True,True,True,True,True,True,True,False,False,False,0,100.0
WS/MP577/2025-2026/133571-Providingdrainsandguttersforpublicdrainage,Normal/Others,Gujarat,DAHOD(ST),Jaswantsinh Sumanbhai Bhabhor,Dahod(DISTRICT COLLECTOR DOHAD_IDA),bavka game mulka faliya thi smshan taraf jata rasta par nala nu kam,2024-07-17,250000,2025-04-11,250000,Sanction,Sanctioned - Not Completed,,,,268,,503.0,771.0,0,1.0,,False,False,True,True,True,True,True,True,True,True,True,True,False,False,False,0,100.0
WS/MP577/2025-2026/133572-Constructionofpublicirrigationfacilities,Normal/Others,Gujarat,DAHOD(ST),Jaswantsinh Sumanbhai Bhabhor,Dahod(DISTRICT COLLECTOR DOHAD_IDA),katwara game hathila faliya ma  samuhik kuva nu kam,2024-07-17,245826,2025-10-17,245826,Sanction,Sanctioned - Not Completed,,,,457,,314.0,771.0,0,1.0,,False,False,True,True,True,True,True,True,True,True,True,True,False,False,False,0,100.0
"WS/MP577/2025-2026/133573-Constructionofroads,linkroads,pathwaysoranyotherroadwithorwithoutdrainagesystem",Normal/Others,Gujarat,DAHOD(ST),Jaswantsinh Sumanbhai Bhabhor,Dahod(DISTRICT COLLECTOR DOHAD_IDA),nani kharaj game bandikhedi panda faliya ma c.c.road nu kam,2024-07-17,245697,2025-10-07,245697,Sanction,Sanctioned - Not Completed,,,,447,,324.0,771.0,0,1.0,,False,False,True,True,True,True,True,True,True,True,True,True,False,False,False,0,100.0
"WS/MP577/2025-2026/133574-Constructionofroads,linkroads,pathwaysoranyotherroadwithorwithoutdrainagesystem",Normal/Others,Gujarat,DAHOD(ST),Jaswantsinh Sumanbhai Bhabhor,Dahod(DISTRICT COLLECTOR DOHAD_IDA),kathla game damar road thi parmar faliya sudhi c.c.road nu kam,2024-07-17,245697,2025-10-07,245697,Sanction,Sanctioned - Not Completed,,,,447,,324.0,771.0,0,1.0,,False,False,True,True,True,True,True,True,True,True,True,True,False,False,False,0,100.0
WS/MP577/2025-2026/133577-Constructionofpublicirrigationfacilities,Normal/Others,Gujarat,DAHOD(ST),Jaswantsinh Sumanbhai Bhabhor,Dahod(DISTRICT COLLECTOR DOHAD_IDA),lilar game mavi faliya ma  samuhik kuva nu kam,2024-07-17,245826,2025-10-17,245826,Sanction,Sanctioned - Not Completed,,,,457,,314.0,771.0,0,1.0,,False,False,True,True,True,True,True,True,True,True,True,True,False,False,False,0,100.0
"WS/MP577/2025-2026/133579-Constructionofroads,linkroads,pathwaysoranyotherroadwithorwithoutdrainagesystem",Normal/Others,Gujarat,DAHOD(ST),Jaswantsinh Sumanbhai Bhabhor,Dahod(DISTRICT COLLECTOR DOHAD_IDA),bhutardi game bhuriya faliya ma c.c.road nu kam,2024-07-17,247496,2025-10-04,247496,Physical Inspection,Sanctioned - Not Completed,,,,444,,327.0,771.0,0,1.0,,False,False,True,True,True,True,True,True,True,True,True,True,False,False,False,0,100.0
"WS/MP577/2025-2026/133580-Constructionofroads,linkroads,pathwaysoranyotherroadwithorwithoutdrainagesystem",Normal/Others,Gujarat,DAHOD(ST),Jaswantsinh Sumanbhai Bhabhor,Dahod(DISTRICT COLLECTOR DOHAD_IDA),minakyar game bilval faliya ma c.c.road nu kam,2024-07-17,247496,2025-10-04,247496,Sanction,Sanctioned - Not Completed,,,,444,,327.0,771.0,0,1.0,,False,False,True,True,True,True,True,True,True,True,True,True,False,False,False,0,100.0
"WS/MP577/2025-2026/133581-Constructionofroads,linkroads,pathwaysoranyotherroadwithorwithoutdrainagesystem",Normal/Others,Gujarat,DAHOD(ST),Jaswantsinh Sumanbhai Bhabhor,Dahod(DISTRICT COLLECTOR DOHAD_IDA),kharva game rasulbhaina ghar pase nikalti  sheri thi aanganvadi sudhi c.c.road nu kam,2024-07-17,250000,2026-01-12,250000,Sanction,Sanctioned - Not Completed,,,,544,,227.0,771.0,0,1.0,,False,False,True,True,True,True,True,True,True,True,True,True,False,False,False,0,100.0
WS/MP577/2025-2026/133582-Constructionofpublicirrigationfacilities,Normal/Others,Gujarat,DAHOD(ST),Jaswantsinh Sumanbhai Bhabhor,Dahod(DISTRICT COLLECTOR DOHAD_IDA),nelsur game aashram faliya ma saamuhik kuva nu kam,2024-07-17,250000,2026-01-12,250000,Sanction,Sanctioned - Not Completed,,,,544,,227.0,771.0,0,1.0,,False,False,True,True,True,True,True,True,True,True,True,True,False,False,False,0,100.0
WS/MP577/2025-2026/133583-Constructionofpublicirrigationfacilities,Normal/Others,Gujarat,DAHOD(ST),Jaswantsinh Sumanbhai Bhabhor,Dahod(DISTRICT COLLECTOR DOHAD_IDA),ambli game khada faliya ma samuhik  kuva nu kam,2024-07-17,250000,2026-01-12,250000,Sanction,Sanctioned - Not Completed,,,,544,,227.0,771.0,0,1.0,,False,False,True,True,True,True,True,True,True,True,True,True,False,False,False,0,100.0
"WS/MP577/2025-2026/133587-Constructionofroads,linkroads,pathwaysoranyotherroadwithorwithoutdrainagesystem",Normal/Others,Gujarat,DAHOD(ST),Jaswantsinh Sumanbhai Bhabhor,Dahod(DISTRICT COLLECTOR DOHAD_IDA),zari burjarg game dungra faliya ma aanganvadi thi ramanbhai vanabhai na ghar sudhi c.c.road nu kam,2024-07-17,247496,2025-10-04,247496,Sanction,Sanctioned - Not Completed,,,,444,,327.0,771.0,0,1.0,,False,False,True,True,True,True,True,True,True,True,True,True,False,False,False,0,100.0
WS/MP577/2025-2026/133589-Constructionofpublicirrigationfacilities,Normal/Others,Gujarat,DAHOD(ST),Jaswantsinh Sumanbhai Bhabhor,Dahod(DISTRICT COLLECTOR DOHAD_IDA),boriyala game divaniya faliya ma samuhik kuva nu kam,2024-07-17,250000,2026-01-12,250000,Sanction,Sanctioned - Not Completed,,,,544,,227.0,771.0,0,1.0,,False,False,True,True,True,True,True,True,True,True,True,True,False,False,False,0,100.0
WS/MP577/2025-2026/133590-Constructionofpublicirrigationfacilities,Normal/Others,Gujarat,DAHOD(ST),Jaswantsinh Sumanbhai Bhabhor,Dahod(DISTRICT COLLECTOR DOHAD_IDA),patiya game simada faliya ma samuhik kuva nu kam,2024-07-17,250000,2026-01-12,250000,Sanction,Sanctioned - Not Completed,,,,544,,227.0,771.0,0,1.0,,False,False,True,True,True,True,True,True,True,True,True,True,False,False,False,0,100.0
"WS/MP577/2025-2026/133591-Constructionofroads,linkroads,pathwaysoranyotherroadwithorwithoutdrainagesystem",Normal/Others,Gujarat,DAHOD(ST),Jaswantsinh Sumanbhai Bhabhor,Dahod(DISTRICT COLLECTOR DOHAD_IDA),abhlod game umriya umariya faliya thi pranmji mandir par c.c.road nu kam,2024-07-17,250000,2026-01-12,250000,Physical Inspection,Sanctioned - Not Completed,,,,544,,227.0,771.0,0,1.0,,False,False,True,True,True,True,True,True,True,True,True,True,False,False,False,0,100.0
WS/MP577/2025-2026/133593-Constructionofpublicirrigationfacilities,Normal/Others,Gujarat,DAHOD(ST),Jaswantsinh Sumanbhai Bhabhor,Dahod(DISTRICT COLLECTOR DOHAD_IDA),DHAMANBARI GAME NISHAL FALIYAMA SAMUHIK KUVANU KAM,2024-07-17,350000,2026-01-02,350000,Sanction,Sanctioned - Not Completed,,,,534,,237.0,771.0,0,1.0,,False,False,True,True,True,True,True,True,True,True,True,True,False,False,False,0,100.0
"WS/MP577/2025-2026/133594-Constructionofroads,linkroads,pathwaysoranyotherroadwithorwithoutdrainagesystem",Normal/Others,Gujarat,DAHOD(ST),Jaswantsinh Sumanbhai Bhabhor,Dahod(DISTRICT COLLECTOR DOHAD_IDA),patiya game katara faliya thi samshan sudhi c.c.road nu kam,2024-07-17,250000,2026-01-12,250000,Sanction,Sanctioned - Not Completed,,,,544,,227.0,771.0,0,1.0,,False,False,True,True,True,True,True,True,True,True,True,True,False,False,False,0,100.0
"WS/MP577/2025-2026/133595-Constructionofroads,linkroads,pathwaysoranyotherroadwithorwithoutdrainagesystem",Normal/Others,Gujarat,DAHOD(ST),Jaswantsinh Sumanbhai Bhabhor,Dahod(DISTRICT COLLECTOR DOHAD_IDA),nadhelav game bara na kotar thi shala taraf jata rasta par c.c.road nu kam,2024-07-17,247496,2025-10-04,247496,Sanction,Sanctioned - Not Completed,,,,444,,327.0,771.0,0,1.0,,False,False,True,True,True,True,True,True,True,True,True,True,False,False,False,0,100.0
"WS/MP577/2025-2026/133596-Constructionofroads,linkroads,pathwaysoranyotherroadwithorwithoutdrainagesystem",Normal/Others,Gujarat,DAHOD(ST),Jaswantsinh Sumanbhai Bhabhor,Dahod(DISTRICT COLLECTOR DOHAD_IDA),abhlod game mukhy rastaa thi  bor faliya sudhi c.c.road nu kam,2024-07-17,300000,2026-01-12,300000,Sanction,Sanctioned - Not Completed,,,,544,,227.0,771.0,0,1.0,,False,False,True,True,True,True,True,True,True,True,True,True,False,False,False,0,100.0
WS/MP577/2025-2026/133599-Constructionofpublicirrigationfacilities,Normal/Others,Gujarat,DAHOD(ST),Jaswantsinh Sumanbhai Bhabhor,Dahod(DISTRICT COLLECTOR DOHAD_IDA),zarikhareli ma vaniya faliyama sarvajanik kuva nu kam,2024-07-17,250000,2026-01-12,250000,Sanction,Sanctioned - Not Completed,,,,544,,227.0,771.0,0,1.0,,False,False,True,True,True,True,True,True,True,True,True,True,False,False,False,0,100.0
WS/MP577/2025-2026/133602-Constructionofpublicirrigationfacilities,Normal/Others,Gujarat,DAHOD(ST),Jaswantsinh Sumanbhai Bhabhor,Dahod(DISTRICT COLLECTOR DOHAD_IDA),nadhelav game burva  faliyama sarvjanik kuva nu kam,2024-07-17,250000,2026-01-12,250000,Physical Inspection,Sanctioned - Not Completed,,,,544,,227.0,771.0,0,1.0,,False,False,True,True,True,True,True,True,True,True,True,True,False,False,False,0,100.0
"WS/MP577/2025-2026/133603-Constructionofroads,linkroads,pathwaysoranyotherroadwithorwithoutdrainagesystem",Normal/Others,Gujarat,DAHOD(ST),Jaswantsinh Sumanbhai Bhabhor,Dahod(DISTRICT COLLECTOR DOHAD_IDA),rayan game paka road thi gamtal sudhi c.c.road nu kam,2024-07-17,250000,2026-01-12,250000,Sanction,Sanctioned - Not Completed,,,,544,,227.0,771.0,0,1.0,,False,False,True,True,True,True,True,True,True,True,True,True,False,False,False,0,100.0
WS/MP577/2025-2026/133604-Constructionofpublicirrigationfacilities,Normal/Others,Gujarat,DAHOD(ST),Jaswantsinh Sumanbhai Bhabhor,Dahod(DISTRICT COLLECTOR DOHAD_IDA),PANIVED GAME KALADALA FALIYAMA SARKARI SARVE NUMBER 333 MA SAMUHIK KUVANU KAM,2024-07-17,250000,2026-01-02,250000,Sanction,Sanctioned - Not Completed,,,,534,,237.0,771.0,0,1.0,,False,False,True,True,True,True,True,True,True,True,True,True,False,False,False,0,100.0
"WS/MP577/2025-2026/133605-Constructionoffloodcontrolembankments/protectionwallsalongriverbanks,hilltops,roadsides",Normal/Others,Gujarat,DAHOD(ST),Jaswantsinh Sumanbhai Bhabhor,Dahod(DISTRICT COLLECTOR DOHAD_IDA),khalta garbadi game risol faliya ma c.c road nu kam,2024-07-17,250000,2026-01-02,250000,Sanction,Sanctioned - Not Completed,,,,534,,237.0,771.0,0,1.0,,False,False,True,True,True,True,True,True,True,True,True,True,False,False,False,0,100.0
"WS/MP577/2025-2026/133609-Constructionoffloodcontrolembankments/protectionwallsalongriverbanks,hilltops,roadsides",Normal/Others,Gujarat,DAHOD(ST),Jaswantsinh Sumanbhai Bhabhor,Dahod(DISTRICT COLLECTOR DOHAD_IDA),khalta game mohaniya faliya ma c.c road nu kam,2024-07-17,250000,2026-01-02,250000,Sanction,Sanctioned - Not Completed,,,,534,,237.0,771.0,0,1.0,,False,False,True,True,True,True,True,True,True,True,True,True,False,False,False,0,100.0
"WS/MP577/2025-2026/133611-Constructionofroads,linkroads,pathwaysoranyotherroadwithorwithoutdrainagesystem",Normal/Others,Gujarat,DAHOD(ST),Jaswantsinh Sumanbhai Bhabhor,Dahod(DISTRICT COLLECTOR DOHAD_IDA),dhanarpatiya game mukhy  faliyama c.c.road nu kam,2024-07-17,250000,2026-01-02,250000,Sanction,Sanctioned - Not Completed,,,,534,,237.0,771.0,0,1.0,,False,False,True,True,True,True,True,True,True,True,True,True,False,False,False,0,100.0
WS/MP577/2025-2026/133613-Constructionofpublicirrigationfacilities,Normal/Others,Gujarat,DAHOD(ST),Jaswantsinh Sumanbhai Bhabhor,Dahod(DISTRICT COLLECTOR DOHAD_IDA),zabu game bamaniya faliya ma sarvajanik kuva nu kam,2024-07-17,250000,2026-01-02,250000,Sanction,Sanctioned - Not Completed,,,,534,,237.0,771.0,0,1.0,,False,False,True,True,True,True,True,True,True,True,True,True,False,False,False,0,100.0
"WS/MP577/2025-2026/133614-Constructionofroads,linkroads,pathwaysoranyotherroadwithorwithoutdrainagesystem",Normal/Others,Gujarat,DAHOD(ST),Jaswantsinh Sumanbhai Bhabhor,Dahod(DISTRICT COLLECTOR DOHAD_IDA),zabu game pateliya faliya ma c.c.road nu kam,2024-07-17,250000,2026-01-02,250000,Sanction,Sanctioned - Not Completed,,,,534,,237.0,771.0,0,1.0,,False,False,True,True,True,True,True,True,True,True,True,True,False,False,False,0,100.0
WS/MP577/2025-2026/138726-Constructionofpublicirrigationfacilities,Normal/Others,Gujarat,DAHOD(ST),Jaswantsinh Sumanbhai Bhabhor,Dahod(DISTRICT COLLECTOR DOHAD_IDA),nani sanjeli game mandir faliya ma samuhik kuva nu kam,2024-09-06,350000,2026-01-30,350000,Sanction,Sanctioned - Not Completed,,,,511,,209.0,720.0,0,1.0,,False,False,True,True,True,True,True,True,True,True,True,True,False,False,False,0,100.0
"WS/MP577/2025-2026/138728-Constructionoffloodcontrolembankments/protectionwallsalongriverbanks,hilltops,roadsides",Normal/Others,Gujarat,DAHOD(ST),Jaswantsinh Sumanbhai Bhabhor,Dahod(DISTRICT COLLECTOR DOHAD_IDA),motahathidhara game arts college ni bajuma sanrakshan diwal nu kam,2024-09-06,1000000,2025-04-11,1000000,Sanction,Sanctioned - Not Completed,,,,217,,503.0,720.0,0,1.0,,False,False,True,True,True,True,True,True,True,True,True,True,False,False,False,0,100.0
WS/MP577/2025-2026/138730-Constructionofboundarywallsofexistingpublicandcommunitybuildings,Normal/Others,Gujarat,DAHOD(ST),Jaswantsinh Sumanbhai Bhabhor,Mahisagar(COLLECTOR MAHISAGAR_IDA),unnati maadhymik shala hirapur ma compaund wall nu kam,2024-09-06,500000,2025-04-30,500000,Sanction,Sanctioned - Not Completed,,,,236,,484.0,720.0,0,1.0,,False,False,True,True,True,True,True,True,True,True,True,True,False,False,False,0,100.0
"WS/MP577/2025-2026/138731-Constructionofroads,linkroads,pathwaysoranyotherroadwithorwithoutdrainagesystem",Normal/Others,Gujarat,DAHOD(ST),Jaswantsinh Sumanbhai Bhabhor,Mahisagar(COLLECTOR MAHISAGAR_IDA),unnati madhymik shala hirapur ma pevr block nu kam,2024-09-06,500000,2025-04-30,500000,Sanction,Sanctioned - Not Completed,,,,236,,484.0,720.0,0,1.0,,False,False,True,True,True,True,True,True,True,True,True,True,False,False,False,0,100.0
WS/MP577/2025-2026/138735-Installingcommunitydrinkingwaterplants,Normal/Others,Gujarat,DAHOD(ST),Jaswantsinh Sumanbhai Bhabhor,Dahod(DISTRICT COLLECTOR DOHAD_IDA),jhalod game nagarpalika  vistarma  pani na parab nu kam,2024-09-06,1000000,2025-05-05,1000000,Sanction,Sanctioned - Not Completed,,,,241,,479.0,720.0,0,1.0,,False,False,True,True,True,True,True,True,True,True,True,True,False,False,False,0,100.0
WS/MP577/2025-2026/139075-Constructionoftoiletblocks,Normal/Others,Gujarat,DAHOD(ST),Jaswantsinh Sumanbhai Bhabhor,Dahod(DISTRICT COLLECTOR DOHAD_IDA),Rupakheda game Bhuriya Faliya ma toilet Block nu kam,2024-09-06,850000,2025-10-04,850000,Sanction,Sanctioned - Not Completed,,,,393,,327.0,720.0,0,1.0,,False,False,True,True,True,True,True,True,True,True,True,True,False,False,False,0,100.0
WS/MP577/2025-2026/140714-Constructionofpublicirrigationfacilities,Normal/Others,Gujarat,DAHOD(ST),Jaswantsinh Sumanbhai Bhabhor,Dahod(DISTRICT COLLECTOR DOHAD_IDA),patwan game mavi  faliya sarvajanik kuva nu kam,2024-09-20,489000,2025-10-04,489000,Physical Inspection,Sanctioned - Not Completed,,,,379,,327.0,706.0,0,1.0,,False,False,True,True,True,True,True,True,True,True,True,True,False,False,False,0,100.0
"WS/MP577/2025-2026/140715-Constructionoffloodcontrolembankments/protectionwallsalongriverbanks,hilltops,roadsides",Normal/Others,Gujarat,DAHOD(ST),Jaswantsinh Sumanbhai Bhabhor,Dahod(DISTRICT COLLECTOR DOHAD_IDA),patwan game sarkari dukan thi ved faliya sudhi   gatar line nu kam,2024-09-20,478000,2025-10-04,478000,Physical Inspection,Sanctioned - Not Completed,,,,379,,327.0,706.0,0,1.0,,False,False,True,True,True,True,True,True,True,True,True,True,False,False,False,0,100.0
"WS/MP577/2025-2026/140716-Constructionofroads,linkroads,pathwaysoranyotherroadwithorwithoutdrainagesystem",Normal/Others,Gujarat,DAHOD(ST),Jaswantsinh Sumanbhai Bhabhor,Dahod(DISTRICT COLLECTOR DOHAD_IDA),pipli game nishal faliyaa ma damar  rasta thi kotar sudhi no c.c.road nu kaam,2024-09-20,491262,2025-10-04,491262,Sanction,Sanctioned - Not Completed,,,,379,,327.0,706.0,0,1.0,,False,False,True,True,True,True,True,True,True,True,True,True,False,False,False,0,100.0
"WS/MP577/2025-2026/140719-Constructionofroads,linkroads,pathwaysoranyotherroadwithorwithoutdrainagesystem",Normal/Others,Gujarat,DAHOD(ST),Jaswantsinh Sumanbhai Bhabhor,Dahod(DISTRICT COLLECTOR DOHAD_IDA),jetpur (du) game petrol pump pase na mukhy rasta thi talav sudhi c.c.road nu kam,2024-09-20,491262,2025-10-04,491262,Sanction,Sanctioned - Not Completed,,,,379,,327.0,706.0,0,1.0,,False,False,True,True,True,True,True,True,True,True,True,True,False,False,False,0,100.0
WS/MP577/2025-2026/140782-Constructionofpublicirrigationfacilities,Normal/Others,Gujarat,DAHOD(ST),Jaswantsinh Sumanbhai Bhabhor,Dahod(DISTRICT COLLECTOR DOHAD_IDA),DHAVADIHYA GAME BHABHOR FALIYA MA SARVAJANIK KUVA NU KAM,2024-09-20,300000,2025-04-11,300000,Sanction,Sanctioned - Not Completed,,,,203,,503.0,706.0,0,1.0,,False,False,True,True,True,True,True,True,True,True,True,True,False,False,False,0,100.0
WS/MP577/2025-2026/142167-Constructionofroomsandhallsinschoolandcolleges,Normal/Others,Gujarat,DAHOD(ST),Jaswantsinh Sumanbhai Bhabhor,Mahisagar(COLLECTOR MAHISAGAR_IDA),unnati madhymik shala hirapur ma  1 room nu kam,2024-09-21,500000,2025-04-30,500000,Sanction,Sanctioned - Not Completed,,,,221,,484.0,705.0,0,1.0,,False,False,True,True,True,True,True,True,True,True,True,True,False,False,False,0,100.0
WS/MP577/2025-2026/146153-Constructionofnightsheltersforhomeless,Normal/Others,Gujarat,DAHOD(ST),Jaswantsinh Sumanbhai Bhabhor,Dahod(DISTRICT COLLECTOR DOHAD_IDA),zaydus hospital dahod khate dardiona sagasbandhione raheva tatha jamvani sagvad mate renbasera nu kam,2024-10-09,2500000,2025-04-11,2500000,Sanction,Sanctioned - Not Completed,,,,184,,503.0,687.0,0,1.0,,False,False,True,True,True,True,True,True,True,True,True,True,False,False,False,0,100.0
WS/MP577/2026-2027/133610-Constructionofpublicirrigationfacilities,Normal/Others,Gujarat,DAHOD(ST),Jaswantsinh Sumanbhai Bhabhor,Dahod(DISTRICT COLLECTOR DOHAD_IDA),vakota game maji sarpanch faliya ma sarvjanik kuva nu kam,2024-07-17,250000,2026-06-30,250000,Sanction,Sanctioned - Not Completed,,,,713,,58.0,771.0,0,1.0,,False,False,True,True,True,True,True,True,True,True,True,True,False,False,False,0,100.0
"WS/MP577/2026-2027/140720-Constructionoffloodcontrolembankments/protectionwallsalongriverbanks,hilltops,roadsides",Normal/Others,Gujarat,DAHOD(ST),Jaswantsinh Sumanbhai Bhabhor,Dahod(DISTRICT COLLECTOR DOHAD_IDA),dhanpur game bor chokadii faliya ma samuhik sinchai kuvanu kam,2024-09-20,300000,2026-06-30,300000,Sanction,Sanctioned - Not Completed,,,,648,,58.0,706.0,0,1.0,,False,False,True,True,True,True,True,True,True,True,True,True,False,False,False,0,100.0
WS/MP577/2026-2027/146161-Constructionofpublicirrigationfacilities,Normal/Others,Gujarat,DAHOD(ST),Jaswantsinh Sumanbhai Bhabhor,Dahod(DISTRICT COLLECTOR DOHAD_IDA),Umariya game narsury road faliyama samuhik sinchai kuvanu kam,2024-10-09,300000,2026-06-30,300000,Sanction,Sanctioned - Not Completed,,,,629,,58.0,687.0,0,1.0,,False,False,True,True,True,True,True,True,True,True,True,True,False,False,False,0,100.0
WS/MP579/2025-2026/146437-Developmentofplayground,Normal/Others,Gujarat,ANAND,Mitesh Rameshbhai Bakabhai Patel,ANAND(District Collector ANAND_IDA),Vidyanagar- Sardar Patel University Sthit Sanskar Balwadi Khate Balako mate Ramat Gamat na Sadhano,2024-10-09,348500,2025-05-30,348500,Physical Inspection,Sanctioned - Not Completed,,,,233,,454.0,687.0,0,1.0,,False,False,True,True,True,True,True,True,True,True,True,True,False,False,False,0,100.0
WS/MP582/2024-2025/137299-Crematoriums/energyefficientcrematoriumsorstructuresonburial/cremationground,Normal/Others,Gujarat,BARDOLI(ST),Prabhubhai Nagarbhai Vasava,SURAT(DISTRICT COLLECTOR SURAT_IDA),"Crematorium Compound Wall Work at Tadkeshwar Village , Taluka Mandvi, District Surat",2024-08-27,497016,2024-12-07,497016,Physical Inspection,Sanctioned - Not Completed,,,,102,,628.0,730.0,0,1.0,,False,False,True,True,True,True,True,True,True,True,True,True,False,False,False,0,100.0
WS/MP582/2024-2025/137316-Purchaseofmobilewatertankers,Normal/Others,Gujarat,BARDOLI(ST),Prabhubhai Nagarbhai Vasava,SURAT(DISTRICT COLLECTOR SURAT_IDA),"Drinking Water Tanker Work for Community Purposes to Navipardi Gram Panchayat, Taluka Kamrej, District Surat",2024-08-27,259070,2024-12-03,259070,Physical Inspection,Sanctioned - Not Completed,,,,98,,632.0,730.0,0,1.0,,False,False,True,True,True,True,True,True,True,True,True,True,False,False,False,0,100.0
WS/MP582/2024-2025/137318-Purchaseofmobilewatertankers,Normal/Others,Gujarat,BARDOLI(ST),Prabhubhai Nagarbhai Vasava,SURAT(DISTRICT COLLECTOR SURAT_IDA),"Drinking Water Tanker Work for Community Purposes to Sevni Gram Panchayat, Taluka Kamrej, District Surat",2024-08-27,259070,2024-12-03,259070,Physical Inspection,Sanctioned - Not Completed,,,,98,,632.0,730.0,0,1.0,,False,False,True,True,True,True,True,True,True,True,True,True,False,False,False,0,100.0
WS/MP582/2024-2025/137338-Lightingofpublicspaces,Normal/Others,Gujarat,BARDOLI(ST),Prabhubhai Nagarbhai Vasava,SURAT(DISTRICT COLLECTOR SURAT_IDA),"The following facility work regarding placing electricity pole near the field in front of the P.S., fixing till commissioning 11.00 M.T.R.G.I. Tuber Light Poles with 150 Volt 6 Flooded LEDs Lights Attachment and Leader with 1 Year Maintenance Work Nos.1, at Mandvi nagar Near crematorium  Taluka Mandvi, District Surat",2024-08-27,192000,2024-12-10,192000,Physical Inspection,Sanctioned - Not Completed,,,,105,,625.0,730.0,0,1.0,,False,False,True,True,True,True,True,True,True,True,True,True,False,False,False,0,100.0
WS/MP582/2024-2025/137339-Lightingofpublicspaces,Normal/Others,Gujarat,BARDOLI(ST),Prabhubhai Nagarbhai Vasava,SURAT(DISTRICT COLLECTOR SURAT_IDA),"The following facility work regarding placing electricity pole near the field in front of the P.S., fixing till commissioning 11.00 M.T.R.G.I. Tuber Light Poles with 150 Volt 6 Flooded LEDs Lights Attachment and Leader with 1 Year Maintenance Work Nos.1, at Mandvi Nagar Nava faliya Near Jay Rathod House Taluka Mandvi, District Surat",2024-08-27,192000,2024-12-10,192000,Physical Inspection,Sanctioned - Not Completed,,,,105,,625.0,730.0,0,1.0,,False,False,True,True,True,True,True,True,True,True,True,True,False,False,False,0,100.0
WS/MP582/2024-2025/137348-Constructionoffootpathsandpedestrianways,Normal/Others,Gujarat,BARDOLI(ST),Prabhubhai Nagarbhai Vasava,SURAT(DISTRICT COLLECTOR SURAT_IDA),"Paver block work in Bhavani Mata Mandir Faliya at Tarsadabar Village, Taluka Mandvi, District Surat",2024-08-27,400000,2024-12-07,400000,Physical Inspection,Sanctioned - Not Completed,,,,102,,628.0,730.0,0,1.0,,False,False,True,True,True,True,True,True,True,True,True,True,False,False,False,0,100.0
WS/MP582/2024-2025/141893-Lightingofpublicspaces,Normal/Others,Gujarat,BARDOLI(ST),Prabhubhai Nagarbhai Vasava,SURAT(DISTRICT COLLECTOR SURAT_IDA),"the following facility work regarding placing electricity pole near the field in front of the P.S., fixing till commissioning 11.00 M.T.R.G.I. Tuber Light Poles with 150 Volt 6 Flooded LEDs Lights Attachment and Leader with 1 Year Maintenance Work Nos.1, at Mahuvaria village near temple  Taluka Mahuva District Surat",2024-09-20,191980,2024-12-03,191980,Physical Inspection,Sanctioned - Not Completed,,,,74,,632.0,706.0,0,1.0,,False,False,True,True,True,True,True,True,True,True,True,True,False,False,False,0,100.0
WS/MP582/2024-2025/141917-Lightingofpublicspaces,Normal/Others,Gujarat,BARDOLI(ST),Prabhubhai Nagarbhai Vasava,SURAT(DISTRICT COLLECTOR SURAT_IDA),"the following facility work regarding placing electricity pole near the field in front of the P.S., fixing till commissioning 11.00 M.T.R.G.I. Tuber Light Poles with 150 Volt 6 Flooded LEDs Lights Attachment and Leader with 1 Year Maintenance Work Nos.1, at Salaiya village Near Remaben House, Taluka Mandvi, District Surat",2024-09-20,191850,2024-12-07,191850,Physical Inspection,Sanctioned - Not Completed,,,,78,,628.0,706.0,0,1.0,,False,False,True,True,True,True,True,True,True,True,True,True,False,False,False,0,100.0
WS/MP582/2024-2025/141920-Lightingofpublicspaces,Normal/Others,Gujarat,BARDOLI(ST),Prabhubhai Nagarbhai Vasava,SURAT(DISTRICT COLLECTOR SURAT_IDA),"the following facility work regarding placing electricity pole near the field in front of the P.S., fixing till commissioning 11.00 M.T.R.G.I. Tuber Light Poles with 150 Volt 6 Flooded LEDs Lights Attachment and Leader with 1 Year Maintenance Work Nos.1, at Balalkuva village Near Bhathiji Mandir Chok, Taluka Umarpada, District Surat",2024-09-20,191850,2024-12-07,191850,Physical Inspection,Sanctioned - Not Completed,,,,78,,628.0,706.0,0,1.0,,False,False,True,True,True,True,True,True,True,True,True,True,False,False,False,0,100.0
WS/MP582/2024-2025/141923-Lightingofpublicspaces,Normal/Others,Gujarat,BARDOLI(ST),Prabhubhai Nagarbhai Vasava,SURAT(DISTRICT COLLECTOR SURAT_IDA),"the following facility work regarding placing electricity pole near the field in front of the P.S., fixing till commissioning 11.00 M.T.R.G.I. Tuber Light Poles with 150 Volt 6 Flooded LEDs Lights Attachment and Leader with 1 Year Maintenance Work Nos.1, at Gundikuva village Near Bhathiji mandir Taluka Umarpada, District Surat",2024-09-20,191850,2024-12-07,191850,Physical Inspection,Sanctioned - Not Completed,,,,78,,628.0,706.0,0,1.0,,False,False,True,True,True,True,True,True,True,True,True,True,False,False,False,0,100.0
WS/MP582/2024-2025/141926-Lightingofpublicspaces,Normal/Others,Gujarat,BARDOLI(ST),Prabhubhai Nagarbhai Vasava,SURAT(DISTRICT COLLECTOR SURAT_IDA),"the following facility work regarding placing electricity pole near the field in front of the P.S., fixing till commissioning 11.00 M.T.R.G.I. Tuber Light Poles with 150 Volt 6 Flooded LEDs Lights Attachment and Leader with 1 Year Maintenance Work Nos.1, at umbhariya village Near Sat kaival mandir Taluka Umarpada, District Surat",2024-09-20,191850,2024-12-07,191850,Physical Inspection,Sanctioned - Not Completed,,,,78,,628.0,706.0,0,1.0,,False,False,True,True,True,True,True,True,True,True,True,True,False,False,False,0,100.0
WS/MP582/2024-2025/141928-Lightingofpublicspaces,Normal/Others,Gujarat,BARDOLI(ST),Prabhubhai Nagarbhai Vasava,SURAT(DISTRICT COLLECTOR SURAT_IDA),"the following facility work regarding placing electricity pole near the field in front of the P.S., fixing till commissioning 11.00 M.T.R.G.I. Tuber Light Poles with 150 Volt 6 Flooded LEDs Lights Attachment and Leader with 1 Year Maintenance Work Nos.1, at Kali jaman village Near Holi chakla chok, Taluka Umarpada, District Surat",2024-09-20,191850,2024-12-07,191850,Physical Inspection,Sanctioned - Not Completed,,,,78,,628.0,706.0,0,1.0,,False,False,True,True,True,True,True,True,True,True,True,True,False,False,False,0,100.0
WS/MP582/2024-2025/145263-Lightingofpublicspaces,Normal/Others,Gujarat,BARDOLI(ST),Prabhubhai Nagarbhai Vasava,SURAT(DISTRICT COLLECTOR SURAT_IDA),"the following facility work regarding placing electricity pole near the field in front of the P.S., fixing till commissioning 11.00 M.T.R.G.I. Tuber Light Poles with 150 Volt 6 Flooded LEDs Lights Attachment and Leader with 1 Year Maintenance Work Nos.1, at Borigala village near Panchayat Offfice, Taluka Mandvi, District Surat",2024-10-03,191850,2024-12-07,191850,Physical Inspection,Sanctioned - Not Completed,,,,65,,628.0,693.0,0,1.0,,False,False,True,True,True,True,True,True,True,True,True,True,False,False,False,0,100.0
WS/MP582/2024-2025/145265-Constructionofcommonworksheds/commoncoveredsittingarea,Trust and Society,Gujarat,BARDOLI(ST),Prabhubhai Nagarbhai Vasava,SURAT(DISTRICT COLLECTOR SURAT_IDA),"Construction work of Shed at Ramkabir Educational sankul,  Shri Bharatiya Vidya Mandal at Navagam, T.Kamraj, D.Surat",2024-10-03,579471,2025-01-30,579471,Physical Inspection,Sanctioned - Not Completed,,,,119,,574.0,693.0,0,1.0,,False,False,True,True,True,True,True,True,True,True,True,True,False,False,False,0,100.0
WS/MP582/2024-2025/145285-Crematoriums/energyefficientcrematoriumsorstructuresonburial/cremationground,Normal/Others,Gujarat,BARDOLI(ST),Prabhubhai Nagarbhai Vasava,SURAT(DISTRICT COLLECTOR SURAT_IDA),"Construction of Shed at Hindu Cemetery at Laskana Village, Taluka Kamrej, District Surat",2024-10-03,490000,2025-02-04,490000,Physical Inspection,Sanctioned - Not Completed,,,,124,,569.0,693.0,0,1.0,,False,False,True,True,True,True,True,True,True,True,True,True,False,False,False,0,100.0
WS/MP582/2024-2025/145293-Constructionoffootpathsandpedestrianways,Normal/Others,Gujarat,BARDOLI(ST),Prabhubhai Nagarbhai Vasava,SURAT(DISTRICT COLLECTOR SURAT_IDA),"Paver block work on both sides of Ahir Vas at Mota Village, Taluka Bardoli, District Surat",2024-10-03,500000,2024-11-06,500000,Physical Inspection,Sanctioned - Not Completed,,,,34,,659.0,693.0,0,1.0,,False,False,True,True,True,True,True,True,True,True,True,True,False,False,False,0,100.0
WS/MP582/2024-2025/145294-Crematoriums/energyefficientcrematoriumsorstructuresonburial/cremationground,Normal/Others,Gujarat,BARDOLI(ST),Prabhubhai Nagarbhai Vasava,SURAT(DISTRICT COLLECTOR SURAT_IDA),"Construction work of crematorium at village Kosadi, Taluka Mandvi, District Surat",2024-10-03,500000,2025-01-03,500000,Sanction,Sanctioned - Not Completed,,,,92,,601.0,693.0,0,1.0,,False,False,True,True,True,True,True,True,True,True,True,True,False,False,False,0,100.0
WS/MP582/2024-2025/147347-Constructionofculvertsandbridges,Normal/Others,Gujarat,BARDOLI(ST),Prabhubhai Nagarbhai Vasava,SURAT(DISTRICT COLLECTOR SURAT_IDA),"Construction of a slab bridge over the gorge of Vandaria Amba at Vakrantamba village, Taluka Umarpada, District Surat",2024-10-15,495000,2024-12-07,495000,Physical Inspection,Sanctioned - Not Completed,,,,53,,628.0,681.0,0,1.0,,False,False,True,True,True,True,True,True,True,True,True,True,False,False,False,0,100.0
WS/MP582/2024-2025/147348-Crematoriums/energyefficientcrematoriumsorstructuresonburial/cremationground,Normal/Others,Gujarat,BARDOLI(ST),Prabhubhai Nagarbhai Vasava,SURAT(DISTRICT COLLECTOR SURAT_IDA),"Construction work of crematorium at Sathava village, Taluka Mandvi, District Surat",2024-10-15,500000,2025-01-03,500000,Sanction,Sanctioned - Not Completed,,,,80,,601.0,681.0,0,1.0,,False,False,True,True,True,True,True,True,True,True,True,True,False,False,False,0,100.0
WS/MP582/2024-2025/147351-Lightingofpublicspaces,Normal/Others,Gujarat,BARDOLI(ST),Prabhubhai Nagarbhai Vasava,SURAT(DISTRICT COLLECTOR SURAT_IDA),"the following facility work regarding placing electricity pole near the field in front of the P.S., fixing till commissioning 11.00 M.T.R.G.I. Tuber Light Poles with 150 Volt 6 Flooded LEDs Lights Attachment and Leader with 1 Year Maintenance Work Nos.1, at Devgadh village Khadi khuli faliya, Near Gaytri mandir Garaba chok Taluka Mandvi, District Surat",2024-10-15,192000,2025-01-03,192000,Sanction,Sanctioned - Not Completed,,,,80,,601.0,681.0,0,1.0,,False,False,True,True,True,True,True,True,True,True,True,True,False,False,False,0,100.0
WS/MP582/2024-2025/147353-Improvementofelectricitydistributioninfrastructure,Normal/Others,Gujarat,BARDOLI(ST),Prabhubhai Nagarbhai Vasava,SURAT(DISTRICT COLLECTOR SURAT_IDA),"Sky Light Vehicle Facilitation Work at Tarsadi Municipality, Taluka Mangarol, District Surat",2024-10-15,1500000,2025-03-24,1500000,Physical Inspection,Sanctioned - Not Completed,,,,160,,521.0,681.0,0,1.0,,False,False,True,True,True,True,True,True,True,True,True,True,False,False,False,0,100.0
WS/MP582/2024-2025/147369-Constructionoffootpathsandpedestrianways,Normal/Others,Gujarat,BARDOLI(ST),Prabhubhai Nagarbhai Vasava,SURAT(DISTRICT COLLECTOR SURAT_IDA),"Paver block work from Bhikhabhai Ranchodbhai's house to Shaileshbhai's house in Khadi Paliya at Wadhawa village, Talluka Bardoli, District Surat",2024-10-15,300000,2024-12-03,300000,Physical Inspection,Sanctioned - Not Completed,,,,49,,632.0,681.0,0,1.0,,False,False,True,True,True,True,True,True,True,True,True,True,False,False,False,0,100.0
WS/MP582/2024-2025/147391-Constructionofboundarywallsofexistingpublicandcommunitybuildings,Normal/Others,Gujarat,BARDOLI(ST),Prabhubhai Nagarbhai Vasava,SURAT(DISTRICT COLLECTOR SURAT_IDA),"Work of protection wall near to drain connecting Vad Paliya Halpatiwas and Railway Paliya Halpatiwas at Mangrolia Village, Bardoli, Dist.Surat",2024-10-15,300000,2024-12-03,300000,Physical Inspection,Sanctioned - Not Completed,,,,49,,632.0,681.0,0,1.0,,False,False,True,True,True,True,True,True,True,True,True,True,False,False,False,0,100.0
WS/MP582/2024-2025/147392-Constructionoffootpathsandpedestrianways,Normal/Others,Gujarat,BARDOLI(ST),Prabhubhai Nagarbhai Vasava,SURAT(DISTRICT COLLECTOR SURAT_IDA),"Paver block work at Tanki faliya Halpativas, Mangrolia Village  Taluka Bardoli, District Surat",2024-10-15,400000,2024-12-03,400000,Sanction,Sanctioned - Not Completed,,,,49,,632.0,681.0,0,1.0,,False,False,True,True,True,True,True,True,True,True,True,True,False,False,False,0,100.0
WS/MP582/2024-2025/149774-Installingcommunitydrinkingwaterplants,Normal/Others,Gujarat,BARDOLI(ST),Prabhubhai Nagarbhai Vasava,SURAT(DISTRICT COLLECTOR SURAT_IDA),"Facility work of R.O. water plant for clean drinking water at Amchak village, Taluka Mahuva  District Surat",2024-10-29,499850,2025-01-03,499850,Physical Inspection,Sanctioned - Not Completed,,,,66,,601.0,667.0,0,1.0,,False,False,True,True,True,True,True,True,True,True,True,True,False,False,False,0,100.0
WS/MP582/2024-2025/149784-Purchaseofmobilewatertankers,Normal/Others,Gujarat,BARDOLI(ST),Prabhubhai Nagarbhai Vasava,SURAT(DISTRICT COLLECTOR SURAT_IDA),"Work of Water Tanker facility for tree preservation and other uses by Mandvi Social Forestry Range at Mandvi, Taluka Mandvi, District Surat",2024-10-29,259250,2025-01-03,259250,Physical Inspection,Sanctioned - Not Completed,,,,66,,601.0,667.0,0,1.0,,False,False,True,True,True,True,True,True,True,True,True,True,False,False,False,0,100.0
WS/MP582/2025-2026/137346-Lightingofpublicspaces,Normal/Others,Gujarat,BARDOLI(ST),Prabhubhai Nagarbhai Vasava,TAPI(District collector Tapi_IDA),"The following facility work regarding placing electricity pole near the field in front of the P.S., fixing till commissioning 11.00 M.T.R.G.I. Tuber Light Poles with 150 Volt 6 Flooded LEDs Lights Attachment and Leader with 1 Year Maintenance Work Nos.1, at  Kelkui village near Swaminarayn temple Taluka Vyara, District Tapi",2024-08-27,146500,2025-05-28,146500,Physical Inspection,Sanctioned - Not Completed,,,,274,,456.0,730.0,0,1.0,,False,False,True,True,True,True,True,True,True,True,True,True,False,False,False,0,100.0
WS/MP582/2025-2026/141896-Lightingofpublicspaces,Normal/Others,Gujarat,BARDOLI(ST),Prabhubhai Nagarbhai Vasava,TAPI(District collector Tapi_IDA),"the following facility work regarding placing electricity pole near the field in front of the P.S., fixing till commissioning 11.00 M.T.R.G.I. Tuber Light Poles with 150 Volt 6 Flooded LEDs Lights Attachment and Leader with 1 Year Maintenance Work Nos.1, at Kanjan village near Govaldev temple Taluka Vyara District Tapi",2024-09-20,146500,2025-05-28,146500,Physical Inspection,Sanctioned - Not Completed,,,,250,,456.0,706.0,0,1.0,,False,False,True,True,True,True,True,True,True,True,True,True,False,False,False,0,100.0
WS/MP582/2025-2026/141898-Lightingofpublicspaces,Normal/Others,Gujarat,BARDOLI(ST),Prabhubhai Nagarbhai Vasava,TAPI(District collector Tapi_IDA),"the following facility work regarding placing electricity pole near the field in front of the P.S., fixing till commissioning 11.00 M.T.R.G.I. Tuber Light Poles with 150 Volt 6 Flooded LEDs Lights Attachment and Leader with 1 Year Maintenance Work Nos.1, at Devalpada village near Devalimadi temple Taluka Songadh District Tapi",2024-09-20,192000,2025-10-30,192000,Sanction,Sanctioned - Not Completed,,,,405,,301.0,706.0,0,1.0,,False,False,True,True,True,True,True,True,True,True,True,True,False,False,False,0,100.0
WS/MP582/2025-2026/141902-Lightingofpublicspaces,Normal/Others,Gujarat,BARDOLI(ST),Prabhubhai Nagarbhai Vasava,TAPI(District collector Tapi_IDA),"the following facility work regarding placing electricity pole near the field in front of the P.S., fixing till commissioning 11.00 M.T.R.G.I. Tuber Light Poles with 150 Volt 6 Flooded LEDs Lights Attachment and Leader with 1 Year Maintenance Work Nos.1, at Ranveri village near the ground Taluka Valod District Tapi",2024-09-20,192000,2025-04-11,192000,Sanction,Sanctioned - Not Completed,,,,203,,503.0,706.0,0,1.0,,False,False,True,True,True,True,True,True,True,True,True,True,False,False,False,0,100.0
WS/MP582/2025-2026/141913-Lightingofpublicspaces,Normal/Others,Gujarat,BARDOLI(ST),Prabhubhai Nagarbhai Vasava,TAPI(District collector Tapi_IDA),"the following facility work regarding placing electricity pole near the field in front of the P.S., fixing till commissioning 11.00 M.T.R.G.I. Tuber Light Poles with 150 Volt 6 Flooded LEDs Lights Attachment and Leader with 1 Year Maintenance Work Nos.1, at Borkhadi village Near Jawahar Navodaya Vidyalaya, Taluka Vyara, District Tapi",2024-09-20,146500,2025-05-28,146500,Physical Inspection,Sanctioned - Not Completed,,,,250,,456.0,706.0,0,1.0,,False,False,True,True,True,True,True,True,True,True,True,True,False,False,False,0,100.0
WS/MP582/2025-2026/141929-Lightingofpublicspaces,Normal/Others,Gujarat,BARDOLI(ST),Prabhubhai Nagarbhai Vasava,SURAT(DISTRICT COLLECTOR SURAT_IDA),"the following facility work regarding placing electricity pole near the field in front of the P.S., fixing till commissioning 11.00 M.T.R.G.I. Tuber Light Poles with 150 Volt 6 Flooded LEDs Lights Attachment and Leader with 1 Year Maintenance Work Nos.1, at kevadi village near Surat District bank, Taluka Umarpada, District Surat",2024-09-20,177500,2025-07-10,177500,Physical Inspection,Sanctioned - Not Completed,,,,293,,413.0,706.0,0,1.0,,False,False,True,True,True,True,True,True,True,True,True,True,False,False,False,0,100.0
"WS/MP582/2025-2026/147346-Purchaseofhearsevan(Four,threeandtwowheelers)",Normal/Others,Gujarat,BARDOLI(ST),Prabhubhai Nagarbhai Vasava,SURAT(DISTRICT COLLECTOR SURAT_IDA),"Mortuary facility work at Government Hospital Mangrol, Taluka Mangrol, District Surat",2024-10-15,1000000,2025-06-25,1000000,Sanction,Sanctioned - Not Completed,,,,253,,428.0,681.0,0,1.0,,False,False,True,True,True,True,True,True,True,True,True,True,False,False,False,0,100.0
"WS/MP582/2025-2026/147364-Purchaseofprosthetics,wheelchairs,tricycles(manualormotorized),electscooties,hearingaids",Normal/Others,Gujarat,BARDOLI(ST),Prabhubhai Nagarbhai Vasava,SURAT(DISTRICT COLLECTOR SURAT_IDA),"Divyang Hiteshbhai Chaudhari (resident of Kasal, Mandvi, Dist.Surat) at Kasal village, the work of electric scooter facility, Taluka Mandvi, Dist.Surat",2024-10-15,75000,2025-05-21,75000,Physical Inspection,Sanctioned - Not Completed,,,,218,,463.0,681.0,0,1.0,,False,False,True,True,True,True,True,True,True,True,True,True,False,False,False,0,100.0
WS/MP584/2024-2025/136563-Constructionofcommonworksheds/commoncoveredsittingarea,Normal/Others,Gujarat,KACHCHH(SC),Vinod Chavda,KACHCHH(DISTRICT COLLECTOR KUTCH_IDA),Nakhtrana talukana vibhapar patidara samaj viastar karigar koman work shed,2024-08-21,500000,2025-03-27,500000,Physical Inspection,Sanctioned - Not Completed,,,,218,,518.0,736.0,0,1.0,,False,False,True,True,True,True,True,True,True,True,True,True,False,False,False,0,100.0
WS/MP584/2024-2025/136564-Constructionofcommonworksheds/commoncoveredsittingarea,Normal/Others,Gujarat,KACHCHH(SC),Vinod Chavda,KACHCHH(DISTRICT COLLECTOR KUTCH_IDA),Nakhtrana talukana jiyapar gaame shiv mandir pase karigar commen work shed,2024-08-21,500000,2025-03-27,500000,Physical Inspection,Sanctioned - Not Completed,,,,218,,518.0,736.0,0,1.0,,False,False,True,True,True,True,True,True,True,True,True,True,False,False,False,0,100.0
"WS/MP585/2025-2026/142133-Constructionofroomsandfacilitiesforhospitals,FWC,PHCCentersandANMcenters",Repair and Renovation,Gujarat,AHMEDABAD EAST,Hasmukh Bhai Soma Bhai Patel,Ahmedabad(DISTRICT COLLECTOR AHMADABAD_IDA),Upgradation and renovation of saijpur Urban Health Cenre,2024-09-21,999505,2025-04-15,999505,Vendor Identification,Sanctioned - Not Completed,,,,206,,499.0,705.0,0,1.0,,False,False,True,True,True,True,True,True,True,True,True,True,False,False,False,0,100.0
"WS/MP585/2025-2026/143794-Constructionofroomsandfacilitiesforhospitals,FWC,PHCCentersandANMcenters",Normal/Others,Gujarat,AHMEDABAD EAST,Hasmukh Bhai Soma Bhai Patel,Ahmedabad(DISTRICT COLLECTOR AHMADABAD_IDA),"Development of CDEIC centre ( Smart Class, RO with water purifier, Table, Chair, Benches and other Furniture) at Composite Regional Centre for Skill Development, Rehabilitation and Empowerment of persons with Disabilities (CRC) Ahmedabad under Dept. of persons with Disabilities, Ministry of Social Justice and Empowerment",2024-09-26,1000000,2025-09-03,1000000,Physical Inspection,Sanctioned - Not Completed,,,,342,,358.0,700.0,0,1.0,,False,False,True,True,True,True,True,True,True,True,True,True,False,False,False,0,100.0
WS/MP585/2025-2026/151164-Constructionofcommonworksheds/commoncoveredsittingarea,Normal/Others,Gujarat,AHMEDABAD EAST,Hasmukh Bhai Soma Bhai Patel,GANDHINAGAR(DISTRICT COLLECTOR GANDHINAGAR_IDA),Construction of Shed and flooring work near Panchayat at Motipura (Sadra) Village,2024-11-06,495000,2025-07-21,495000,Physical Inspection,Sanctioned - Not Completed,,,,257,,402.0,659.0,0,1.0,,False,False,True,True,True,True,True,True,True,True,True,True,False,False,False,0,100.0
WS/MP588/2024-2025/151158-Constructionofcommonworksheds/commoncoveredsittingarea,Normal/Others,Gujarat,JAMNAGAR,Smt Poonamben Hematbhai Maadam,DEVBHUMI DWARKA(DISTRICT COLLECTOR DEVBHUMI DWARKA_IDA),Bhenkavad village of Bhanvad taluka is RCC in Kublavdar area. For construction of shed.,2024-11-06,298400,2025-02-05,298400,Physical Inspection,Sanctioned - Not Completed,,,,91,,568.0,659.0,0,1.0,,False,False,True,True,True,True,True,True,True,True,True,True,False,False,False,0,100.0
"WS/MP18074/2024-2025/137035-Constructionofroads,linkroads,pathwaysoranyotherroadwithorwithoutdrainagesystem",Normal/Others,Jharkhand,KHUNTI(ST),KALI CHARAN MUNDA,KHUNTI(DEPUTY COMMISSIONER KHUNTI_IDA),PCC road construction from School Toli to Tangara Toli in village Rewa under Khunti block.,2024-08-25,400000,2024-09-30,400000,Physical Inspection,Completed,2025-11-21,400000.0,Images,36,417.0,,453.0,0,1.0,1.0,True,True,True,True,True,True,True,True,True,True,True,True,False,False,False,1,100.0
"WS/MP18074/2024-2025/137036-Constructionofroads,linkroads,pathwaysoranyotherroadwithorwithoutdrainagesystem",Normal/Others,Jharkhand,KHUNTI(ST),KALI CHARAN MUNDA,KHUNTI(DEPUTY COMMISSIONER KHUNTI_IDA),PCC road construction from Karam Singh Munda's house to Bichagutu's house in Village Salgadih under Dadigutu Panchayat.,2024-08-25,400000,2024-09-30,400000,Physical Inspection,Completed,2025-11-21,400000.0,Images,36,417.0,,453.0,0,1.0,1.0,True,True,True,True,True,True,True,True,True,True,True,True,False,False,False,1,100.0
"WS/MP18074/2024-2025/137038-Constructionofroads,linkroads,pathwaysoranyotherroadwithorwithoutdrainagesystem",Normal/Others,Jharkhand,KHUNTI(ST),KALI CHARAN MUNDA,KHUNTI(DEPUTY COMMISSIONER KHUNTI_IDA),Paver block road construction from Subhash Heranj's house to Manoj Dhanwar's house in Pahan Toli of ward no. 08.,2024-08-25,350000,2024-09-30,350000,Physical Inspection,Completed,2025-11-21,350000.0,Images,36,417.0,,453.0,0,1.0,1.0,True,True,True,True,True,True,True,True,True,True,True,True,False,False,False,1,100.0
"WS/MP18074/2024-2025/137040-Constructionofroads,linkroads,pathwaysoranyotherroadwithorwithoutdrainagesystem",Normal/Others,Jharkhand,KHUNTI(ST),KALI CHARAN MUNDA,KHUNTI(DEPUTY COMMISSIONER KHUNTI_IDA),Construction of PCC road in Hesahatu under Bhandra Panchayat.,2024-08-25,800000,2024-09-30,800000,Physical Inspection,Completed,2025-11-21,800000.0,Images,36,417.0,,453.0,0,1.0,1.0,True,True,True,True,True,True,True,True,True,True,True,True,False,False,False,1,100.0
"WS/MP18074/2024-2025/137041-Constructionofroads,linkroads,pathwaysoranyotherroadwithorwithoutdrainagesystem",Normal/Others,Jharkhand,KHUNTI(ST),KALI CHARAN MUNDA,KHUNTI(DEPUTY COMMISSIONER KHUNTI_IDA),Construction of PCC road from Khunti Tamar road to Ram Pahan's house in Simbukel Village under Tirla Panchayat.,2024-08-25,900000,2024-09-30,900000,Physical Inspection,Completed,2025-11-21,900000.0,Images,36,417.0,,453.0,0,1.0,1.0,True,True,True,True,True,True,True,True,True,True,True,True,False,False,False,1,100.0
"WS/MP18074/2024-2025/137044-Constructionofroads,linkroads,pathwaysoranyotherroadwithorwithoutdrainagesystem",Normal/Others,Jharkhand,KHUNTI(ST),KALI CHARAN MUNDA,KHUNTI(DEPUTY COMMISSIONER KHUNTI_IDA),Construction of drain in Tangra Toli.,2024-08-25,1000000,2024-09-30,1000000,Physical Inspection,Completed,2025-11-21,1000000.0,Images,36,417.0,,453.0,0,1.0,1.0,True,True,True,True,True,True,True,True,True,True,True,True,False,False,False,1,100.0
"WS/MP18074/2024-2025/137045-Constructionofroads,linkroads,pathwaysoranyotherroadwithorwithoutdrainagesystem",Normal/Others,Jharkhand,KHUNTI(ST),KALI CHARAN MUNDA,KHUNTI(DEPUTY COMMISSIONER KHUNTI_IDA),Construction of paver block road from Govind Munda's house to Soma Purti's house in Simbukel under Tirla Panchayat.,2024-08-25,700000,2024-09-30,700000,Physical Inspection,Completed,2025-11-21,700000.0,Images,36,417.0,,453.0,0,1.0,1.0,True,True,True,True,True,True,True,True,True,True,True,True,False,False,False,1,100.0
WS/MP18074/2024-2025/138464-Developmentofplayfieldsandsportsgrounds,Normal/Others,Jharkhand,KHUNTI(ST),KALI CHARAN MUNDA,SIMDEGA(Deputy Commissioner simdega_IDA),Construction work of playground at Ursaline Convent Samtoli in the town of Simdega block.,2024-09-02,1300000,2024-10-14,1300000,Work Completed,Completed,2025-05-18,1300000.0,,42,216.0,,258.0,0,1.0,1.0,True,False,True,True,True,True,True,True,True,True,True,True,False,False,False,0,92.9
"WS/MP18074/2024-2025/138465-Constructionofroads,linkroads,pathwaysoranyotherroadwithorwithoutdrainagesystem",Normal/Others,Jharkhand,KHUNTI(ST),KALI CHARAN MUNDA,SIMDEGA(Deputy Commissioner simdega_IDA),Construction of PCC path from Praveen Baah's house towards James Dungdung's house in Banghatoli village of Konjoba Panchayat of Kersai block.,2024-09-02,600000,2024-10-02,600000,Work Completed,Completed,2025-05-18,600000.0,,30,228.0,,258.0,0,1.0,1.0,True,False,True,True,True,True,True,True,True,True,True,True,False,False,False,0,92.9
WS/MP18074/2024-2025/138466-Providingdrainsandguttersforpublicdrainage,Normal/Others,Jharkhand,KHUNTI(ST),KALI CHARAN MUNDA,SIMDEGA(Deputy Commissioner simdega_IDA),Construction of drain from Turi Toli resident Sandeep Kumar's house towards Guddu Turi's house in Konjoba Panchayat of Kersai block.,2024-09-02,400000,2024-10-14,400000,Work Completed,Completed,2025-05-18,400000.0,,42,216.0,,258.0,0,1.0,1.0,True,False,True,True,True,True,True,True,True,True,True,True,False,False,False,0,92.9
"WS/MP18074/2024-2025/138467-Constructionofroads,linkroads,pathwaysoranyotherroadwithorwithoutdrainagesystem",Normal/Others,Jharkhand,KHUNTI(ST),KALI CHARAN MUNDA,SIMDEGA(Deputy Commissioner simdega_IDA),Construction of PCC path near Rameshwar's farm in Kutmakchar Panchayat of Kurdeg block.,2024-09-02,400000,2024-10-02,400000,Work Completed,Completed,2025-05-18,400000.0,,30,228.0,,258.0,0,1.0,1.0,True,False,True,True,True,True,True,True,True,True,True,True,False,False,False,0,92.9
"WS/MP18074/2024-2025/138468-Constructionofroads,linkroads,pathwaysoranyotherroadwithorwithoutdrainagesystem",Normal/Others,Jharkhand,KHUNTI(ST),KALI CHARAN MUNDA,SIMDEGA(Deputy Commissioner simdega_IDA),Construction of PCC Road near Salaya tree located in Banghatoli in Kutmakchar Panchayat of Kurdeg block.,2024-09-02,400000,2024-10-02,400000,Work Completed,Completed,2025-05-18,400000.0,,30,228.0,,258.0,0,1.0,1.0,True,False,True,True,True,True,True,True,True,True,True,True,False,False,False,0,92.9
"WS/MP18074/2024-2025/138469-Constructionofroads,linkroads,pathwaysoranyotherroadwithorwithoutdrainagesystem",Normal/Others,Jharkhand,KHUNTI(ST),KALI CHARAN MUNDA,SIMDEGA(Deputy Commissioner simdega_IDA),Construction of PCC Road from Jhimri to Dhori Patra path of Kutmakchar Panchayat of Kurdeg block.,2024-09-02,600000,2024-10-02,600000,Work Completed,Completed,2025-05-18,600000.0,,30,228.0,,258.0,0,1.0,1.0,True,False,True,True,True,True,True,True,True,True,True,True,False,False,False,0,92.9
"WS/MP18074/2024-2025/138470-Constructionofroads,linkroads,pathwaysoranyotherroadwithorwithoutdrainagesystem",Normal/Others,Jharkhand,KHUNTI(ST),KALI CHARAN MUNDA,SIMDEGA(Deputy Commissioner simdega_IDA),Construction of PCC Road in Naneshera Devantoli in Kesalpur Panchayat of Pakar tanr block.,2024-09-02,600000,2024-10-02,600000,Work Completed,Completed,2025-05-18,600000.0,,30,228.0,,258.0,0,1.0,1.0,True,False,True,True,True,True,True,True,True,True,True,True,False,False,False,0,92.9
"WS/MP18074/2024-2025/138471-Constructionofroads,linkroads,pathwaysoranyotherroadwithorwithoutdrainagesystem",Normal/Others,Jharkhand,KHUNTI(ST),KALI CHARAN MUNDA,SIMDEGA(Deputy Commissioner simdega_IDA),Construction of PCC Road in Naneshera Tongritoli path in Keshalapur Panchayat of Pakar tanr block.,2024-09-02,600000,2024-10-02,600000,Work Completed,Completed,2025-05-18,600000.0,,30,228.0,,258.0,0,1.0,1.0,True,False,True,True,True,True,True,True,True,True,True,True,False,False,False,0,92.9
WS/MP18074/2024-2025/138472-Constructionofpubliclibrariesandreadingrooms,Normal/Others,Jharkhand,KHUNTI(ST),KALI CHARAN MUNDA,SIMDEGA(Deputy Commissioner simdega_IDA),Construction of library building near (Maktab) Madrasa in Khairantoli under Simdega block.,2024-09-02,1000000,2024-10-14,1000000,Work Completed,Completed,2025-05-18,750000.0,,42,216.0,,258.0,0,1.0,0.75,True,False,True,True,True,True,True,True,True,True,True,True,False,False,False,0,92.9
"WS/MP18074/2024-2025/138473-Constructionofroads,linkroads,pathwaysoranyotherroadwithorwithoutdrainagesystem",Normal/Others,Jharkhand,KHUNTI(ST),KALI CHARAN MUNDA,SIMDEGA(Deputy Commissioner simdega_IDA),Construction of PCC Road from Barwadih road towards Sebartoli under Kolebira block.,2024-09-02,700000,2024-10-02,700000,Work Completed,Completed,2025-05-18,700000.0,,30,228.0,,258.0,0,1.0,1.0,True,False,True,True,True,True,True,True,True,True,True,True,False,False,False,0,92.9
"WS/MP18074/2024-2025/138474-Constructionofroads,linkroads,pathwaysoranyotherroadwithorwithoutdrainagesystem",Normal/Others,Jharkhand,KHUNTI(ST),KALI CHARAN MUNDA,SIMDEGA(Deputy Commissioner simdega_IDA),Construction of PCC Road from Bano Road Bongram Pucca Road towards Pahantoli under Kolebira block.,2024-09-02,600000,2024-10-02,600000,Work Completed,Completed,2025-05-18,600000.0,,30,228.0,,258.0,0,1.0,1.0,True,False,True,True,True,True,True,True,True,True,True,True,False,False,False,0,92.9
"WS/MP18074/2024-2025/138475-Constructionofroads,linkroads,pathwaysoranyotherroadwithorwithoutdrainagesystem",Normal/Others,Jharkhand,KHUNTI(ST),KALI CHARAN MUNDA,SIMDEGA(Deputy Commissioner simdega_IDA),Construction of PCC Road from Bolba main road via PHC towards Doctor Quarter under Bolba block.,2024-09-02,500000,2024-10-02,500000,Work Completed,Completed,2025-05-18,500000.0,,30,228.0,,258.0,0,1.0,1.0,True,False,True,True,True,True,True,True,True,True,True,True,False,False,False,0,92.9
"WS/MP18074/2024-2025/138476-Constructionofroads,linkroads,pathwaysoranyotherroadwithorwithoutdrainagesystem",Normal/Others,Jharkhand,KHUNTI(ST),KALI CHARAN MUNDA,SIMDEGA(Deputy Commissioner simdega_IDA),Construction of PCC Road from village Ginikera Bartoli Sadam Chaaki towards Jamgachh of Urte Panchayat under Bansjor Block.,2024-09-02,600000,2024-10-02,600000,Work Completed,Completed,2025-05-18,600000.0,,30,228.0,,258.0,0,1.0,1.0,True,False,True,True,True,True,True,True,True,True,True,True,False,False,False,0,92.9
"WS/MP18074/2024-2025/138477-Constructionofroads,linkroads,pathwaysoranyotherroadwithorwithoutdrainagesystem",Normal/Others,Jharkhand,KHUNTI(ST),KALI CHARAN MUNDA,SIMDEGA(Deputy Commissioner simdega_IDA),Construction of PCC road in Gidiburu of Urate Panchayat under Bansjor Block.,2024-09-02,600000,2024-10-02,600000,Work Completed,Completed,2025-05-18,600000.0,,30,228.0,,258.0,0,1.0,1.0,True,False,True,True,True,True,True,True,True,True,True,True,False,False,False,0,92.9
"WS/MP18074/2024-2025/138478-Constructionofroads,linkroads,pathwaysoranyotherroadwithorwithoutdrainagesystem",Normal/Others,Jharkhand,KHUNTI(ST),KALI CHARAN MUNDA,SIMDEGA(Deputy Commissioner simdega_IDA),Construction of PCC road in Bendosera Kudatoli of Parka Revenue Village under Jaldega Block.,2024-09-02,600000,2024-10-02,600000,Work Completed,Completed,2025-05-18,600000.0,,30,228.0,,258.0,0,1.0,1.0,True,False,True,True,True,True,True,True,True,True,True,True,False,False,False,0,92.9
"WS/MP18074/2024-2025/138479-Constructionofroads,linkroads,pathwaysoranyotherroadwithorwithoutdrainagesystem",Normal/Others,Jharkhand,KHUNTI(ST),KALI CHARAN MUNDA,SIMDEGA(Deputy Commissioner simdega_IDA),Construction of PCC road in Kusumtoli of Thethaitanger Panchayat under Thethaitanger Block.,2024-09-02,500000,2024-10-02,500000,Work Completed,Completed,2025-05-18,500000.0,,30,228.0,,258.0,0,1.0,1.0,True,False,True,True,True,True,True,True,True,True,True,True,False,False,False,0,92.9
"WS/MP18074/2024-2025/138713-Constructionofroads,linkroads,pathwaysoranyotherroadwithorwithoutdrainagesystem",Normal/Others,Jharkhand,KHUNTI(ST),KALI CHARAN MUNDA,RANCHI(DEPUTY COMMISSIONER RANCHI_IDA),Construction of PCC Road from Gutuhatu main road towards the house of Pritnath Munda (Durga Temple) in village Gutuhatu of Panchayat Kanchi under Bundu block.,2024-09-03,832000,2024-09-27,832000,Physical Inspection,Completed,2025-07-20,832000.0,,24,296.0,,320.0,0,1.0,1.0,True,True,True,True,True,True,True,True,True,True,True,True,False,False,False,1,92.9
"WS/MP18074/2024-2025/138714-Constructionofroads,linkroads,pathwaysoranyotherroadwithorwithoutdrainagesystem",Normal/Others,Jharkhand,KHUNTI(ST),KALI CHARAN MUNDA,RANCHI(DEPUTY COMMISSIONER RANCHI_IDA),Construction of PCC road from Amit Munda's house towards Vrindavan Mahato's house in village Datamda of Panchayat Sumandih under Bundu block.,2024-09-03,359000,2024-09-27,359000,Physical Inspection,Completed,2025-07-20,359000.0,,24,296.0,,320.0,0,1.0,1.0,True,True,True,True,True,True,True,True,True,True,True,True,False,False,False,1,92.9
WS/MP18074/2024-2025/138715-Providingdrainsandguttersforpublicdrainage,Normal/Others,Jharkhand,KHUNTI(ST),KALI CHARAN MUNDA,RANCHI(DEPUTY COMMISSIONER RANCHI_IDA),Construction of drain from Amit Mandal's house towards Umapado Mandal's house in village Gutuhatu of Panchayat Kanchi under Bundu block.,2024-09-03,783000,2024-09-27,783000,Physical Inspection,Completed,2025-07-20,783000.0,,24,296.0,,320.0,0,1.0,1.0,True,True,True,True,True,True,True,True,True,True,True,True,False,False,False,1,92.9
"WS/MP18074/2024-2025/138717-Constructionofroads,linkroads,pathwaysoranyotherroadwithorwithoutdrainagesystem",Normal/Others,Jharkhand,KHUNTI(ST),KALI CHARAN MUNDA,RANCHI(DEPUTY COMMISSIONER RANCHI_IDA),Construction of PCC road from Lal Talab towards Jagarnath Munda's house in village Kitadih of Panchayat Mankidih under Tamar block.,2024-09-03,649000,2024-09-27,649000,Physical Inspection,Completed,2025-07-20,649000.0,,24,296.0,,320.0,0,1.0,1.0,True,True,True,True,True,True,True,True,True,True,True,True,False,False,False,1,92.9
"WS/MP18074/2024-2025/138718-Constructionofroads,linkroads,pathwaysoranyotherroadwithorwithoutdrainagesystem",Normal/Others,Jharkhand,KHUNTI(ST),KALI CHARAN MUNDA,RANCHI(DEPUTY COMMISSIONER RANCHI_IDA),Construction of PCC road from Govt High School towards Gambhir Mahato's house in village Dimbujarda of Panchayat Dimbujarda under Tamar Block.,2024-09-03,542000,2024-09-27,542000,Physical Inspection,Completed,2025-07-20,542000.0,,24,296.0,,320.0,0,1.0,1.0,True,True,True,True,True,True,True,True,True,True,True,True,False,False,False,1,92.9
"WS/MP18074/2024-2025/138720-Constructionofroads,linkroads,pathwaysoranyotherroadwithorwithoutdrainagesystem",Normal/Others,Jharkhand,KHUNTI(ST),KALI CHARAN MUNDA,RANCHI(DEPUTY COMMISSIONER RANCHI_IDA),Construction of PCC road from Ravidas Mohalla towards Ganesh Pramanik's house in village Tamar of Panchayat Tamar East under Tamar block.,2024-09-03,535000,2024-09-27,535000,Physical Inspection,Completed,2025-07-20,535000.0,,24,296.0,,320.0,0,1.0,1.0,True,True,True,True,True,True,True,True,True,True,True,True,False,False,False,1,92.9
"WS/MP18074/2024-2025/140256-Constructionofroads,linkroads,pathwaysoranyotherroadwithorwithoutdrainagesystem",Normal/Others,Jharkhand,KHUNTI(ST),KALI CHARAN MUNDA,SIMDEGA(Deputy Commissioner simdega_IDA),Construction of PCC Road from Bhattitoli Azad Basti Khaja Garib Nawaz Mosque to Haki Masjid towards ex- Army’s house under Ward number -19.,2024-09-11,600000,2024-10-02,600000,Work Completed,Completed,2025-05-18,600000.0,,21,228.0,,249.0,0,1.0,1.0,True,False,True,True,True,True,True,True,True,True,True,True,False,False,False,0,92.9
"WS/MP18074/2024-2025/140257-Constructionofroads,linkroads,pathwaysoranyotherroadwithorwithoutdrainagesystem",Normal/Others,Jharkhand,KHUNTI(ST),KALI CHARAN MUNDA,SIMDEGA(Deputy Commissioner simdega_IDA),Construction of PCC Road from Sabir Khan's house to Mohd. Bin Asnari's house in Eidgah Mohalla under Ward number -19.,2024-09-11,900000,2024-10-02,900000,Work Completed,Completed,2025-05-18,900000.0,,21,228.0,,249.0,0,1.0,1.0,True,False,True,True,True,True,True,True,True,True,True,True,False,False,False,0,92.9
"WS/MP18322/2024-2025/140642-Constructionofroads,linkroads,pathwaysoranyotherroadwithorwithoutdrainagesystem",Normal/Others,Jharkhand,DUMKA(ST),NALIN SOREN,DUMKA(DEPUTY COMMISSIONER DUMKA_IDA),"Construction of PCC road from PWD Road to the Way of School in Panchayat- Kalajhar, Village- Kalajhar",2024-09-14,450000,2024-12-20,450000,Physical Inspection,Completed,2025-09-16,450000.0,Images,97,270.0,,367.0,0,1.0,1.0,True,True,True,True,True,True,True,True,True,True,True,True,False,False,False,1,100.0
WS/MP435/2024-2025/145624-Constructionofpublicstaircase/stairghatforpublicconvenience,Normal/Others,Jharkhand,RANCHI,Sanjay Seth,RANCHI(DEPUTY COMMISSIONER RANCHI_IDA),"Construction of Stair at Chat Ghat at Village-Malmandu under Puriyo Panchayat, Ratu block.",2024-10-05,1050200,2024-12-31,1050200,Physical Inspection,Completed,2026-04-03,1050200.0,,87,458.0,,545.0,0,1.0,1.0,True,True,True,True,True,True,True,True,True,True,True,True,False,False,False,1,92.9
"WS/MP435/2024-2025/145627-Constructionofroads,linkroads,pathwaysoranyotherroadwithorwithoutdrainagesystem",Normal/Others,Jharkhand,RANCHI,Sanjay Seth,RANCHI(DEPUTY COMMISSIONER RANCHI_IDA),"Construction of PCC Road form Chandan Singh's house, through the house of Basant Sahu's house via Nitin Singh's house at village Basant Vihar colony under Pandra panchayat, Ratu block.",2024-10-05,829500,2024-12-31,829500,Physical Inspection,Completed,2025-07-20,829500.0,,87,201.0,,288.0,0,1.0,1.0,True,True,True,True,True,True,True,True,True,True,True,True,False,False,False,1,92.9
"WS/MP435/2024-2025/145628-Constructionofroads,linkroads,pathwaysoranyotherroadwithorwithoutdrainagesystem",Normal/Others,Jharkhand,RANCHI,Sanjay Seth,RANCHI(DEPUTY COMMISSIONER RANCHI_IDA),"Construction of PCC Road form Vijay Sahu's house via Shivra Oraon's house at ward no.-33, Pandra ranka Toli.",2024-10-05,686000,2024-12-31,686000,Physical Inspection,Completed,2025-07-20,686000.0,,87,201.0,,288.0,0,1.0,1.0,True,True,True,True,True,True,True,True,True,True,True,True,False,False,False,1,92.9
WS/MP435/2024-2025/145629-Constructionofcommonworksheds/commoncoveredsittingarea,Normal/Others,Jharkhand,RANCHI,Sanjay Seth,RANCHI(DEPUTY COMMISSIONER RANCHI_IDA),Construction of Shed at Crematorium at Badka Pond at Simliya village under Simliya panchayat under Ratu Block.,2024-10-05,463600,2024-12-31,463600,Physical Inspection,Completed,2026-04-03,463600.0,,87,458.0,,545.0,0,1.0,1.0,True,True,True,True,True,True,True,True,True,True,True,True,False,False,False,1,92.9
WS/MP435/2024-2025/145826-Constructionofcommonworksheds/commoncoveredsittingarea,Normal/Others,Jharkhand,RANCHI,Sanjay Seth,RANCHI(DEPUTY COMMISSIONER RANCHI_IDA),"Construction of a Stage at Bhagwan Birsa Munda Adivasi Akhada (Palestra) under Sukurhuttu Panchayat Niche Toli, kanke Block.",2024-10-08,984400,2024-12-31,984400,Physical Inspection,Completed,2026-04-03,984400.0,,84,458.0,,542.0,0,1.0,1.0,True,True,True,True,True,True,True,True,True,True,True,True,False,False,False,1,92.9
"WS/MP435/2024-2025/145827-Constructionofroads,linkroads,pathwaysoranyotherroadwithorwithoutdrainagesystem",Normal/Others,Jharkhand,RANCHI,Sanjay Seth,RANCHI(DEPUTY COMMISSIONER RANCHI_IDA),Construction of Paver Block road at Sasanbera from near Mandir via Pepro Dah Chhat Ghat under Rajadera Panchayat.,2024-10-08,636200,2024-12-31,636200,Physical Inspection,Completed,2026-04-03,636200.0,,84,458.0,,542.0,0,1.0,1.0,True,True,True,True,True,True,True,True,True,True,True,True,False,False,False,1,92.9
WS/MP435/2024-2025/145838-Constructionofcommonworksheds/commoncoveredsittingarea,Normal/Others,Jharkhand,RANCHI,Sanjay Seth,RANCHI(DEPUTY COMMISSIONER RANCHI_IDA),"Construction of Dashkarma Shed at Village Paika under Paika Panchayat, Angara Block.",2024-10-08,463600,2024-12-31,463600,Physical Inspection,Completed,2026-04-03,463600.0,,84,458.0,,542.0,0,1.0,1.0,True,True,True,True,True,True,True,True,True,True,True,True,False,False,False,1,92.9
"WS/MP435/2024-2025/145841-Constructionofroads,linkroads,pathwaysoranyotherroadwithorwithoutdrainagesystem",Normal/Others,Jharkhand,RANCHI,Sanjay Seth,RANCHI(DEPUTY COMMISSIONER RANCHI_IDA),"Construction of PCC road and Guardwall at Village Hesal from Near Government School via Chota Talaab (Pond) (Dashkarma Ghat) under Hesal Panchayat, Angara Block.",2024-10-08,680200,2024-12-31,680200,Physical Inspection,Completed,2026-04-03,680200.0,,84,458.0,,542.0,0,1.0,1.0,True,True,True,True,True,True,True,True,True,True,True,True,False,False,False,1,92.9
WS/MP435/2024-2025/145842-Constructionofcommonworksheds/commoncoveredsittingarea,Normal/Others,Jharkhand,RANCHI,Sanjay Seth,RANCHI(DEPUTY COMMISSIONER RANCHI_IDA),"Construction of Dashkarma Shed at Getalsud, near Munda Toli under Getalsud Panchayat, Angara Block..",2024-10-08,463600,2024-12-31,463600,Physical Inspection,Completed,2026-04-03,463600.0,,84,458.0,,542.0,0,1.0,1.0,True,True,True,True,True,True,True,True,True,True,True,True,False,False,False,1,92.9
"WS/MP435/2024-2025/145843-Constructionofroads,linkroads,pathwaysoranyotherroadwithorwithoutdrainagesystem",Normal/Others,Jharkhand,RANCHI,Sanjay Seth,RANCHI(DEPUTY COMMISSIONER RANCHI_IDA),"Constructiion of PCC Road (300 ft.) at Benti, form Madhupur School via Goga Munda's house under Bisa Panchayat, Angara Blok.",2024-10-08,557100,2024-12-31,557100,Physical Inspection,Completed,2025-07-23,557100.0,,84,204.0,,288.0,0,1.0,1.0,True,True,True,True,True,True,True,True,True,True,True,True,False,False,False,1,92.9
"WS/MP435/2024-2025/145861-Constructionofroads,linkroads,pathwaysoranyotherroadwithorwithoutdrainagesystem",Normal/Others,Jharkhand,RANCHI,Sanjay Seth,RANCHI(DEPUTY COMMISSIONER RANCHI_IDA),Construction of Paver Block Road at Doranda Bazaar Mohalla from Umesh pandit's House via Vishnu Ghosh's house.,2024-10-08,377300,2024-12-31,377300,Physical Inspection,Completed,2025-07-20,377300.0,,84,201.0,,285.0,0,1.0,1.0,True,True,True,True,True,True,True,True,True,True,True,True,False,False,False,1,92.9
"WS/MP435/2024-2025/145862-Constructionofroads,linkroads,pathwaysoranyotherroadwithorwithoutdrainagesystem",Normal/Others,Jharkhand,RANCHI,Sanjay Seth,RANCHI(DEPUTY COMMISSIONER RANCHI_IDA),"Construction of PCC Road (400 ft.) at Village Kumharia, near Devi Mandap, under Sataknadu Panchayat, kanke Block.",2024-10-08,642000,2024-12-31,642000,Physical Inspection,Completed,2026-04-03,642000.0,,84,458.0,,542.0,0,1.0,1.0,True,True,True,True,True,True,True,True,True,True,True,True,False,False,False,1,92.9
"WS/MP435/2024-2025/145868-Constructionofroads,linkroads,pathwaysoranyotherroadwithorwithoutdrainagesystem",Normal/Others,Jharkhand,RANCHI,Sanjay Seth,RANCHI(DEPUTY COMMISSIONER RANCHI_IDA),"Construction of PCC road at Manitola, Doranda from Atwa Oraon's house via Pathar Road, kali Mandir.",2024-10-08,451900,2024-12-31,451900,Physical Inspection,Completed,2026-04-03,451900.0,,84,458.0,,542.0,0,1.0,1.0,True,True,True,True,True,True,True,True,True,True,True,True,False,False,False,1,92.9
"WS/MP435/2024-2025/145869-Constructionofroads,linkroads,pathwaysoranyotherroadwithorwithoutdrainagesystem",Normal/Others,Jharkhand,RANCHI,Sanjay Seth,RANCHI(DEPUTY COMMISSIONER RANCHI_IDA),"Construction of PCC road at Hinoo, ranchi, Bal mandir School road, Near Bihari Club.",2024-10-08,316800,2024-12-31,316800,Physical Inspection,Completed,2026-04-03,316800.0,,84,458.0,,542.0,0,1.0,1.0,True,True,True,True,True,True,True,True,True,True,True,True,False,False,False,1,92.9
"WS/MP435/2024-2025/145967-Constructionofroads,linkroads,pathwaysoranyotherroadwithorwithoutdrainagesystem",Normal/Others,Jharkhand,RANCHI,Sanjay Seth,RANCHI(DEPUTY COMMISSIONER RANCHI_IDA),"Construction of PCC road at village Kamta from Jhanku Mahto's house through Surendra Nath Mahto via Mahavir Mandir road under Kucchu panchayat, Ormanjhi Block.",2024-10-08,422800,2024-12-31,422800,Physical Inspection,Completed,2025-07-20,422800.0,,84,201.0,,285.0,0,1.0,1.0,True,True,True,True,True,True,True,True,True,True,True,True,False,False,False,1,92.9
"WS/MP435/2024-2025/145968-Constructionofroads,linkroads,pathwaysoranyotherroadwithorwithoutdrainagesystem",Normal/Others,Jharkhand,RANCHI,Sanjay Seth,RANCHI(DEPUTY COMMISSIONER RANCHI_IDA),"Construction of PCC road at village Baghmara from School via Charku Mahto's house under Sadma panchayat, Ormanjhi Block.",2024-10-08,642700,2024-12-31,642700,Physical Inspection,Completed,2025-11-30,642700.0,,84,334.0,,418.0,0,1.0,1.0,True,True,True,True,True,True,True,True,True,True,True,True,False,False,False,1,92.9
WS/MP435/2024-2025/145969-Constructionofcommonworksheds/commoncoveredsittingarea,Normal/Others,Jharkhand,RANCHI,Sanjay Seth,RANCHI(DEPUTY COMMISSIONER RANCHI_IDA),Construction of Platform and Shed at Chakla Sarna Toli under Ormanjhi Block.,2024-10-08,984400,2024-12-31,984400,Physical Inspection,Completed,2026-04-03,984400.0,,84,458.0,,542.0,0,1.0,1.0,True,True,True,True,True,True,True,True,True,True,True,True,False,False,False,1,92.9
"WS/MP435/2024-2025/145971-Constructionofroads,linkroads,pathwaysoranyotherroadwithorwithoutdrainagesystem",Normal/Others,Jharkhand,RANCHI,Sanjay Seth,RANCHI(DEPUTY COMMISSIONER RANCHI_IDA),"Construction of PCC road (600 ft.) at JP Market, Dhurwa from near both side Guriya's house while mixing main road.",2024-10-08,686000,2024-12-31,686000,Physical Inspection,Completed,2026-04-03,686000.0,,84,458.0,,542.0,0,1.0,1.0,True,True,True,True,True,True,True,True,True,True,True,True,False,False,False,1,92.9
WS/MP435/2024-2025/145972-Providingdrainsandguttersforpublicdrainage,Normal/Others,Jharkhand,RANCHI,Sanjay Seth,RANCHI(DEPUTY COMMISSIONER RANCHI_IDA),"Construction of Drain (425 ft.) in front of the oilman's house at Sakhua bagan, Dhurwa.",2024-10-08,685500,2024-12-31,685500,Physical Inspection,Completed,2026-04-03,685500.0,,84,458.0,,542.0,0,1.0,1.0,True,True,True,True,True,True,True,True,True,True,True,True,False,False,False,1,92.9
"WS/MP435/2024-2025/145996-Constructionofroads,linkroads,pathwaysoranyotherroadwithorwithoutdrainagesystem",Normal/Others,Jharkhand,RANCHI,Sanjay Seth,RANCHI(DEPUTY COMMISSIONER RANCHI_IDA),"Construction of PCC Road through main Road, Brajesh Singh's house  via Arvind Pandey's house at SAIL City road (Hanuman Nagar, New Pundag, Road No.-4), Ranchi.",2024-10-08,596600,2024-12-31,596600,Physical Inspection,Completed,2025-11-30,596600.0,,84,334.0,,418.0,0,1.0,1.0,True,True,True,True,True,True,True,True,True,True,True,True,False,False,False,1,92.9
"WS/MP435/2024-2025/145998-Constructionofroads,linkroads,pathwaysoranyotherroadwithorwithoutdrainagesystem",Normal/Others,Jharkhand,RANCHI,Sanjay Seth,RANCHI(DEPUTY COMMISSIONER RANCHI_IDA),"Construction of PCC Road from Shankar Mehta's house through Vinay's Singh's house via Diwali Sharma's house at Kali Nagar under Bargawan Panchayat, namkum, Ranchi.",2024-10-08,579900,2024-12-31,579900,Physical Inspection,Completed,2025-07-23,579900.0,,84,204.0,,288.0,0,1.0,1.0,True,True,True,True,True,True,True,True,True,True,True,True,False,False,False,1,92.9
"WS/MP435/2024-2025/145999-Constructionofroads,linkroads,pathwaysoranyotherroadwithorwithoutdrainagesystem",Normal/Others,Jharkhand,RANCHI,Sanjay Seth,RANCHI(DEPUTY COMMISSIONER RANCHI_IDA),"Construction of PCC Road from Shiv Mandir via Subhash Singh's house at kali Nagar, Namkum.",2024-10-08,586100,2024-12-31,586100,Physical Inspection,Completed,2025-07-20,586100.0,,84,201.0,,285.0,0,1.0,1.0,True,True,True,True,True,True,True,True,True,True,True,True,False,False,False,1,92.9
"WS/MP435/2024-2025/146000-Constructionofroads,linkroads,pathwaysoranyotherroadwithorwithoutdrainagesystem",Normal/Others,Jharkhand,RANCHI,Sanjay Seth,RANCHI(DEPUTY COMMISSIONER RANCHI_IDA),"Construction of PCC Road near Rahul Singh's house at ward-34, Ganga Nagar (Sai City), Ranchi.",2024-10-08,657700,2024-12-31,657700,Physical Inspection,Completed,2025-11-30,657700.0,,84,334.0,,418.0,0,1.0,1.0,True,True,True,True,True,True,True,True,True,True,True,True,False,False,False,1,92.9
"WS/MP435/2024-2025/146001-Constructionofroads,linkroads,pathwaysoranyotherroadwithorwithoutdrainagesystem",Normal/Others,Jharkhand,RANCHI,Sanjay Seth,RANCHI(DEPUTY COMMISSIONER RANCHI_IDA),"Construction of PCC Road from Umashankar Prasad's via Churi Wali's house at Ward-49, Saket Nagar, Hinoo, Ranchi.",2024-10-08,608900,2024-12-31,608900,Physical Inspection,Completed,2025-11-30,608900.0,,84,334.0,,418.0,0,1.0,1.0,True,True,True,True,True,True,True,True,True,True,True,True,False,False,False,1,92.9
"WS/MP435/2024-2025/146299-Constructionofroads,linkroads,pathwaysoranyotherroadwithorwithoutdrainagesystem",Normal/Others,Jharkhand,RANCHI,Sanjay Seth,RANCHI(DEPUTY COMMISSIONER RANCHI_IDA),"Construction of PCC road from Arun Jha's house via Gauri Prasad's house at ward-49, Saket Nagar, Hinoo, Ranchi.",2024-10-09,283200,2024-12-31,283200,Physical Inspection,Completed,2026-04-03,283200.0,,83,458.0,,541.0,0,1.0,1.0,True,True,True,True,True,True,True,True,True,True,True,True,False,False,False,1,92.9
"WS/MP435/2024-2025/146300-Constructionofroads,linkroads,pathwaysoranyotherroadwithorwithoutdrainagesystem",Normal/Others,Jharkhand,RANCHI,Sanjay Seth,RANCHI(DEPUTY COMMISSIONER RANCHI_IDA),"Construction of PCC road from Lochan Nayak's house via sudhir Kumar's house at ward-49, Saket Nagar, Hinoo, Ranchi.",2024-10-09,295300,2024-12-31,295300,Physical Inspection,Completed,2025-07-20,295300.0,,83,201.0,,284.0,0,1.0,1.0,True,True,True,True,True,True,True,True,True,True,True,True,False,False,False,1,92.9
"WS/MP435/2024-2025/146301-Constructionofroads,linkroads,pathwaysoranyotherroadwithorwithoutdrainagesystem",Normal/Others,Jharkhand,RANCHI,Sanjay Seth,RANCHI(DEPUTY COMMISSIONER RANCHI_IDA),"Construction of PCC road from Parmwshwar Ji's house via Puran Ji's house at Shivpuri, Road No-7, Hotwasi Panchayat under Nagri Block.",2024-10-09,472000,2024-12-31,472000,Physical Inspection,Completed,2025-07-23,472000.0,,83,204.0,,287.0,0,1.0,1.0,True,True,True,True,True,True,True,True,True,True,True,True,False,False,False,1,92.9
"WS/MP435/2024-2025/146302-Constructionofroads,linkroads,pathwaysoranyotherroadwithorwithoutdrainagesystem",Normal/Others,Jharkhand,RANCHI,Sanjay Seth,RANCHI(DEPUTY COMMISSIONER RANCHI_IDA),"Construction of PCC road from Dinesh Pramanik's house via Ajit Singh's house at Shivpuri, Road No-4, Hotwasi Panchayat under Nagri Block.",2024-10-09,340700,2024-12-31,340700,Physical Inspection,Completed,2025-11-30,340700.0,,83,334.0,,417.0,0,1.0,1.0,True,True,True,True,True,True,True,True,True,True,True,True,False,False,False,1,92.9
"WS/MP435/2024-2025/146449-Constructionofroads,linkroads,pathwaysoranyotherroadwithorwithoutdrainagesystem",Normal/Others,Jharkhand,RANCHI,Sanjay Seth,RANCHI(DEPUTY COMMISSIONER RANCHI_IDA),"Construction of PCC Road from near Kathal More, NH-23 via Suman Kumar's house at Dev Nagar, Kathal More, under Ward-13, Ranchi",2024-10-09,686300,2024-12-31,686300,Physical Inspection,Completed,2025-07-20,686300.0,,83,201.0,,284.0,0,1.0,1.0,True,True,True,True,True,True,True,True,True,True,True,True,False,False,False,1,92.9
"WS/MP435/2024-2025/146450-Constructionofroads,linkroads,pathwaysoranyotherroadwithorwithoutdrainagesystem",Normal/Others,Jharkhand,RANCHI,Sanjay Seth,RANCHI(DEPUTY COMMISSIONER RANCHI_IDA),"Construction of PCC Road near Nutan Apartment at Pragati Path, Jayprakash Nagar under Ward-06, Ranchi",2024-10-09,585200,2024-12-31,585200,Physical Inspection,Completed,2026-04-03,585200.0,,83,458.0,,541.0,0,1.0,1.0,True,True,True,True,True,True,True,True,True,True,True,True,False,False,False,1,92.9
"WS/MP435/2024-2025/146454-Constructionofroads,linkroads,pathwaysoranyotherroadwithorwithoutdrainagesystem",Normal/Others,Jharkhand,RANCHI,Sanjay Seth,RANCHI(DEPUTY COMMISSIONER RANCHI_IDA),"Construction of PCC Road from Kuila Bedia's house via Swarnrekha River at Barwa Toli, Village-Rangamati under Angara Block.",2024-10-09,454400,2024-12-31,454400,Physical Inspection,Completed,2025-07-20,454400.0,,83,201.0,,284.0,0,1.0,1.0,True,True,True,True,True,True,True,True,True,True,True,True,False,False,False,1,92.9
WS/MP435/2024-2025/146461-Constructionofcommunitycentersandcommunityhalls,Normal/Others,Jharkhand,RANCHI,Sanjay Seth,RANCHI(DEPUTY COMMISSIONER RANCHI_IDA),"Construction of Community Hall at Sarna Samiti Akhra, Veer Birsa Nagar, East jail more under ward-18, Ranchi.",2024-10-09,1325800,2024-12-26,1325800,Physical Inspection,Completed,2025-11-30,1325800.0,,78,339.0,,417.0,0,1.0,1.0,True,True,True,True,True,True,True,True,True,True,True,True,False,False,False,1,92.9
"WS/MP435/2024-2025/146544-Constructionofroads,linkroads,pathwaysoranyotherroadwithorwithoutdrainagesystem",Normal/Others,Jharkhand,RANCHI,Sanjay Seth,RANCHI(DEPUTY COMMISSIONER RANCHI_IDA),"Construction of PCC Road from Kaushal's house via Khushi's house under ward-5, Ekta Nagar basti, Booty More, Ranchi.",2024-10-09,972800,2024-12-31,972800,Physical Inspection,Completed,2025-07-20,972800.0,,83,201.0,,284.0,0,1.0,1.0,True,True,True,True,True,True,True,True,True,True,True,True,False,False,False,1,92.9
WS/MP435/2024-2025/146548-Constructionofcommonworksheds/commoncoveredsittingarea,Normal/Others,Jharkhand,RANCHI,Sanjay Seth,RANCHI(DEPUTY COMMISSIONER RANCHI_IDA),"Construction of Platform and Shed at Village-Umedanda, under Umedanda Panchayat, Burmu Block, Ranchi.",2024-10-09,1126600,2024-12-26,1126600,Physical Inspection,Completed,2026-04-03,1126600.0,,78,463.0,,541.0,0,1.0,1.0,True,True,True,True,True,True,True,True,True,True,True,True,False,False,False,1,92.9
"WS/MP435/2024-2025/147147-Constructionofroads,linkroads,pathwaysoranyotherroadwithorwithoutdrainagesystem",Normal/Others,Jharkhand,RANCHI,Sanjay Seth,RANCHI(DEPUTY COMMISSIONER RANCHI_IDA),"Construction of PCC Road near Ajay Kumar's house's at Saket Nagar, on JAP 2 road under Chatra Panchayat, Angara block, Ranchi.",2024-10-15,330100,2024-12-26,330100,Physical Inspection,Completed,2025-07-20,330100.0,,72,206.0,,278.0,0,1.0,1.0,True,True,True,True,True,True,True,True,True,True,True,True,False,False,False,1,92.9
"WS/MP435/2024-2025/147153-Constructionofroads,linkroads,pathwaysoranyotherroadwithorwithoutdrainagesystem",Normal/Others,Jharkhand,RANCHI,Sanjay Seth,RANCHI(DEPUTY COMMISSIONER RANCHI_IDA),"Construction of PCC Road from Bridgeford School through Bhikhu Mahto's house via Minj Cottage under ward no-53, Atal Colony, Ranchi.",2024-10-15,840000,2024-12-26,840000,Physical Inspection,Completed,2025-07-20,840000.0,,72,206.0,,278.0,0,1.0,1.0,True,True,True,True,True,True,True,True,True,True,True,True,False,False,False,1,92.9
WS/MP435/2024-2025/147154-Constructionofcommonworksheds/commoncoveredsittingarea,Normal/Others,Jharkhand,RANCHI,Sanjay Seth,RANCHI(DEPUTY COMMISSIONER RANCHI_IDA),"Construction of Platform at Village-Chirudih (Mahuadih) under Rahe Block, Ranchi.",2024-10-15,227400,2024-12-26,227400,Physical Inspection,Completed,2025-07-23,227400.0,,72,209.0,,281.0,0,1.0,1.0,True,True,True,True,True,True,True,True,True,True,True,True,False,False,False,1,92.9
"WS/MP435/2024-2025/147155-Constructionofroads,linkroads,pathwaysoranyotherroadwithorwithoutdrainagesystem",Normal/Others,Jharkhand,RANCHI,Sanjay Seth,RANCHI(DEPUTY COMMISSIONER RANCHI_IDA),"Construction of PCC Road from Platform of Kankatta Mahuatola via Banwasi Swansi's house under Rahe block, Ranchi.",2024-10-15,436300,2024-12-26,436300,Physical Inspection,Completed,2025-07-20,436300.0,,72,206.0,,278.0,0,1.0,1.0,True,True,True,True,True,True,True,True,True,True,True,True,False,False,False,1,92.9
"WS/MP435/2024-2025/147428-Constructionofroads,linkroads,pathwaysoranyotherroadwithorwithoutdrainagesystem",Normal/Others,Jharkhand,RANCHI,Sanjay Seth,RANCHI(DEPUTY COMMISSIONER RANCHI_IDA),"Construction of PCC Road (300 ft.) from Mandir via Tungri at Village-Dhatkijara under Rahe Block, Ranchi.",2024-10-15,436300,2024-12-26,436300,Physical Inspection,Completed,2025-07-20,436300.0,,72,206.0,,278.0,0,1.0,1.0,True,True,True,True,True,True,True,True,True,True,True,True,False,False,False,1,92.9
"WS/MP435/2024-2025/147429-Constructionofroads,linkroads,pathwaysoranyotherroadwithorwithoutdrainagesystem",Normal/Others,Jharkhand,RANCHI,Sanjay Seth,RANCHI(DEPUTY COMMISSIONER RANCHI_IDA),"Construction of PCC Road (400 ft.) from Deepak Mahto's house via Karna Mahto's house at Village-Ghaghra under Silli Block, Ranchi.",2024-10-15,579100,2024-12-26,579100,Physical Inspection,Completed,2025-11-30,579100.0,,72,339.0,,411.0,0,1.0,1.0,True,True,True,True,True,True,True,True,True,True,True,True,False,False,False,1,92.9
"WS/MP18074/2024-2025/136747-Constructionofroads,linkroads,pathwaysoranyotherroadwithorwithoutdrainagesystem",Normal/Others,Jharkhand,KHUNTI(ST),KALI CHARAN MUNDA,KHUNTI(DEPUTY COMMISSIONER KHUNTI_IDA),Construction of paver block road on the path from Narayan Kongari's house to Janeu Toli in Token village under Khatanga Panchayat.,2024-08-24,400000,2024-09-30,400000,Vendor Identification,Sanctioned - Not Completed,,,,37,,696.0,733.0,0,1.0,,False,False,True,True,True,True,True,True,True,True,True,True,False,False,False,0,100.0
"WS/MP18074/2024-2025/136748-Constructionofroads,linkroads,pathwaysoranyotherroadwithorwithoutdrainagesystem",Normal/Others,Jharkhand,KHUNTI(ST),KALI CHARAN MUNDA,KHUNTI(DEPUTY COMMISSIONER KHUNTI_IDA),Construction of PCC road from the house of Rajkishore Singh of Lova Upar Toli to the house of Jarka Munda of Munda Toli in Lova village under Dahu Panchayat.,2024-08-24,350000,2024-09-30,350000,Vendor Identification,Sanctioned - Not Completed,,,,37,,696.0,733.0,0,1.0,,False,False,True,True,True,True,True,True,True,True,True,True,False,False,False,0,100.0
"WS/MP18074/2024-2025/136749-Constructionofroads,linkroads,pathwaysoranyotherroadwithorwithoutdrainagesystem",Normal/Others,Jharkhand,KHUNTI(ST),KALI CHARAN MUNDA,KHUNTI(DEPUTY COMMISSIONER KHUNTI_IDA),Construction of paver block road from Dharamdas Kongari's house to Mahindra Munda garden in village Khijurtoli under Panchayat Udikel.,2024-08-24,500000,2024-09-30,500000,Vendor Identification,Sanctioned - Not Completed,,,,37,,696.0,733.0,0,1.0,,False,False,True,True,True,True,True,True,True,True,True,True,False,False,False,0,100.0
"WS/MP18074/2024-2025/136750-Constructionofroads,linkroads,pathwaysoranyotherroadwithorwithoutdrainagesystem",Normal/Others,Jharkhand,KHUNTI(ST),KALI CHARAN MUNDA,KHUNTI(DEPUTY COMMISSIONER KHUNTI_IDA),Construction of PCC road from Puru Topno's house to Anganwadi center in village Banabira under Marcha Panchayat.,2024-08-24,500000,2024-09-30,500000,Vendor Identification,Sanctioned - Not Completed,,,,37,,696.0,733.0,0,1.0,,False,False,True,True,True,True,True,True,True,True,True,True,False,False,False,0,100.0
WS/MP18074/2024-2025/136751-Constructionofcommonworksheds/commoncoveredsittingarea,Normal/Others,Jharkhand,KHUNTI(ST),KALI CHARAN MUNDA,KHUNTI(DEPUTY COMMISSIONER KHUNTI_IDA),Construction of shed near Karo River bridge at Ambapakna crematorium under Amma Panchayat.,2024-08-24,300000,2024-09-30,300000,Vendor Identification,Sanctioned - Not Completed,,,,37,,696.0,733.0,0,1.0,,False,False,True,True,True,True,True,True,True,True,True,True,False,False,False,0,100.0
"WS/MP18074/2024-2025/136752-Constructionofroads,linkroads,pathwaysoranyotherroadwithorwithoutdrainagesystem",Normal/Others,Jharkhand,KHUNTI(ST),KALI CHARAN MUNDA,KHUNTI(DEPUTY COMMISSIONER KHUNTI_IDA),Construction of paver block path from Dhankunwar Soy's house to Singrai Bhengra's house in Gumpila village of Jariya Panchayat.,2024-08-24,350000,2024-09-30,350000,Vendor Identification,Sanctioned - Not Completed,,,,37,,696.0,733.0,0,1.0,,False,False,True,True,True,True,True,True,True,True,True,True,False,False,False,0,100.0
"WS/MP18074/2024-2025/136753-Constructionofroads,linkroads,pathwaysoranyotherroadwithorwithoutdrainagesystem",Normal/Others,Jharkhand,KHUNTI(ST),KALI CHARAN MUNDA,KHUNTI(DEPUTY COMMISSIONER KHUNTI_IDA),Construction of paver block path from Karamtoli Akhara to the house of Alexsis Topno in Kachchabari village under Kachchabari Panchayat.,2024-08-24,500000,2024-09-30,500000,Vendor Identification,Sanctioned - Not Completed,,,,37,,696.0,733.0,0,1.0,,False,False,True,True,True,True,True,True,True,True,True,True,False,False,False,0,100.0
"WS/MP18074/2024-2025/136754-Constructionofroads,linkroads,pathwaysoranyotherroadwithorwithoutdrainagesystem",Normal/Others,Jharkhand,KHUNTI(ST),KALI CHARAN MUNDA,KHUNTI(DEPUTY COMMISSIONER KHUNTI_IDA),Construction of PCC road from Akhara to Sarana in Mahuwatoli under Kachchabari Panchayat.,2024-08-24,400000,2024-09-30,400000,Vendor Identification,Sanctioned - Not Completed,,,,37,,696.0,733.0,0,1.0,,False,False,True,True,True,True,True,True,True,True,True,True,False,False,False,0,100.0
"WS/MP18074/2024-2025/136755-Constructionofroads,linkroads,pathwaysoranyotherroadwithorwithoutdrainagesystem",Normal/Others,Jharkhand,KHUNTI(ST),KALI CHARAN MUNDA,KHUNTI(DEPUTY COMMISSIONER KHUNTI_IDA),Construction of PCC road from Chudru Pahan's house to Jakha's house in Dehkela village under Dehkela Panchayat.,2024-08-24,400000,2024-09-30,400000,Vendor Identification,Sanctioned - Not Completed,,,,37,,696.0,733.0,0,1.0,,False,False,True,True,True,True,True,True,True,True,True,True,False,False,False,0,100.0
"WS/MP18074/2024-2025/136922-Constructionofroads,linkroads,pathwaysoranyotherroadwithorwithoutdrainagesystem",Normal/Others,Jharkhand,KHUNTI(ST),KALI CHARAN MUNDA,KHUNTI(DEPUTY COMMISSIONER KHUNTI_IDA),Construction of paver block path from Shri Israel Dhangha's house to Prem Lata Tiru's house and from Amit Kumar's house to PCC path in West Martin Bungalow.,2024-08-24,400000,2024-09-30,400000,Vendor Identification,Sanctioned - Not Completed,,,,37,,696.0,733.0,0,1.0,,False,False,True,True,True,True,True,True,True,True,True,True,False,False,False,0,100.0
"WS/MP18074/2024-2025/136923-Constructionofroads,linkroads,pathwaysoranyotherroadwithorwithoutdrainagesystem",Normal/Others,Jharkhand,KHUNTI(ST),KALI CHARAN MUNDA,KHUNTI(DEPUTY COMMISSIONER KHUNTI_IDA),Construction of paver block path from Panchayat Bhawan to Dashay Lohara's house in Munda Kunjla under Murhu Block.,2024-08-24,600000,2024-09-30,600000,Vendor Identification,Sanctioned - Not Completed,,,,37,,696.0,733.0,0,1.0,,False,False,True,True,True,True,True,True,True,True,True,True,False,False,False,0,100.0
"WS/MP18074/2024-2025/136924-Constructionofroads,linkroads,pathwaysoranyotherroadwithorwithoutdrainagesystem",Normal/Others,Jharkhand,KHUNTI(ST),KALI CHARAN MUNDA,KHUNTI(DEPUTY COMMISSIONER KHUNTI_IDA),Construction of PCC and paver block path from Khunti Mahil Path to Lodro Gadha in village Ithe of Murhu Block.,2024-08-24,1200000,2024-09-30,1200000,Vendor Identification,Sanctioned - Not Completed,,,,37,,696.0,733.0,0,1.0,,False,False,True,True,True,True,True,True,True,True,True,True,False,False,False,0,100.0
"WS/MP18074/2024-2025/136925-Constructionofroads,linkroads,pathwaysoranyotherroadwithorwithoutdrainagesystem",Normal/Others,Jharkhand,KHUNTI(ST),KALI CHARAN MUNDA,KHUNTI(DEPUTY COMMISSIONER KHUNTI_IDA),Construction of PCC path from Dubdiri to Budhu Pahan's house in Banda Toli of Sirka village under Hethgoa Panchayat of Murhu Block.,2024-08-24,400000,2024-09-30,400000,Vendor Identification,Sanctioned - Not Completed,,,,37,,696.0,733.0,0,1.0,,False,False,True,True,True,True,True,True,True,True,True,True,False,False,False,0,100.0
"WS/MP18074/2024-2025/136926-Constructionofroads,linkroads,pathwaysoranyotherroadwithorwithoutdrainagesystem",Normal/Others,Jharkhand,KHUNTI(ST),KALI CHARAN MUNDA,KHUNTI(DEPUTY COMMISSIONER KHUNTI_IDA),Construction of paver block path from Bukan Pahan's house to Noel Sanga's house in Bagan Toli in village Ithe of Murhu Block.,2024-08-24,1000000,2024-09-30,1000000,Vendor Identification,Sanctioned - Not Completed,,,,37,,696.0,733.0,0,1.0,,False,False,True,True,True,True,True,True,True,True,True,True,False,False,False,0,100.0
"WS/MP18074/2024-2025/136927-Constructionofroads,linkroads,pathwaysoranyotherroadwithorwithoutdrainagesystem",Normal/Others,Jharkhand,KHUNTI(ST),KALI CHARAN MUNDA,KHUNTI(DEPUTY COMMISSIONER KHUNTI_IDA),Construction of paver block path from Jeetbahan Mahato's house to Mahendra Mahato's house in village Ithe of Murhu block.,2024-08-24,300000,2024-09-30,300000,Vendor Identification,Sanctioned - Not Completed,,,,37,,696.0,733.0,0,1.0,,False,False,True,True,True,True,True,True,True,True,True,True,False,False,False,0,100.0
"WS/MP18074/2024-2025/136928-Constructionofroads,linkroads,pathwaysoranyotherroadwithorwithoutdrainagesystem",Normal/Others,Jharkhand,KHUNTI(ST),KALI CHARAN MUNDA,KHUNTI(DEPUTY COMMISSIONER KHUNTI_IDA),Construction of paver block path from Akhara to Dashrath Swansi's house in village Jiuri under Kuda Panchayat of Murhu block.,2024-08-24,500000,2024-09-30,500000,Vendor Identification,Sanctioned - Not Completed,,,,37,,696.0,733.0,0,1.0,,False,False,True,True,True,True,True,True,True,True,True,True,False,False,False,0,100.0
"WS/MP18074/2024-2025/136929-Constructionofroads,linkroads,pathwaysoranyotherroadwithorwithoutdrainagesystem",Normal/Others,Jharkhand,KHUNTI(ST),KALI CHARAN MUNDA,KHUNTI(DEPUTY COMMISSIONER KHUNTI_IDA),Construction of paver block path from Krishna Mahato's house to Sudhir Pahan's house under Ganaloya Panchayat of Murhu block.,2024-08-24,400000,2024-09-30,400000,Vendor Identification,Sanctioned - Not Completed,,,,37,,696.0,733.0,0,1.0,,False,False,True,True,True,True,True,True,True,True,True,True,False,False,False,0,100.0
"WS/MP18074/2024-2025/136930-Constructionofroads,linkroads,pathwaysoranyotherroadwithorwithoutdrainagesystem",Normal/Others,Jharkhand,KHUNTI(ST),KALI CHARAN MUNDA,KHUNTI(DEPUTY COMMISSIONER KHUNTI_IDA),Construction of paver block path from Anand Masih Soy's house to Jayamasih's house in village Konwa Hesabeda of Binda Panchayat of Murhu block.,2024-08-24,300000,2024-09-30,300000,Vendor Identification,Sanctioned - Not Completed,,,,37,,696.0,733.0,0,1.0,,False,False,True,True,True,True,True,True,True,True,True,True,False,False,False,0,100.0
"WS/MP18074/2024-2025/136931-Constructionofroads,linkroads,pathwaysoranyotherroadwithorwithoutdrainagesystem",Normal/Others,Jharkhand,KHUNTI(ST),KALI CHARAN MUNDA,KHUNTI(DEPUTY COMMISSIONER KHUNTI_IDA),Construction of PCC path from Maranghada path of Digri Panchayat of Murhu block to Kudahatu village.,2024-08-24,400000,2024-09-30,400000,Vendor Identification,Sanctioned - Not Completed,,,,37,,696.0,733.0,0,1.0,,False,False,True,True,True,True,True,True,True,True,True,True,False,False,False,0,100.0
WS/MP18074/2024-2025/136932-Constructionofroomsandhallsinschoolandcolleges,Normal/Others,Jharkhand,KHUNTI(ST),KALI CHARAN MUNDA,KHUNTI(DEPUTY COMMISSIONER KHUNTI_IDA),Construction of two rooms in Lutheran Middle School at Umbulbaha of Birbanki Panchayat under Arki block.,2024-08-24,1200000,2024-10-14,1200000,Vendor Identification,Sanctioned - Not Completed,,,,51,,682.0,733.0,0,1.0,,False,False,True,True,True,True,True,True,True,True,True,True,False,False,False,0,100.0
"WS/MP18074/2024-2025/137033-Constructionofroads,linkroads,pathwaysoranyotherroadwithorwithoutdrainagesystem",Normal/Others,Jharkhand,KHUNTI(ST),KALI CHARAN MUNDA,KHUNTI(DEPUTY COMMISSIONER KHUNTI_IDA),Construction of PCC road from Tilmi to Shiv Mandir via Ambatoli in Tilmi village under Dehkela Panchayat.,2024-08-25,500000,2024-09-30,500000,Vendor Identification,Sanctioned - Not Completed,,,,36,,696.0,732.0,0,1.0,,False,False,True,True,True,True,True,True,True,True,True,True,False,False,False,0,100.0
WS/MP18074/2024-2025/137034-Installingtube-wellsandborewells,Normal/Others,Jharkhand,KHUNTI(ST),KALI CHARAN MUNDA,KHUNTI(DEPUTY COMMISSIONER KHUNTI_IDA),Deep boring work in the girls hostel premises of G.E.L Church Mission Haata in Govindpur under Karra block.,2024-08-25,400000,2024-10-14,400000,Vendor Identification,Sanctioned - Not Completed,,,,50,,682.0,732.0,0,1.0,,False,False,True,True,True,True,True,True,True,True,True,True,False,False,False,0,100.0
"WS/MP18074/2024-2025/137037-Constructionofroads,linkroads,pathwaysoranyotherroadwithorwithoutdrainagesystem",Normal/Others,Jharkhand,KHUNTI(ST),KALI CHARAN MUNDA,KHUNTI(DEPUTY COMMISSIONER KHUNTI_IDA),Paver block road construction from Nirmal Oraon's house to Church wall in Hesag under Khunti block.,2024-08-25,350000,2024-09-30,350000,Vendor Identification,Sanctioned - Not Completed,,,,36,,696.0,732.0,0,1.0,,False,False,True,True,True,True,True,True,True,True,True,True,False,False,False,0,100.0
WS/MP18074/2024-2025/137039-Constructionofroomsandhallsinschoolandcolleges,Normal/Others,Jharkhand,KHUNTI(ST),KALI CHARAN MUNDA,KHUNTI(DEPUTY COMMISSIONER KHUNTI_IDA),Construction of two rooms in the school in Barbanda Village under Bhandra Panchayat.,2024-08-25,1000000,2024-10-14,1000000,Vendor Identification,Sanctioned - Not Completed,,,,50,,682.0,732.0,0,1.0,,False,False,True,True,True,True,True,True,True,True,True,True,False,False,False,0,100.0
WS/MP18074/2024-2025/137042-Constructionofadditionalroomsandhallsintheexistingpublicandcommunitybuilding,Repair and Renovation,Jharkhand,KHUNTI(ST),KALI CHARAN MUNDA,KHUNTI(DEPUTY COMMISSIONER KHUNTI_IDA),Renovation of old hall in Khunti Club.,2024-08-25,800000,2024-09-30,800000,Vendor Identification,Sanctioned - Not Completed,,,,36,,696.0,732.0,0,1.0,,False,False,True,True,True,True,True,True,True,True,True,True,False,False,False,0,100.0
"WS/MP18074/2024-2025/137043-Constructionofroads,linkroads,pathwaysoranyotherroadwithorwithoutdrainagesystem",Normal/Others,Jharkhand,KHUNTI(ST),KALI CHARAN MUNDA,KHUNTI(DEPUTY COMMISSIONER KHUNTI_IDA),Construction of PCC road in Sarengadih Tangra Toli.,2024-08-25,1000000,2024-09-30,1000000,Vendor Identification,Sanctioned - Not Completed,,,,36,,696.0,732.0,0,1.0,,False,False,True,True,True,True,True,True,True,True,True,True,False,False,False,0,100.0
WS/MP18074/2024-2025/138716-Constructionofbuildingsforcommunityculturalactivities,Normal/Others,Jharkhand,KHUNTI(ST),KALI CHARAN MUNDA,RANCHI(DEPUTY COMMISSIONER RANCHI_IDA),Construction of Community Building in village Laundra of Panchayat Birgaon under Tamar block.,2024-09-03,915000,2024-09-27,915000,Vendor Identification,Sanctioned - Not Completed,,,,24,,699.0,723.0,0,1.0,,False,False,True,True,True,True,True,True,True,True,True,True,False,False,False,0,100.0
WS/MP18074/2024-2025/138719-Constructionofculvertsandbridges,Normal/Others,Jharkhand,KHUNTI(ST),KALI CHARAN MUNDA,RANCHI(DEPUTY COMMISSIONER RANCHI_IDA),Construction of culvert in the drain near Peepal tree in village Sarubeda of Panchayat Tamar East under Tamar block.,2024-09-03,793000,2024-09-27,793000,Vendor Identification,Sanctioned - Not Completed,,,,24,,699.0,723.0,0,1.0,,False,False,True,True,True,True,True,True,True,True,True,True,False,False,False,0,100.0
"WS/MP18074/2024-2025/140226-Constructionofroads,linkroads,pathwaysoranyotherroadwithorwithoutdrainagesystem",Normal/Others,Jharkhand,KHUNTI(ST),KALI CHARAN MUNDA,SARAIKELA KHARSAWAN(Deputy Commissioner saraikela_IDA),Construction of PCC road from Maniram Munda's house to Gothauli in village Todangdih of Baruhatu Panchayat under Kuchai block.,2024-09-10,500000,2024-10-09,500000,Vendor Identification,Sanctioned - Not Completed,,,,29,,687.0,716.0,0,1.0,,False,False,True,True,True,True,True,True,True,True,True,True,False,False,False,0,100.0
WS/MP18074/2024-2025/140227-Constructionofpublicstaircase/stairghatforpublicconvenience,Normal/Others,Jharkhand,KHUNTI(ST),KALI CHARAN MUNDA,SARAIKELA KHARSAWAN(Deputy Commissioner saraikela_IDA),Construction of bathing ghat in Laka pond of village Aruwan of Aruwan Panchayat under Kuchai block.,2024-09-10,500000,2024-10-09,500000,Vendor Identification,Sanctioned - Not Completed,,,,29,,687.0,716.0,0,1.0,,False,False,True,True,True,True,True,True,True,True,True,True,False,False,False,0,100.0
WS/MP18074/2024-2025/140228-Constructionofpublicstaircase/stairghatforpublicconvenience,Normal/Others,Jharkhand,KHUNTI(ST),KALI CHARAN MUNDA,SARAIKELA KHARSAWAN(Deputy Commissioner saraikela_IDA),Construction of bathing ghat in government pond (Burubanda) in village Galudih of Tilopada Panchayat under Kuchai block.,2024-09-10,500000,2024-10-09,500000,Vendor Identification,Sanctioned - Not Completed,,,,29,,687.0,716.0,0,1.0,,False,False,True,True,True,True,True,True,True,True,True,True,False,False,False,0,100.0
"WS/MP18074/2024-2025/140229-Constructionofroads,linkroads,pathwaysoranyotherroadwithorwithoutdrainagesystem",Normal/Others,Jharkhand,KHUNTI(ST),KALI CHARAN MUNDA,SARAIKELA KHARSAWAN(Deputy Commissioner saraikela_IDA),Construction of PCC road from football ground to Kanchanpur bathing ghat in village Kanchanpur of Sini Panchayat under Seraikela block.,2024-09-10,600000,2024-10-09,600000,Vendor Identification,Sanctioned - Not Completed,,,,29,,687.0,716.0,0,1.0,,False,False,True,True,True,True,True,True,True,True,True,True,False,False,False,0,100.0
"WS/MP18074/2024-2025/140230-Constructionofroads,linkroads,pathwaysoranyotherroadwithorwithoutdrainagesystem",Normal/Others,Jharkhand,KHUNTI(ST),KALI CHARAN MUNDA,SARAIKELA KHARSAWAN(Deputy Commissioner saraikela_IDA),Construction of PCC road from Bhagirathi Mahato's house to village Pradhan Mangal Marandi's house in village Pawarol of Mahitpur Panchayat under Seraikela block.,2024-09-10,500000,2024-10-09,500000,Vendor Identification,Sanctioned - Not Completed,,,,29,,687.0,716.0,0,1.0,,False,False,True,True,True,True,True,True,True,True,True,True,False,False,False,0,100.0
"WS/MP18074/2024-2025/140231-Constructionofroads,linkroads,pathwaysoranyotherroadwithorwithoutdrainagesystem",Normal/Others,Jharkhand,KHUNTI(ST),KALI CHARAN MUNDA,SARAIKELA KHARSAWAN(Deputy Commissioner saraikela_IDA),Construction of PCC road from Utkramit Vidyalaya to Lakhindra Mahato's house in village Banddih of Banddih Panchayat under Gamharia block.,2024-09-10,700000,2024-10-09,700000,Vendor Identification,Sanctioned - Not Completed,,,,29,,687.0,716.0,0,1.0,,False,False,True,True,True,True,True,True,True,True,True,True,False,False,False,0,100.0
"WS/MP18074/2024-2025/140232-Constructionofroads,linkroads,pathwaysoranyotherroadwithorwithoutdrainagesystem",Normal/Others,Jharkhand,KHUNTI(ST),KALI CHARAN MUNDA,SARAIKELA KHARSAWAN(Deputy Commissioner saraikela_IDA),Construction of PCC road from High School More Main Road to crematorium ghat in village Telisai of Kharsawan Panchayat under Kharsawan block.,2024-09-10,600000,2024-10-09,600000,Vendor Identification,Sanctioned - Not Completed,,,,29,,687.0,716.0,0,1.0,,False,False,True,True,True,True,True,True,True,True,True,True,False,False,False,0,100.0
"WS/MP18074/2024-2025/140233-Constructionofroads,linkroads,pathwaysoranyotherroadwithorwithoutdrainagesystem",Normal/Others,Jharkhand,KHUNTI(ST),KALI CHARAN MUNDA,SARAIKELA KHARSAWAN(Deputy Commissioner saraikela_IDA),Construction of PCC road from Gomeya Hembram's house to Dhakkanlal Sardar's house in village Patpat of Riring Panchayat under Kharsawan block.,2024-09-10,500000,2024-10-08,500000,Vendor Identification,Sanctioned - Not Completed,,,,28,,688.0,716.0,0,1.0,,False,False,True,True,True,True,True,True,True,True,True,True,False,False,False,0,100.0
"WS/MP18074/2024-2025/140234-Constructionofroads,linkroads,pathwaysoranyotherroadwithorwithoutdrainagesystem",Normal/Others,Jharkhand,KHUNTI(ST),KALI CHARAN MUNDA,SARAIKELA KHARSAWAN(Deputy Commissioner saraikela_IDA),Construction of PCC road from Krishna Modi's house to Bhajanto Pradhan's house in village Jerasai of Telaidih Panchayat under Kharsawan block.,2024-09-10,600000,2024-10-09,600000,Vendor Identification,Sanctioned - Not Completed,,,,29,,687.0,716.0,0,1.0,,False,False,True,True,True,True,True,True,True,True,True,True,False,False,False,0,100.0
"WS/MP18074/2024-2025/140512-Constructionofroads,linkroads,pathwaysoranyotherroadwithorwithoutdrainagesystem",Normal/Others,Jharkhand,KHUNTI(ST),KALI CHARAN MUNDA,KHUNTI(DEPUTY COMMISSIONER KHUNTI_IDA),Construction of guard wall on the road going from Khunti Mahil Road  to Dulua under Murhu Block.,2024-09-12,1300000,2024-10-14,1300000,Vendor Identification,Sanctioned - Not Completed,,,,32,,682.0,714.0,0,1.0,,False,False,True,True,True,True,True,True,True,True,True,True,False,False,False,0,100.0
"WS/MP18074/2024-2025/140513-Constructionofroads,linkroads,pathwaysoranyotherroadwithorwithoutdrainagesystem",Normal/Others,Jharkhand,KHUNTI(ST),KALI CHARAN MUNDA,KHUNTI(DEPUTY COMMISSIONER KHUNTI_IDA),Construction of PCC road in Singha Dulua of Kunjla Panchayat under Murhu Block.,2024-09-12,1200000,2024-10-14,1200000,Vendor Identification,Sanctioned - Not Completed,,,,32,,682.0,714.0,0,1.0,,False,False,True,True,True,True,True,True,True,True,True,True,False,False,False,0,100.0
WS/MP18074/2024-2025/140514-Constructionofbuildingsforcommunityculturalactivities,Normal/Others,Jharkhand,KHUNTI(ST),KALI CHARAN MUNDA,KHUNTI(DEPUTY COMMISSIONER KHUNTI_IDA),Construction of community building in Mahadev Manda under Khunti Nagar Panchayat.,2024-09-12,1100000,2024-10-14,1100000,Vendor Identification,Sanctioned - Not Completed,,,,32,,682.0,714.0,0,1.0,,False,False,True,True,True,True,True,True,True,True,True,True,False,False,False,0,100.0
"WS/MP18074/2024-2025/140515-Constructionofroads,linkroads,pathwaysoranyotherroadwithorwithoutdrainagesystem",Normal/Others,Jharkhand,KHUNTI(ST),KALI CHARAN MUNDA,KHUNTI(DEPUTY COMMISSIONER KHUNTI_IDA),Construction of PCC road from near Rural Works Department Office towards Fisheries Office in Khunti.,2024-09-12,600000,2024-10-14,600000,Vendor Identification,Sanctioned - Not Completed,,,,32,,682.0,714.0,0,1.0,,False,False,True,True,True,True,True,True,True,True,True,True,False,False,False,0,100.0
"WS/MP18074/2024-2025/140516-Constructionofroads,linkroads,pathwaysoranyotherroadwithorwithoutdrainagesystem",Normal/Others,Jharkhand,KHUNTI(ST),KALI CHARAN MUNDA,KHUNTI(DEPUTY COMMISSIONER KHUNTI_IDA),Construction of PCC road from Korakel Garden towards Basti on Murhu Tapkara Path under Murhu Block.,2024-09-12,500000,2024-10-14,500000,Vendor Identification,Sanctioned - Not Completed,,,,32,,682.0,714.0,0,1.0,,False,False,True,True,True,True,True,True,True,True,True,True,False,False,False,0,100.0
"WS/MP18074/2024-2025/140517-Constructionofroads,linkroads,pathwaysoranyotherroadwithorwithoutdrainagesystem",Normal/Others,Jharkhand,KHUNTI(ST),KALI CHARAN MUNDA,KHUNTI(DEPUTY COMMISSIONER KHUNTI_IDA),Construction of guard wall near Haldhar Manjhi's farm on Edkeya Path in village Chalam Bartoli of Barudih Panchayat under Khunti Block.,2024-09-12,1000000,2024-10-14,1000000,Vendor Identification,Sanctioned - Not Completed,,,,32,,682.0,714.0,0,1.0,,False,False,True,True,True,True,True,True,True,True,True,True,False,False,False,0,100.0
"WS/MP18074/2024-2025/140518-Constructionofroads,linkroads,pathwaysoranyotherroadwithorwithoutdrainagesystem",Normal/Others,Jharkhand,KHUNTI(ST),KALI CHARAN MUNDA,KHUNTI(DEPUTY COMMISSIONER KHUNTI_IDA),Construction of paver block path from Ganesh Manjhi's house to PCC Road  in village Ghaghra of Ganaloya Panchayat under Murhu Block.,2024-09-12,200000,2024-10-14,200000,Vendor Identification,Sanctioned - Not Completed,,,,32,,682.0,714.0,0,1.0,,False,False,True,True,True,True,True,True,True,True,True,True,False,False,False,0,100.0
"WS/MP18074/2024-2025/145090-Constructionofroads,linkroads,pathwaysoranyotherroadwithorwithoutdrainagesystem",Normal/Others,Jharkhand,KHUNTI(ST),KALI CHARAN MUNDA,WEST SINGHBHUM(DEPUTY COMMISSIONER WEST SINGHBHUM_IDA),"Construction of PCC road from Babulu Kandeyang's house to Sudhir's house in Kaida village, Bada Guntia Panchayat",2024-10-01,500000,2025-03-27,500000,Work partially Completed,Sanctioned - Not Completed,,,,177,,518.0,695.0,0,1.0,,False,False,True,True,True,True,True,True,True,True,True,True,False,False,False,0,100.0
"WS/MP18074/2024-2025/145091-Constructionofroads,linkroads,pathwaysoranyotherroadwithorwithoutdrainagesystem",Normal/Others,Jharkhand,KHUNTI(ST),KALI CHARAN MUNDA,WEST SINGHBHUM(DEPUTY COMMISSIONER WEST SINGHBHUM_IDA),Construction of PCC road from Dubraj Purti's house to Primary School Ambrai in Ambrai village of Ulirajabasa Panchayat.,2024-10-01,500000,2025-03-27,500000,Work partially Completed,Sanctioned - Not Completed,,,,177,,518.0,695.0,0,1.0,,False,False,True,True,True,True,True,True,True,True,True,True,False,False,False,0,100.0
"WS/MP18074/2024-2025/145092-Constructionofroads,linkroads,pathwaysoranyotherroadwithorwithoutdrainagesystem",Normal/Others,Jharkhand,KHUNTI(ST),KALI CHARAN MUNDA,WEST SINGHBHUM(DEPUTY COMMISSIONER WEST SINGHBHUM_IDA),Construction of PCC road from Rangiya Mundri's house to Badunga Gope's house in Chhota Lagia village of Dopai Panchayat.,2024-10-01,500000,2025-03-27,500000,Work partially Completed,Sanctioned - Not Completed,,,,177,,518.0,695.0,0,1.0,,False,False,True,True,True,True,True,True,True,True,True,True,False,False,False,0,100.0
"WS/MP18322/2024-2025/140636-Constructionofroads,linkroads,pathwaysoranyotherroadwithorwithoutdrainagesystem",Normal/Others,Jharkhand,DUMKA(ST),NALIN SOREN,DUMKA(DEPUTY COMMISSIONER DUMKA_IDA),"Construction of PCC Road in Panchayat- Dhawadangal, Village- Bara Phuljhari Village Road",2024-09-14,600000,2024-12-20,600000,Work partially Completed,Sanctioned - Not Completed,,,,97,,615.0,712.0,0,1.0,,False,False,True,True,True,True,True,True,True,True,True,True,False,False,False,0,100.0
"WS/MP18322/2024-2025/140637-Constructionofroads,linkroads,pathwaysoranyotherroadwithorwithoutdrainagesystem",Normal/Others,Jharkhand,DUMKA(ST),NALIN SOREN,DUMKA(DEPUTY COMMISSIONER DUMKA_IDA),"Construction of PCC Road in Panchayat- Dhawadangal, Village- Kusumghati School Tola Village Road",2024-09-14,700000,2024-12-20,700000,Work partially Completed,Sanctioned - Not Completed,,,,97,,615.0,712.0,0,1.0,,False,False,True,True,True,True,True,True,True,True,True,True,False,False,False,0,100.0
"WS/MP18322/2024-2025/140639-Constructionofroads,linkroads,pathwaysoranyotherroadwithorwithoutdrainagesystem",Normal/Others,Jharkhand,DUMKA(ST),NALIN SOREN,DUMKA(DEPUTY COMMISSIONER DUMKA_IDA),"Construction of PCC Road in Panchayat- Jhikra, Village- Saldaha Village Road",2024-09-14,350000,2024-12-20,350000,Work partially Completed,Sanctioned - Not Completed,,,,97,,615.0,712.0,0,1.0,,False,False,True,True,True,True,True,True,True,True,True,True,False,False,False,0,100.0
"WS/MP18322/2024-2025/140640-Constructionofroads,linkroads,pathwaysoranyotherroadwithorwithoutdrainagesystem",Normal/Others,Jharkhand,DUMKA(ST),NALIN SOREN,DUMKA(DEPUTY COMMISSIONER DUMKA_IDA),"Construction of PCC Road in Panchayat- Pandanpahari, Village- Kolha Hathimara Tola Village Road",2024-09-14,250000,2024-12-20,250000,Work partially Completed,Sanctioned - Not Completed,,,,97,,615.0,712.0,0,1.0,,False,False,True,True,True,True,True,True,True,True,True,True,False,False,False,0,100.0
WS/MP18322/2024-2025/140641-Constructionofculvertsandbridges,Normal/Others,Jharkhand,DUMKA(ST),NALIN SOREN,DUMKA(DEPUTY COMMISSIONER DUMKA_IDA),"Construction of Culvert cum Guardwall from Primary School to PWD Road in Panchayat- Kalajhar, Village- Amgachhi",2024-09-14,350000,2024-12-20,350000,Work partially Completed,Sanctioned - Not Completed,,,,97,,615.0,712.0,0,1.0,,False,False,True,True,True,True,True,True,True,True,True,True,False,False,False,0,100.0
"WS/MP18322/2024-2025/140643-Constructionofroads,linkroads,pathwaysoranyotherroadwithorwithoutdrainagesystem",Normal/Others,Jharkhand,DUMKA(ST),NALIN SOREN,DUMKA(DEPUTY COMMISSIONER DUMKA_IDA),"Construction of PCC Road in Panchayat- Asanpahari, Village- Shivtalla Niche Tola Village Road",2024-09-14,250000,2024-12-20,250000,Work partially Completed,Sanctioned - Not Completed,,,,97,,615.0,712.0,0,1.0,,False,False,True,True,True,True,True,True,True,True,True,True,False,False,False,0,100.0
"WS/MP18322/2024-2025/140644-Constructionofroads,linkroads,pathwaysoranyotherroadwithorwithoutdrainagesystem",Normal/Others,Jharkhand,DUMKA(ST),NALIN SOREN,DUMKA(DEPUTY COMMISSIONER DUMKA_IDA),"Construction of PCC Road in Panchayat- Kadma, Village- Karanpura Village Road",2024-09-14,250000,2024-12-20,250000,Work partially Completed,Sanctioned - Not Completed,,,,97,,615.0,712.0,0,1.0,,False,False,True,True,True,True,True,True,True,True,True,True,False,False,False,0,100.0
WS/MP18322/2024-2025/140645-Constructionofculvertsandbridges,Normal/Others,Jharkhand,DUMKA(ST),NALIN SOREN,DUMKA(DEPUTY COMMISSIONER DUMKA_IDA),"Construction of Culvert cum Guardwall in Panchayat- Kadma, Village- Kadma Village Road",2024-09-14,350000,2024-12-20,350000,Work partially Completed,Sanctioned - Not Completed,,,,97,,615.0,712.0,0,1.0,,False,False,True,True,True,True,True,True,True,True,True,True,False,False,False,0,100.0
WS/MP18322/2024-2025/140646-Constructionofculvertsandbridges,Normal/Others,Jharkhand,DUMKA(ST),NALIN SOREN,DUMKA(DEPUTY COMMISSIONER DUMKA_IDA),"Construction of Culvert cum Guardwall in Panchayat- Astajora, Village- Singhni Aadiwasi Tola",2024-09-14,300000,2024-12-20,300000,Work partially Completed,Sanctioned - Not Completed,,,,97,,615.0,712.0,0,1.0,,False,False,True,True,True,True,True,True,True,True,True,True,False,False,False,0,100.0
WS/MP18322/2024-2025/140647-Constructionofculvertsandbridges,Normal/Others,Jharkhand,DUMKA(ST),NALIN SOREN,DUMKA(DEPUTY COMMISSIONER DUMKA_IDA),"Construction of Culvert cum Guardwall in Panchayat- Pipra, Village- Pipra Village Road",2024-09-14,250000,2024-12-20,250000,Work partially Completed,Sanctioned - Not Completed,,,,97,,615.0,712.0,0,1.0,,False,False,True,True,True,True,True,True,True,True,True,True,False,False,False,0,100.0
"WS/MP18322/2024-2025/140648-Constructionofroads,linkroads,pathwaysoranyotherroadwithorwithoutdrainagesystem",Normal/Others,Jharkhand,DUMKA(ST),NALIN SOREN,DUMKA(DEPUTY COMMISSIONER DUMKA_IDA),"Construction of PCC Road in Panchayat- Pipra, Village- Jhagrahi Aadiwasi Tola",2024-09-14,250000,2024-12-20,250000,Work partially Completed,Sanctioned - Not Completed,,,,97,,615.0,712.0,0,1.0,,False,False,True,True,True,True,True,True,True,True,True,True,False,False,False,0,100.0
WS/MP18322/2024-2025/140649-Constructionofpublicirrigationfacilities,Normal/Others,Jharkhand,DUMKA(ST),NALIN SOREN,DUMKA(DEPUTY COMMISSIONER DUMKA_IDA),"Construction of Irrigation Drain from Chotabhuibhanga Dam in Panchayat- Bada Chapuriya, Village- Dumaria",2024-09-14,250000,2024-12-20,250000,Work partially Completed,Sanctioned - Not Completed,,,,97,,615.0,712.0,0,1.0,,False,False,True,True,True,True,True,True,True,True,True,True,False,False,False,0,100.0
"WS/MP18322/2024-2025/140650-Constructionofroads,linkroads,pathwaysoranyotherroadwithorwithoutdrainagesystem",Normal/Others,Jharkhand,DUMKA(ST),NALIN SOREN,DUMKA(DEPUTY COMMISSIONER DUMKA_IDA),"Construction of PCC Road in Panchayat- Barachapuriya, Village- Amgachhi Village Road",2024-09-14,250000,2024-12-20,250000,Work partially Completed,Sanctioned - Not Completed,,,,97,,615.0,712.0,0,1.0,,False,False,True,True,True,True,True,True,True,True,True,True,False,False,False,0,100.0
"WS/MP18322/2024-2025/140651-Constructionofroads,linkroads,pathwaysoranyotherroadwithorwithoutdrainagesystem",Normal/Others,Jharkhand,DUMKA(ST),NALIN SOREN,DUMKA(DEPUTY COMMISSIONER DUMKA_IDA),"Construction of PCC Road from Deepak Mandal's House to Tej Narayan Bhandari's House, Pancha Mandal's House to Shankar Mandal's House & PCC Road cum Drain Construction with Slab from Hemant Bhagat's House to Tejnarayan Bhandari's House in Panchayat- Teliachak bazar, Village- Teliya Chak Bazar",2024-09-14,600000,2024-12-20,600000,Work partially Completed,Sanctioned - Not Completed,,,,97,,615.0,712.0,0,1.0,,False,False,True,True,True,True,True,True,True,True,True,True,False,False,False,0,100.0
"WS/MP18322/2024-2025/140652-Constructionofroads,linkroads,pathwaysoranyotherroadwithorwithoutdrainagesystem",Normal/Others,Jharkhand,DUMKA(ST),NALIN SOREN,DUMKA(DEPUTY COMMISSIONER DUMKA_IDA),"Construction of PCC Road in Panchayat- Pipra, Village- Kodrapahari Village Road",2024-09-14,300000,2024-12-20,300000,Work partially Completed,Sanctioned - Not Completed,,,,97,,615.0,712.0,0,1.0,,False,False,True,True,True,True,True,True,True,True,True,True,False,False,False,0,100.0
"WS/MP18322/2024-2025/140653-Constructionofroads,linkroads,pathwaysoranyotherroadwithorwithoutdrainagesystem",Normal/Others,Jharkhand,DUMKA(ST),NALIN SOREN,DUMKA(DEPUTY COMMISSIONER DUMKA_IDA),"Construction of PCC Road from Suniti Modi's House to Laxman Pal's House in Panchayat- Telia Chak Bazar, Village- Telia Chak Bazar",2024-09-14,350000,2024-12-20,350000,Work partially Completed,Sanctioned - Not Completed,,,,97,,615.0,712.0,0,1.0,,False,False,True,True,True,True,True,True,True,True,True,True,False,False,False,0,100.0
WS/MP18322/2024-2025/140654-Renovationofpondsandlakes,Normal/Others,Jharkhand,DUMKA(ST),NALIN SOREN,DUMKA(DEPUTY COMMISSIONER DUMKA_IDA),"Construction of Stepped Ghat in Brahamani River behind Kathikund Thana, Panchayat- Telia Chak Bazar",2024-09-14,600000,2024-12-20,600000,Work partially Completed,Sanctioned - Not Completed,,,,97,,615.0,712.0,0,1.0,,False,False,True,True,True,True,True,True,True,True,True,True,False,False,False,0,100.0
WS/MP18322/2024-2025/140655-Constructionofcommonworksheds/commoncoveredsittingarea,Normal/Others,Jharkhand,DUMKA(ST),NALIN SOREN,DUMKA(DEPUTY COMMISSIONER DUMKA_IDA),Construction of Guardwall near Pond from Jamni to Gamra Road in Panchayat- Bichiyapahari,2024-09-14,300000,2024-12-20,300000,Work partially Completed,Sanctioned - Not Completed,,,,97,,615.0,712.0,0,1.0,,False,False,True,True,True,True,True,True,True,True,True,True,False,False,False,0,100.0
WS/MP334/2024-2025/136558-Lightingofpublicspaces,Normal/Others,Jharkhand,GIRIDIH,Shri Chandra Prakash Choudhary,GIRIDIH(Deputy Commissioner Giridh_IDA),construction of mask light in isri bazaar bus stand,2024-08-21,150000,2025-01-08,150000,Vendor Identification,Sanctioned - Not Completed,,,,140,,596.0,736.0,0,1.0,,False,False,True,True,True,True,True,True,True,True,True,True,False,False,False,0,100.0
WS/MP334/2024-2025/136568-Lightingofpublicspaces,Normal/Others,Jharkhand,GIRIDIH,Shri Chandra Prakash Choudhary,GIRIDIH(Deputy Commissioner Giridh_IDA),construction of mask light in teliyabahiyar chowk of jaridih panchayat.,2024-08-21,150000,2025-01-08,150000,Vendor Identification,Sanctioned - Not Completed,,,,140,,596.0,736.0,0,1.0,,False,False,True,True,True,True,True,True,True,True,True,True,False,False,False,0,100.0
WS/MP334/2024-2025/136569-Lightingofpublicspaces,Normal/Others,Jharkhand,GIRIDIH,Shri Chandra Prakash Choudhary,GIRIDIH(Deputy Commissioner Giridh_IDA),construction of mask light in manjhladih chowk of manjhladih village on badki bergi panchayat.,2024-08-21,150000,2025-01-08,150000,Sanction,Sanctioned - Not Completed,,,,140,,596.0,736.0,0,1.0,,False,False,True,True,True,True,True,True,True,True,True,True,False,False,False,0,100.0
WS/MP334/2024-2025/136570-Lightingofpublicspaces,Normal/Others,Jharkhand,GIRIDIH,Shri Chandra Prakash Choudhary,GIRIDIH(Deputy Commissioner Giridh_IDA),construction of mask light in tiranga chowk of sasarkho village of sasarkho panchayat.,2024-08-21,150000,2025-01-08,150000,Physical Inspection,Sanctioned - Not Completed,,,,140,,596.0,736.0,0,1.0,,False,False,True,True,True,True,True,True,True,True,True,True,False,False,False,0,100.0
WS/MP334/2024-2025/136571-Lightingofpublicspaces,Normal/Others,Jharkhand,GIRIDIH,Shri Chandra Prakash Choudhary,GIRIDIH(Deputy Commissioner Giridh_IDA),construction of mask light in bhandaro chowk of nagabad village of nagabad panchayat.,2024-08-21,150000,2025-01-08,150000,Physical Inspection,Sanctioned - Not Completed,,,,140,,596.0,736.0,0,1.0,,False,False,True,True,True,True,True,True,True,True,True,True,False,False,False,0,100.0
WS/MP334/2024-2025/136572-Lightingofpublicspaces,Normal/Others,Jharkhand,GIRIDIH,Shri Chandra Prakash Choudhary,GIRIDIH(Deputy Commissioner Giridh_IDA),construction of mask light in chalmo chowk of berha suiyadih village of berha suiyadih panchayat.,2024-08-21,150000,2025-01-08,150000,Vendor Identification,Sanctioned - Not Completed,,,,140,,596.0,736.0,0,1.0,,False,False,True,True,True,True,True,True,True,True,True,True,False,False,False,0,100.0
WS/MP334/2024-2025/136573-Lightingofpublicspaces,Normal/Others,Jharkhand,GIRIDIH,Shri Chandra Prakash Choudhary,GIRIDIH(Deputy Commissioner Giridh_IDA),construction of mask light in kharko mod of khudisar village of khudisar panchayat.,2024-08-21,150000,2025-01-08,150000,Physical Inspection,Sanctioned - Not Completed,,,,140,,596.0,736.0,0,1.0,,False,False,True,True,True,True,True,True,True,True,True,True,False,False,False,0,100.0
WS/MP334/2024-2025/136574-Lightingofpublicspaces,Normal/Others,Jharkhand,GIRIDIH,Shri Chandra Prakash Choudhary,GIRIDIH(Deputy Commissioner Giridh_IDA),construction of mask light in bazaar chowk of isri bazaar south panchayat.,2024-08-21,150000,2025-01-08,150000,Vendor Identification,Sanctioned - Not Completed,,,,140,,596.0,736.0,0,1.0,,False,False,True,True,True,True,True,True,True,True,True,True,False,False,False,0,100.0
WS/MP334/2024-2025/136581-Lightingofpublicspaces,Normal/Others,Jharkhand,GIRIDIH,Shri Chandra Prakash Choudhary,GIRIDIH(Deputy Commissioner Giridh_IDA),construction of mask light in dumri chowk of dumri panchayat.,2024-08-21,150000,2025-01-08,150000,Sanction,Sanctioned - Not Completed,,,,140,,596.0,736.0,0,1.0,,False,False,True,True,True,True,True,True,True,True,True,True,False,False,False,0,100.0
WS/MP334/2024-2025/136582-Lightingofpublicspaces,Normal/Others,Jharkhand,GIRIDIH,Shri Chandra Prakash Choudhary,GIRIDIH(Deputy Commissioner Giridh_IDA),construction of mask light near chegro panchayat bhavan of chegro village of chegro panchayat.,2024-08-21,150000,2025-01-08,150000,Vendor Identification,Sanctioned - Not Completed,,,,140,,596.0,736.0,0,1.0,,False,False,True,True,True,True,True,True,True,True,True,True,False,False,False,0,100.0
WS/MP334/2024-2025/136583-Lightingofpublicspaces,Normal/Others,Jharkhand,GIRIDIH,Shri Chandra Prakash Choudhary,GIRIDIH(Deputy Commissioner Giridh_IDA),construction of mask light near dhawatand chowk of dhawatand village of chachando panchayat.,2024-08-21,150000,2025-01-08,150000,Vendor Identification,Sanctioned - Not Completed,,,,140,,596.0,736.0,0,1.0,,False,False,True,True,True,True,True,True,True,True,True,True,False,False,False,0,100.0
WS/MP334/2024-2025/136584-Lightingofpublicspaces,Normal/Others,Jharkhand,GIRIDIH,Shri Chandra Prakash Choudhary,GIRIDIH(Deputy Commissioner Giridh_IDA),construction of mask light in telkhara mod of telkhara village of kalhabar panchayat.,2024-08-21,150000,2025-01-08,150000,Vendor Identification,Sanctioned - Not Completed,,,,140,,596.0,736.0,0,1.0,,False,False,True,True,True,True,True,True,True,True,True,True,False,False,False,0,100.0
WS/MP334/2024-2025/136585-Lightingofpublicspaces,Normal/Others,Jharkhand,GIRIDIH,Shri Chandra Prakash Choudhary,GIRIDIH(Deputy Commissioner Giridh_IDA),construction of mask light near chainpur bank of chainpur village of chainpur panchayat.,2024-08-21,150000,2025-01-08,150000,Sanction,Sanctioned - Not Completed,,,,140,,596.0,736.0,0,1.0,,False,False,True,True,True,True,True,True,True,True,True,True,False,False,False,0,100.0
WS/MP334/2024-2025/136586-Lightingofpublicspaces,Normal/Others,Jharkhand,GIRIDIH,Shri Chandra Prakash Choudhary,GIRIDIH(Deputy Commissioner Giridh_IDA),construction of mask light near bajrangbali mandir of samda village of cheeno panchayat.,2024-08-21,150000,2025-01-08,150000,Sanction,Sanctioned - Not Completed,,,,140,,596.0,736.0,0,1.0,,False,False,True,True,True,True,True,True,True,True,True,True,False,False,False,0,100.0
WS/MP334/2024-2025/136587-Lightingofpublicspaces,Normal/Others,Jharkhand,GIRIDIH,Shri Chandra Prakash Choudhary,GIRIDIH(Deputy Commissioner Giridh_IDA),construction of mask light near bajrang bali mandir of atki village of atki panchayat.,2024-08-21,150000,2025-01-08,150000,Vendor Identification,Sanctioned - Not Completed,,,,140,,596.0,736.0,0,1.0,,False,False,True,True,True,True,True,True,True,True,True,True,False,False,False,0,100.0
WS/MP334/2024-2025/136588-Lightingofpublicspaces,Normal/Others,Jharkhand,GIRIDIH,Shri Chandra Prakash Choudhary,GIRIDIH(Deputy Commissioner Giridh_IDA),construction of mask light near dhawatand bazaar tand durga mandir of dhawatand village of chachando panchayat.,2024-08-21,150000,2025-01-08,150000,Vendor Identification,Sanctioned - Not Completed,,,,140,,596.0,736.0,0,1.0,,False,False,True,True,True,True,True,True,True,True,True,True,False,False,False,0,100.0
WS/MP334/2024-2025/136589-Lightingofpublicspaces,Normal/Others,Jharkhand,GIRIDIH,Shri Chandra Prakash Choudhary,GIRIDIH(Deputy Commissioner Giridh_IDA),construction of mask light near chainpur bazaartand of chainpur village of chainpur panchayat.,2024-08-21,150000,2025-01-08,150000,Vendor Identification,Sanctioned - Not Completed,,,,140,,596.0,736.0,0,1.0,,False,False,True,True,True,True,True,True,True,True,True,True,False,False,False,0,100.0
WS/MP334/2024-2025/136590-Lightingofpublicspaces,Normal/Others,Jharkhand,GIRIDIH,Shri Chandra Prakash Choudhary,GIRIDIH(Deputy Commissioner Giridh_IDA),construction of mask light near telkhara bazaar tand durga mandir of telkhara village of kalhabar panchayat.,2024-08-21,150000,2025-01-08,150000,Sanction,Sanctioned - Not Completed,,,,140,,596.0,736.0,0,1.0,,False,False,True,True,True,True,True,True,True,True,True,True,False,False,False,0,100.0
WS/MP334/2024-2025/136591-Lightingofpublicspaces,Normal/Others,Jharkhand,GIRIDIH,Shri Chandra Prakash Choudhary,GIRIDIH(Deputy Commissioner Giridh_IDA),construction of mask light near chegro shiv mandir of chegro village of chegro panchayat.,2024-08-21,150000,2025-01-08,150000,Vendor Identification,Sanctioned - Not Completed,,,,140,,596.0,736.0,0,1.0,,False,False,True,True,True,True,True,True,True,True,True,True,False,False,False,0,100.0
WS/MP334/2024-2025/136598-Lightingofpublicspaces,Normal/Others,Jharkhand,GIRIDIH,Shri Chandra Prakash Choudhary,GIRIDIH(Deputy Commissioner Giridh_IDA),construction of mask light near fatehpur bajrangbali mandir of fatehpur village of parsabeda panchayat.,2024-08-21,150000,2025-01-08,150000,Vendor Identification,Sanctioned - Not Completed,,,,140,,596.0,736.0,0,1.0,,False,False,True,True,True,True,True,True,True,True,True,True,False,False,False,0,100.0
WS/MP334/2024-2025/136599-Lightingofpublicspaces,Normal/Others,Jharkhand,GIRIDIH,Shri Chandra Prakash Choudhary,GIRIDIH(Deputy Commissioner Giridh_IDA),construction of mask light near shiv mandir of amra village of amra panchayat.,2024-08-21,150000,2025-01-08,150000,Vendor Identification,Sanctioned - Not Completed,,,,140,,596.0,736.0,0,1.0,,False,False,True,True,True,True,True,True,True,True,True,True,False,False,False,0,100.0
WS/MP334/2024-2025/136600-Lightingofpublicspaces,Normal/Others,Jharkhand,GIRIDIH,Shri Chandra Prakash Choudhary,GIRIDIH(Deputy Commissioner Giridh_IDA),construction of mask light near shiv mandir simradih of dumri panchayat.,2024-08-21,150000,2025-01-08,150000,Vendor Identification,Sanctioned - Not Completed,,,,140,,596.0,736.0,0,1.0,,False,False,True,True,True,True,True,True,True,True,True,True,False,False,False,0,100.0
WS/MP334/2024-2025/136601-Lightingofpublicspaces,Normal/Others,Jharkhand,GIRIDIH,Shri Chandra Prakash Choudhary,GIRIDIH(Deputy Commissioner Giridh_IDA),construction of mask light near shiv mandir of jaridih village of jaridih panchayat.,2024-08-21,150000,2025-01-08,150000,Physical Inspection,Sanctioned - Not Completed,,,,140,,596.0,736.0,0,1.0,,False,False,True,True,True,True,True,True,True,True,True,True,False,False,False,0,100.0
WS/MP334/2024-2025/136602-Lightingofpublicspaces,Normal/Others,Jharkhand,GIRIDIH,Shri Chandra Prakash Choudhary,GIRIDIH(Deputy Commissioner Giridh_IDA),construction of mask light near neemtola of jitkundi village of jitkundi panchayat.,2024-08-21,150000,2025-01-08,150000,Physical Inspection,Sanctioned - Not Completed,,,,140,,596.0,736.0,0,1.0,,False,False,True,True,True,True,True,True,True,True,True,True,False,False,False,0,100.0
WS/MP334/2024-2025/136611-Lightingofpublicspaces,Normal/Others,Jharkhand,GIRIDIH,Shri Chandra Prakash Choudhary,GIRIDIH(Deputy Commissioner Giridh_IDA),construction of mask light near mansa mandir of dudhpaniya village of madhyagopali panchayat.,2024-08-21,150000,2025-01-08,150000,Vendor Identification,Sanctioned - Not Completed,,,,140,,596.0,736.0,0,1.0,,False,False,True,True,True,True,True,True,True,True,True,True,False,False,False,0,100.0
WS/MP334/2024-2025/136612-Lightingofpublicspaces,Normal/Others,Jharkhand,GIRIDIH,Shri Chandra Prakash Choudhary,GIRIDIH(Deputy Commissioner Giridh_IDA),construction of mask light near pordag mod of asurbandh village of asurbandh panchayat.,2024-08-21,150000,2025-01-08,150000,Vendor Identification,Sanctioned - Not Completed,,,,140,,596.0,736.0,0,1.0,,False,False,True,True,True,True,True,True,True,True,True,True,False,False,False,0,100.0
WS/MP334/2024-2025/136613-Lightingofpublicspaces,Normal/Others,Jharkhand,GIRIDIH,Shri Chandra Prakash Choudhary,GIRIDIH(Deputy Commissioner Giridh_IDA),construction of mask light near bajrang bali mandir of khankikala village of dumarchutiyo panchayat.,2024-08-21,150000,2025-01-08,150000,Vendor Identification,Sanctioned - Not Completed,,,,140,,596.0,736.0,0,1.0,,False,False,True,True,True,True,True,True,True,True,True,True,False,False,False,0,100.0
WS/MP334/2024-2025/136614-Lightingofpublicspaces,Normal/Others,Jharkhand,GIRIDIH,Shri Chandra Prakash Choudhary,GIRIDIH(Deputy Commissioner Giridh_IDA),construction of mask light near durga mandir of kulgo north village of kulgo north panchayat.,2024-08-21,150000,2025-01-08,150000,Vendor Identification,Sanctioned - Not Completed,,,,140,,596.0,736.0,0,1.0,,False,False,True,True,True,True,True,True,True,True,True,True,False,False,False,0,100.0
WS/MP334/2024-2025/136615-Lightingofpublicspaces,Normal/Others,Jharkhand,GIRIDIH,Shri Chandra Prakash Choudhary,GIRIDIH(Deputy Commissioner Giridh_IDA),construction of mask light near chappartand mod of kulgo dakshini village of kulgo dakshini panchayat.,2024-08-21,150000,2025-02-10,150000,Vendor Identification,Sanctioned - Not Completed,,,,173,,563.0,736.0,0,1.0,,False,False,True,True,True,True,True,True,True,True,True,True,False,False,False,0,100.0
WS/MP334/2024-2025/136616-Lightingofpublicspaces,Normal/Others,Jharkhand,GIRIDIH,Shri Chandra Prakash Choudhary,GIRIDIH(Deputy Commissioner Giridh_IDA),construction of mask light near shiv mandir of jaruwadih village of bharkhar panchayat.,2024-08-21,150000,2025-02-10,150000,Vendor Identification,Sanctioned - Not Completed,,,,173,,563.0,736.0,0,1.0,,False,False,True,True,True,True,True,True,True,True,True,True,False,False,False,0,100.0
WS/MP334/2024-2025/136617-Lightingofpublicspaces,Normal/Others,Jharkhand,GIRIDIH,Shri Chandra Prakash Choudhary,GIRIDIH(Deputy Commissioner Giridh_IDA),construction of mask light near durga mandir of roshnatunda village of roshnatunda panchayat.,2024-08-21,150000,2025-01-08,150000,Physical Inspection,Sanctioned - Not Completed,,,,140,,596.0,736.0,0,1.0,,False,False,True,True,True,True,True,True,True,True,True,True,False,False,False,0,100.0
WS/MP334/2024-2025/136618-Lightingofpublicspaces,Normal/Others,Jharkhand,GIRIDIH,Shri Chandra Prakash Choudhary,GIRIDIH(Deputy Commissioner Giridh_IDA),construction of mask light near shiv mandir of laxmantunda village of laxmantunda panchayat.,2024-08-21,150000,2025-02-10,150000,Sanction,Sanctioned - Not Completed,,,,173,,563.0,736.0,0,1.0,,False,False,True,True,True,True,True,True,True,True,True,True,False,False,False,0,100.0
WS/MP334/2024-2025/136619-Lightingofpublicspaces,Normal/Others,Jharkhand,GIRIDIH,Shri Chandra Prakash Choudhary,GIRIDIH(Deputy Commissioner Giridh_IDA),construction of mask light near shiv mandir of balutunda village of balutunda panchayat.,2024-08-21,150000,2025-02-10,150000,Vendor Identification,Sanctioned - Not Completed,,,,173,,563.0,736.0,0,1.0,,False,False,True,True,True,True,True,True,True,True,True,True,False,False,False,0,100.0
WS/MP334/2024-2025/136620-Lightingofpublicspaces,Normal/Others,Jharkhand,GIRIDIH,Shri Chandra Prakash Choudhary,GIRIDIH(Deputy Commissioner Giridh_IDA),construction of mask light near bikhnidih mandir of pipradih village of poraiya panchayat.,2024-08-21,150000,2025-02-10,150000,Vendor Identification,Sanctioned - Not Completed,,,,173,,563.0,736.0,0,1.0,,False,False,True,True,True,True,True,True,True,True,True,True,False,False,False,0,100.0
WS/MP334/2024-2025/136622-Lightingofpublicspaces,Normal/Others,Jharkhand,GIRIDIH,Shri Chandra Prakash Choudhary,GIRIDIH(Deputy Commissioner Giridh_IDA),construction of mask light near club bhawan of balthariya village of balthariya panchayat.,2024-08-21,150000,2025-02-10,150000,Vendor Identification,Sanctioned - Not Completed,,,,173,,563.0,736.0,0,1.0,,False,False,True,True,True,True,True,True,True,True,True,True,False,False,False,0,100.0
WS/MP334/2024-2025/136625-Lightingofpublicspaces,Normal/Others,Jharkhand,GIRIDIH,Shri Chandra Prakash Choudhary,GIRIDIH(Deputy Commissioner Giridh_IDA),construction of mask light near madhwadih mandir of madhwadih village of thakurchak panchayat.,2024-08-21,150000,2025-02-10,150000,Vendor Identification,Sanctioned - Not Completed,,,,173,,563.0,736.0,0,1.0,,False,False,True,True,True,True,True,True,True,True,True,True,False,False,False,0,100.0
WS/MP334/2024-2025/136626-Lightingofpublicspaces,Normal/Others,Jharkhand,GIRIDIH,Shri Chandra Prakash Choudhary,GIRIDIH(Deputy Commissioner Giridh_IDA),construction of mask light near shiv mandir of matiyobeda village of khairatunda panchayat.,2024-08-21,150000,2025-02-10,150000,Sanction,Sanctioned - Not Completed,,,,173,,563.0,736.0,0,1.0,,False,False,True,True,True,True,True,True,True,True,True,True,False,False,False,0,100.0
WS/MP334/2024-2025/136627-Lightingofpublicspaces,Normal/Others,Jharkhand,GIRIDIH,Shri Chandra Prakash Choudhary,GIRIDIH(Deputy Commissioner Giridh_IDA),construction of mask light near bishu mandir of jamtara village of jamtara panchayat.,2024-08-21,149710,2025-02-10,149710,Physical Inspection,Sanctioned - Not Completed,,,,173,,563.0,736.0,0,1.0,,False,False,True,True,True,True,True,True,True,True,True,True,False,False,False,0,100.0
WS/MP334/2024-2025/136628-Lightingofpublicspaces,Normal/Others,Jharkhand,GIRIDIH,Shri Chandra Prakash Choudhary,GIRIDIH(Deputy Commissioner Giridh_IDA),construction of mask light near durga mandir of shankardih village of shankardih panchayat.,2024-08-21,150000,2025-02-10,150000,Physical Inspection,Sanctioned - Not Completed,,,,173,,563.0,736.0,0,1.0,,False,False,True,True,True,True,True,True,True,True,True,True,False,False,False,0,100.0
WS/MP334/2024-2025/136629-Lightingofpublicspaces,Normal/Others,Jharkhand,GIRIDIH,Shri Chandra Prakash Choudhary,GIRIDIH(Deputy Commissioner Giridh_IDA),construction of mask light near durga mandir of nagri village of nagri panchayat.,2024-08-21,149710,2025-02-10,149710,Physical Inspection,Sanctioned - Not Completed,,,,173,,563.0,736.0,0,1.0,,False,False,True,True,True,True,True,True,True,True,True,True,False,False,False,0,100.0
WS/MP334/2024-2025/136630-Lightingofpublicspaces,Normal/Others,Jharkhand,GIRIDIH,Shri Chandra Prakash Choudhary,GIRIDIH(Deputy Commissioner Giridh_IDA),construction of mask light near hatiyatand of isri north panchayat.,2024-08-21,149710,2025-02-10,149710,Physical Inspection,Sanctioned - Not Completed,,,,173,,563.0,736.0,0,1.0,,False,False,True,True,True,True,True,True,True,True,True,True,False,False,False,0,100.0
WS/MP334/2024-2025/136631-Lightingofpublicspaces,Normal/Others,Jharkhand,GIRIDIH,Shri Chandra Prakash Choudhary,GIRIDIH(Deputy Commissioner Giridh_IDA),construction of mask light near durga mandir of lohedih village of lohedih panchayat.,2024-08-21,150000,2025-02-10,150000,Physical Inspection,Sanctioned - Not Completed,,,,173,,563.0,736.0,0,1.0,,False,False,True,True,True,True,True,True,True,True,True,True,False,False,False,0,100.0
WS/MP334/2024-2025/136632-Lightingofpublicspaces,Normal/Others,Jharkhand,GIRIDIH,Shri Chandra Prakash Choudhary,GIRIDIH(Deputy Commissioner Giridh_IDA),construction of mask light near club bhawan of karmatungri village of lohedih panchayat.,2024-08-21,150000,2025-02-10,150000,Sanction,Sanctioned - Not Completed,,,,173,,563.0,736.0,0,1.0,,False,False,True,True,True,True,True,True,True,True,True,True,False,False,False,0,100.0
WS/MP334/2024-2025/136633-Lightingofpublicspaces,Normal/Others,Jharkhand,GIRIDIH,Shri Chandra Prakash Choudhary,GIRIDIH(Deputy Commissioner Giridh_IDA),construction of mask light near teklal mahto house of shankardih village of shankardih panchayat.,2024-08-21,150000,2025-02-10,150000,Physical Inspection,Sanctioned - Not Completed,,,,173,,563.0,736.0,0,1.0,,False,False,True,True,True,True,True,True,True,True,True,True,False,False,False,0,100.0
WS/MP334/2024-2025/136639-Lightingofpublicspaces,Normal/Others,Jharkhand,GIRIDIH,Shri Chandra Prakash Choudhary,GIRIDIH(Deputy Commissioner Giridh_IDA),construction of mask light near hari mandir of teliyatunda village of khairatunda panchayat.,2024-08-21,149710,2025-02-10,149710,Physical Inspection,Sanctioned - Not Completed,,,,173,,563.0,736.0,0,1.0,,False,False,True,True,True,True,True,True,True,True,True,True,False,False,False,0,100.0
WS/MP334/2024-2025/136640-Lightingofpublicspaces,Normal/Others,Jharkhand,GIRIDIH,Shri Chandra Prakash Choudhary,GIRIDIH(Deputy Commissioner Giridh_IDA),construction of mask light near hanuman mandir of laxmantunda village of laxmantunda panchayat.,2024-08-21,150000,2025-02-10,150000,Sanction,Sanctioned - Not Completed,,,,173,,563.0,736.0,0,1.0,,False,False,True,True,True,True,True,True,True,True,True,True,False,False,False,0,100.0
WS/MP334/2024-2025/136641-Lightingofpublicspaces,Normal/Others,Jharkhand,GIRIDIH,Shri Chandra Prakash Choudhary,GIRIDIH(Deputy Commissioner Giridh_IDA),construction of mask light near sitaram mandir of laxmantunda village of laxmantunda panchayat.,2024-08-21,149710,2025-02-10,149710,Physical Inspection,Sanctioned - Not Completed,,,,173,,563.0,736.0,0,1.0,,False,False,True,True,True,True,True,True,True,True,True,True,False,False,False,0,100.0
WS/MP334/2024-2025/136642-Lightingofpublicspaces,Normal/Others,Jharkhand,GIRIDIH,Shri Chandra Prakash Choudhary,GIRIDIH(Deputy Commissioner Giridh_IDA),construction of mask light near radhekrishna thakurbadi mandir of isri north panchayat.,2024-08-21,150000,2025-02-10,150000,Vendor Identification,Sanctioned - Not Completed,,,,173,,563.0,736.0,0,1.0,,False,False,True,True,True,True,True,True,True,True,True,True,False,False,False,0,100.0
WS/MP334/2024-2025/139107-Streetlights,Normal/Others,Jharkhand,GIRIDIH,Shri Chandra Prakash Choudhary,BOKARO(DEPUTY COMMISSIONER BOKARO_IDA),installation of solar street light near sevati shivalay mandir in murhulsudi,2024-09-06,22000,2024-10-15,22000,Sanction,Sanctioned - Not Completed,,,,39,,681.0,720.0,0,1.0,,False,False,True,True,True,True,True,True,True,True,True,True,False,False,False,0,100.0
WS/MP334/2024-2025/139108-Streetlights,Normal/Others,Jharkhand,GIRIDIH,Shri Chandra Prakash Choudhary,BOKARO(DEPUTY COMMISSIONER BOKARO_IDA),installation of solar street light near durgamandir in murhulsudi,2024-09-06,22000,2024-10-15,22000,Vendor Identification,Sanctioned - Not Completed,,,,39,,681.0,720.0,0,1.0,,False,False,True,True,True,True,True,True,True,True,True,True,False,False,False,0,100.0
WS/MP334/2024-2025/139109-Streetlights,Normal/Others,Jharkhand,GIRIDIH,Shri Chandra Prakash Choudhary,BOKARO(DEPUTY COMMISSIONER BOKARO_IDA),installation of solar street light near bajrangbali mandir in murhulsudi,2024-09-06,22000,2024-10-15,22000,Sanction,Sanctioned - Not Completed,,,,39,,681.0,720.0,0,1.0,,False,False,True,True,True,True,True,True,True,True,True,True,False,False,False,0,100.0
WS/MP334/2024-2025/139110-Streetlights,Normal/Others,Jharkhand,GIRIDIH,Shri Chandra Prakash Choudhary,BOKARO(DEPUTY COMMISSIONER BOKARO_IDA),installation of solar street light near bajrangbali mandir bhursatand,2024-09-06,22000,2024-10-15,22000,Sanction,Sanctioned - Not Completed,,,,39,,681.0,720.0,0,1.0,,False,False,True,True,True,True,True,True,True,True,True,True,False,False,False,0,100.0
WS/MP334/2024-2025/139111-Streetlights,Normal/Others,Jharkhand,GIRIDIH,Shri Chandra Prakash Choudhary,BOKARO(DEPUTY COMMISSIONER BOKARO_IDA),installation of solar street light near near ramesh munda house in dabhadih,2024-09-06,22000,2024-10-15,22000,Sanction,Sanctioned - Not Completed,,,,39,,681.0,720.0,0,1.0,,False,False,True,True,True,True,True,True,True,True,True,True,False,False,False,0,100.0
WS/MP334/2024-2025/139114-Streetlights,Normal/Others,Jharkhand,GIRIDIH,Shri Chandra Prakash Choudhary,BOKARO(DEPUTY COMMISSIONER BOKARO_IDA),installation of solar street light near pradeep ganjhu house in kotogadha,2024-09-06,22000,2024-10-15,22000,Sanction,Sanctioned - Not Completed,,,,39,,681.0,720.0,0,1.0,,False,False,True,True,True,True,True,True,True,True,True,True,False,False,False,0,100.0
WS/MP334/2024-2025/139115-Streetlights,Normal/Others,Jharkhand,GIRIDIH,Shri Chandra Prakash Choudhary,BOKARO(DEPUTY COMMISSIONER BOKARO_IDA),installation of solar street light near manoj ganjhu house in kotogadha,2024-09-06,22000,2024-10-15,22000,Sanction,Sanctioned - Not Completed,,,,39,,681.0,720.0,0,1.0,,False,False,True,True,True,True,True,True,True,True,True,True,False,False,False,0,100.0
WS/MP334/2024-2025/139116-Streetlights,Normal/Others,Jharkhand,GIRIDIH,Shri Chandra Prakash Choudhary,BOKARO(DEPUTY COMMISSIONER BOKARO_IDA),installation of solar street light near premchand kalindi house in pirgul,2024-09-06,22000,2024-10-15,22000,Sanction,Sanctioned - Not Completed,,,,39,,681.0,720.0,0,1.0,,False,False,True,True,True,True,True,True,True,True,True,True,False,False,False,0,100.0
WS/MP334/2024-2025/139117-Streetlights,Normal/Others,Jharkhand,GIRIDIH,Shri Chandra Prakash Choudhary,BOKARO(DEPUTY COMMISSIONER BOKARO_IDA),installation of solar street light near sanatan mahto house in gatigadha murhulsudi,2024-09-06,22000,2024-10-15,22000,Sanction,Sanctioned - Not Completed,,,,39,,681.0,720.0,0,1.0,,False,False,True,True,True,True,True,True,True,True,True,True,False,False,False,0,100.0
WS/MP334/2024-2025/139118-Streetlights,Normal/Others,Jharkhand,GIRIDIH,Shri Chandra Prakash Choudhary,BOKARO(DEPUTY COMMISSIONER BOKARO_IDA),installation of solar street light near ajay mahto house in pirgul,2024-09-06,22000,2024-10-15,22000,Sanction,Sanctioned - Not Completed,,,,39,,681.0,720.0,0,1.0,,False,False,True,True,True,True,True,True,True,True,True,True,False,False,False,0,100.0
WS/MP334/2024-2025/139121-Streetlights,Normal/Others,Jharkhand,GIRIDIH,Shri Chandra Prakash Choudhary,BOKARO(DEPUTY COMMISSIONER BOKARO_IDA),installation of solar street light near manoj kumar mahto house in murhulsudi,2024-09-06,22000,2024-10-15,22000,Sanction,Sanctioned - Not Completed,,,,39,,681.0,720.0,0,1.0,,False,False,True,True,True,True,True,True,True,True,True,True,False,False,False,0,100.0
WS/MP334/2024-2025/139122-Streetlights,Normal/Others,Jharkhand,GIRIDIH,Shri Chandra Prakash Choudhary,BOKARO(DEPUTY COMMISSIONER BOKARO_IDA),installation of solar street light near maanjhdih chowk in chawda,2024-09-06,22000,2024-10-15,22000,Sanction,Sanctioned - Not Completed,,,,39,,681.0,720.0,0,1.0,,False,False,True,True,True,True,True,True,True,True,True,True,False,False,False,0,100.0
WS/MP334/2024-2025/139123-Streetlights,Normal/Others,Jharkhand,GIRIDIH,Shri Chandra Prakash Choudhary,BOKARO(DEPUTY COMMISSIONER BOKARO_IDA),installation of solar street light near chandradev choudhary house in pirgul,2024-09-06,22000,2024-10-15,22000,Sanction,Sanctioned - Not Completed,,,,39,,681.0,720.0,0,1.0,,False,False,True,True,True,True,True,True,True,True,True,True,False,False,False,0,100.0
WS/MP334/2024-2025/139124-Streetlights,Normal/Others,Jharkhand,GIRIDIH,Shri Chandra Prakash Choudhary,BOKARO(DEPUTY COMMISSIONER BOKARO_IDA),installation of solar street light near laxman thakur house in pirgul,2024-09-06,22000,2024-10-15,22000,Sanction,Sanctioned - Not Completed,,,,39,,681.0,720.0,0,1.0,,False,False,True,True,True,True,True,True,True,True,True,True,False,False,False,0,100.0
WS/MP334/2024-2025/139125-Streetlights,Normal/Others,Jharkhand,GIRIDIH,Shri Chandra Prakash Choudhary,BOKARO(DEPUTY COMMISSIONER BOKARO_IDA),installation of solar street light near dinesh munda house in murhulsudi,2024-09-06,22000,2024-10-15,22000,Sanction,Sanctioned - Not Completed,,,,39,,681.0,720.0,0,1.0,,False,False,True,True,True,True,True,True,True,True,True,True,False,False,False,0,100.0
WS/MP334/2024-2025/139126-Streetlights,Normal/Others,Jharkhand,GIRIDIH,Shri Chandra Prakash Choudhary,BOKARO(DEPUTY COMMISSIONER BOKARO_IDA),installation of solar street light near arvind kumar nayak house in jamkudar,2024-09-06,22000,2024-10-15,22000,Sanction,Sanctioned - Not Completed,,,,39,,681.0,720.0,0,1.0,,False,False,True,True,True,True,True,True,True,True,True,True,False,False,False,0,100.0
WS/MP334/2024-2025/139127-Streetlights,Normal/Others,Jharkhand,GIRIDIH,Shri Chandra Prakash Choudhary,BOKARO(DEPUTY COMMISSIONER BOKARO_IDA),installation of solar street light near bajrangbali mandir in jamkudar,2024-09-06,22000,2024-10-15,22000,Sanction,Sanctioned - Not Completed,,,,39,,681.0,720.0,0,1.0,,False,False,True,True,True,True,True,True,True,True,True,True,False,False,False,0,100.0
WS/MP334/2024-2025/139128-Streetlights,Normal/Others,Jharkhand,GIRIDIH,Shri Chandra Prakash Choudhary,BOKARO(DEPUTY COMMISSIONER BOKARO_IDA),installation of solar street light near hari mandir in jamkudar,2024-09-06,22000,2024-10-15,22000,Sanction,Sanctioned - Not Completed,,,,39,,681.0,720.0,0,1.0,,False,False,True,True,True,True,True,True,True,True,True,True,False,False,False,0,100.0
WS/MP334/2024-2025/139129-Streetlights,Normal/Others,Jharkhand,GIRIDIH,Shri Chandra Prakash Choudhary,BOKARO(DEPUTY COMMISSIONER BOKARO_IDA),installation of solar street light near shiv mandir of jamkudar,2024-09-06,22000,2024-10-15,22000,Sanction,Sanctioned - Not Completed,,,,39,,681.0,720.0,0,1.0,,False,False,True,True,True,True,True,True,True,True,True,True,False,False,False,0,100.0
WS/MP334/2024-2025/139130-Streetlights,Normal/Others,Jharkhand,GIRIDIH,Shri Chandra Prakash Choudhary,BOKARO(DEPUTY COMMISSIONER BOKARO_IDA),installation of solar street light near nai tola in jamkudar,2024-09-06,22000,2024-10-15,22000,Sanction,Sanctioned - Not Completed,,,,39,,681.0,720.0,0,1.0,,False,False,True,True,True,True,True,True,True,True,True,True,False,False,False,0,100.0
WS/MP334/2024-2025/139131-Streetlights,Normal/Others,Jharkhand,GIRIDIH,Shri Chandra Prakash Choudhary,BOKARO(DEPUTY COMMISSIONER BOKARO_IDA),installation of solar street light near anant kumar mahto house in jamakudar nawadih,2024-09-06,22000,2024-10-15,22000,Sanction,Sanctioned - Not Completed,,,,39,,681.0,720.0,0,1.0,,False,False,True,True,True,True,True,True,True,True,True,True,False,False,False,0,100.0
WS/MP334/2024-2025/139132-Streetlights,Normal/Others,Jharkhand,GIRIDIH,Shri Chandra Prakash Choudhary,BOKARO(DEPUTY COMMISSIONER BOKARO_IDA),installation of solar street light near shiv mandir of murhulsudi,2024-09-06,22000,2024-10-15,22000,Sanction,Sanctioned - Not Completed,,,,39,,681.0,720.0,0,1.0,,False,False,True,True,True,True,True,True,True,True,True,True,False,False,False,0,100.0
WS/MP334/2024-2025/139133-Streetlights,Normal/Others,Jharkhand,GIRIDIH,Shri Chandra Prakash Choudhary,BOKARO(DEPUTY COMMISSIONER BOKARO_IDA),installation of solar street light near tulsidas mahto house in bagda,2024-09-06,22000,2024-10-15,22000,Sanction,Sanctioned - Not Completed,,,,39,,681.0,720.0,0,1.0,,False,False,True,True,True,True,True,True,True,True,True,True,False,False,False,0,100.0
WS/MP334/2024-2025/139134-Streetlights,Normal/Others,Jharkhand,GIRIDIH,Shri Chandra Prakash Choudhary,BOKARO(DEPUTY COMMISSIONER BOKARO_IDA),installation of solar street light near janki mahto house in bagda,2024-09-06,22000,2024-10-15,22000,Sanction,Sanctioned - Not Completed,,,,39,,681.0,720.0,0,1.0,,False,False,True,True,True,True,True,True,True,True,True,True,False,False,False,0,100.0
WS/MP334/2024-2025/139135-Streetlights,Normal/Others,Jharkhand,GIRIDIH,Shri Chandra Prakash Choudhary,BOKARO(DEPUTY COMMISSIONER BOKARO_IDA),installation of solar street light near dablu saw house in bagda,2024-09-06,22000,2024-10-15,22000,Sanction,Sanctioned - Not Completed,,,,39,,681.0,720.0,0,1.0,,False,False,True,True,True,True,True,True,True,True,True,True,False,False,False,0,100.0
WS/MP334/2024-2025/139136-Streetlights,Normal/Others,Jharkhand,GIRIDIH,Shri Chandra Prakash Choudhary,BOKARO(DEPUTY COMMISSIONER BOKARO_IDA),installation of solar street light near durgamandir in bagda,2024-09-06,22000,2024-10-15,22000,Sanction,Sanctioned - Not Completed,,,,39,,681.0,720.0,0,1.0,,False,False,True,True,True,True,True,True,True,True,True,True,False,False,False,0,100.0
WS/MP334/2024-2025/139137-Streetlights,Normal/Others,Jharkhand,GIRIDIH,Shri Chandra Prakash Choudhary,BOKARO(DEPUTY COMMISSIONER BOKARO_IDA),installation of solar street light near fuku mahto house in bagda,2024-09-06,22000,2024-10-15,22000,Sanction,Sanctioned - Not Completed,,,,39,,681.0,720.0,0,1.0,,False,False,True,True,True,True,True,True,True,True,True,True,False,False,False,0,100.0
WS/MP334/2024-2025/139138-Streetlights,Normal/Others,Jharkhand,GIRIDIH,Shri Chandra Prakash Choudhary,BOKARO(DEPUTY COMMISSIONER BOKARO_IDA),installation of solar street light near ashok mahto house in bagda,2024-09-06,22000,2024-10-15,22000,Sanction,Sanctioned - Not Completed,,,,39,,681.0,720.0,0,1.0,,False,False,True,True,True,True,True,True,True,True,True,True,False,False,False,0,100.0
WS/MP334/2024-2025/139139-Streetlights,Normal/Others,Jharkhand,GIRIDIH,Shri Chandra Prakash Choudhary,BOKARO(DEPUTY COMMISSIONER BOKARO_IDA),installation of solar street light near pustakalay kumhartola in bagda,2024-09-06,22000,2024-10-15,22000,Sanction,Sanctioned - Not Completed,,,,39,,681.0,720.0,0,1.0,,False,False,True,True,True,True,True,True,True,True,True,True,False,False,False,0,100.0
WS/MP334/2024-2025/139140-Streetlights,Normal/Others,Jharkhand,GIRIDIH,Shri Chandra Prakash Choudhary,BOKARO(DEPUTY COMMISSIONER BOKARO_IDA),installation of solar street light near mohammed kalim house in bagda,2024-09-06,22000,2024-10-15,22000,Sanction,Sanctioned - Not Completed,,,,39,,681.0,720.0,0,1.0,,False,False,True,True,True,True,True,True,True,True,True,True,False,False,False,0,100.0
WS/MP334/2024-2025/139141-Streetlights,Normal/Others,Jharkhand,GIRIDIH,Shri Chandra Prakash Choudhary,BOKARO(DEPUTY COMMISSIONER BOKARO_IDA),installation of solar street light near anaiya shiv mandir in bagda,2024-09-06,22000,2024-10-15,22000,Sanction,Sanctioned - Not Completed,,,,39,,681.0,720.0,0,1.0,,False,False,True,True,True,True,True,True,True,True,True,True,False,False,False,0,100.0
WS/MP334/2024-2025/139142-Streetlights,Normal/Others,Jharkhand,GIRIDIH,Shri Chandra Prakash Choudhary,BOKARO(DEPUTY COMMISSIONER BOKARO_IDA),installation of solar street light near mungo dasrath mahto house in bagda,2024-09-06,22000,2024-10-15,22000,Sanction,Sanctioned - Not Completed,,,,39,,681.0,720.0,0,1.0,,False,False,True,True,True,True,True,True,True,True,True,True,False,False,False,0,100.0
WS/MP334/2024-2025/139160-Streetlights,Normal/Others,Jharkhand,GIRIDIH,Shri Chandra Prakash Choudhary,BOKARO(DEPUTY COMMISSIONER BOKARO_IDA),installation of solar street light near bhawanipur mukesh mahto house in bagda,2024-09-06,22000,2024-10-15,22000,Sanction,Sanctioned - Not Completed,,,,39,,681.0,720.0,0,1.0,,False,False,True,True,True,True,True,True,True,True,True,True,False,False,False,0,100.0
WS/MP334/2024-2025/139161-Streetlights,Normal/Others,Jharkhand,GIRIDIH,Shri Chandra Prakash Choudhary,BOKARO(DEPUTY COMMISSIONER BOKARO_IDA),installation of solar street light near deosharan mahto huse in lodhkiyari in bagda,2024-09-06,22000,2024-10-15,22000,Sanction,Sanctioned - Not Completed,,,,39,,681.0,720.0,0,1.0,,False,False,True,True,True,True,True,True,True,True,True,True,False,False,False,0,100.0
WS/MP334/2024-2025/139162-Streetlights,Normal/Others,Jharkhand,GIRIDIH,Shri Chandra Prakash Choudhary,BOKARO(DEPUTY COMMISSIONER BOKARO_IDA),installation of solar street light near prafful mahtoi in lodhkiyari in bagda,2024-09-06,22000,2024-10-15,22000,Sanction,Sanctioned - Not Completed,,,,39,,681.0,720.0,0,1.0,,False,False,True,True,True,True,True,True,True,True,True,True,False,False,False,0,100.0
WS/MP334/2024-2025/139163-Streetlights,Normal/Others,Jharkhand,GIRIDIH,Shri Chandra Prakash Choudhary,BOKARO(DEPUTY COMMISSIONER BOKARO_IDA),installation of solar street light near sushil mahto house in raghunathpur in bagda,2024-09-06,22000,2024-10-15,22000,Sanction,Sanctioned - Not Completed,,,,39,,681.0,720.0,0,1.0,,False,False,True,True,True,True,True,True,True,True,True,True,False,False,False,0,100.0
WS/MP334/2024-2025/139164-Streetlights,Normal/Others,Jharkhand,GIRIDIH,Shri Chandra Prakash Choudhary,BOKARO(DEPUTY COMMISSIONER BOKARO_IDA),installation of solar street light near bhawanipur bargad ped in bagda,2024-09-06,22000,2024-10-15,22000,Sanction,Sanctioned - Not Completed,,,,39,,681.0,720.0,0,1.0,,False,False,True,True,True,True,True,True,True,True,True,True,False,False,False,0,100.0
WS/MP334/2024-2025/139165-Streetlights,Normal/Others,Jharkhand,GIRIDIH,Shri Chandra Prakash Choudhary,BOKARO(DEPUTY COMMISSIONER BOKARO_IDA),installation of solar street light near karmali tola of raghunathpur in bagda,2024-09-06,22000,2024-10-15,22000,Sanction,Sanctioned - Not Completed,,,,39,,681.0,720.0,0,1.0,,False,False,True,True,True,True,True,True,True,True,True,True,False,False,False,0,100.0
WS/MP334/2024-2025/139166-Streetlights,Normal/Others,Jharkhand,GIRIDIH,Shri Chandra Prakash Choudhary,BOKARO(DEPUTY COMMISSIONER BOKARO_IDA),installation of solar street light near bikram singh house in bagda,2024-09-06,22000,2024-10-15,22000,Sanction,Sanctioned - Not Completed,,,,39,,681.0,720.0,0,1.0,,False,False,True,True,True,True,True,True,True,True,True,True,False,False,False,0,100.0
WS/MP334/2024-2025/139167-Streetlights,Normal/Others,Jharkhand,GIRIDIH,Shri Chandra Prakash Choudhary,BOKARO(DEPUTY COMMISSIONER BOKARO_IDA),installation of solar street light near pakribandh chouraha in bagda,2024-09-06,22000,2024-10-15,22000,Sanction,Sanctioned - Not Completed,,,,39,,681.0,720.0,0,1.0,,False,False,True,True,True,True,True,True,True,True,True,True,False,False,False,0,100.0
WS/MP334/2024-2025/139168-Streetlights,Normal/Others,Jharkhand,GIRIDIH,Shri Chandra Prakash Choudhary,BOKARO(DEPUTY COMMISSIONER BOKARO_IDA),installation of solar street light near gujar mod in bagda,2024-09-06,22000,2024-10-15,22000,Sanction,Sanctioned - Not Completed,,,,39,,681.0,720.0,0,1.0,,False,False,True,True,True,True,True,True,True,True,True,True,False,False,False,0,100.0
WS/MP334/2024-2025/139180-Streetlights,Normal/Others,Jharkhand,GIRIDIH,Shri Chandra Prakash Choudhary,BOKARO(DEPUTY COMMISSIONER BOKARO_IDA),installation of solar street light near lalkishore mahto house in taangtona,2024-09-06,22000,2024-10-15,22000,Sanction,Sanctioned - Not Completed,,,,39,,681.0,720.0,0,1.0,,False,False,True,True,True,True,True,True,True,True,True,True,False,False,False,0,100.0
WS/MP334/2024-2025/139181-Streetlights,Normal/Others,Jharkhand,GIRIDIH,Shri Chandra Prakash Choudhary,BOKARO(DEPUTY COMMISSIONER BOKARO_IDA),installation of solar street light near laxman mahto house nawadih in tangtona.,2024-09-06,22000,2024-10-15,22000,Sanction,Sanctioned - Not Completed,,,,39,,681.0,720.0,0,1.0,,False,False,True,True,True,True,True,True,True,True,True,True,False,False,False,0,100.0
WS/MP334/2024-2025/139182-Streetlights,Normal/Others,Jharkhand,GIRIDIH,Shri Chandra Prakash Choudhary,BOKARO(DEPUTY COMMISSIONER BOKARO_IDA),installation of solar street light near hari mandir nawadih tangtona,2024-09-06,22000,2024-10-15,22000,Sanction,Sanctioned - Not Completed,,,,39,,681.0,720.0,0,1.0,,False,False,True,True,True,True,True,True,True,True,True,True,False,False,False,0,100.0
WS/MP334/2024-2025/139183-Streetlights,Normal/Others,Jharkhand,GIRIDIH,Shri Chandra Prakash Choudhary,BOKARO(DEPUTY COMMISSIONER BOKARO_IDA),installation of solar street light near chandramohan mahto house neechetola tangtona.,2024-09-06,22000,2024-10-15,22000,Sanction,Sanctioned - Not Completed,,,,39,,681.0,720.0,0,1.0,,False,False,True,True,True,True,True,True,True,True,True,True,False,False,False,0,100.0
WS/MP334/2024-2025/139184-Streetlights,Normal/Others,Jharkhand,GIRIDIH,Shri Chandra Prakash Choudhary,BOKARO(DEPUTY COMMISSIONER BOKARO_IDA),installation of solar street light near dasrath mahto house in tangtona.,2024-09-06,22000,2024-10-14,22000,Sanction,Sanctioned - Not Completed,,,,38,,682.0,720.0,0,1.0,,False,False,True,True,True,True,True,True,True,True,True,True,False,False,False,0,100.0
WS/MP334/2024-2025/139185-Streetlights,Normal/Others,Jharkhand,GIRIDIH,Shri Chandra Prakash Choudhary,BOKARO(DEPUTY COMMISSIONER BOKARO_IDA),installation of solar street light near kapileshwar mahto house postoffice in tangtona,2024-09-06,22000,2024-10-14,22000,Sanction,Sanctioned - Not Completed,,,,38,,682.0,720.0,0,1.0,,False,False,True,True,True,True,True,True,True,True,True,True,False,False,False,0,100.0
WS/MP334/2024-2025/139186-Streetlights,Normal/Others,Jharkhand,GIRIDIH,Shri Chandra Prakash Choudhary,BOKARO(DEPUTY COMMISSIONER BOKARO_IDA),installation of solar street light near ashok singh forest office in tangtona.,2024-09-06,22000,2024-10-14,22000,Sanction,Sanctioned - Not Completed,,,,38,,682.0,720.0,0,1.0,,False,False,True,True,True,True,True,True,True,True,True,True,False,False,False,0,100.0
WS/MP334/2024-2025/139187-Streetlights,Normal/Others,Jharkhand,GIRIDIH,Shri Chandra Prakash Choudhary,BOKARO(DEPUTY COMMISSIONER BOKARO_IDA),installation of solar street light near amulya mahto house in tangtona.,2024-09-06,22000,2024-10-14,22000,Sanction,Sanctioned - Not Completed,,,,38,,682.0,720.0,0,1.0,,False,False,True,True,True,True,True,True,True,True,True,True,False,False,False,0,100.0
WS/MP334/2024-2025/139188-Streetlights,Normal/Others,Jharkhand,GIRIDIH,Shri Chandra Prakash Choudhary,BOKARO(DEPUTY COMMISSIONER BOKARO_IDA),installation of solar street light near hari mandir teliyadih in tangtona.,2024-09-06,22000,2024-10-14,22000,Sanction,Sanctioned - Not Completed,,,,38,,682.0,720.0,0,1.0,,False,False,True,True,True,True,True,True,True,True,True,True,False,False,False,0,100.0
WS/MP334/2024-2025/139189-Streetlights,Normal/Others,Jharkhand,GIRIDIH,Shri Chandra Prakash Choudhary,BOKARO(DEPUTY COMMISSIONER BOKARO_IDA),installation of solar street light near bajrang bali mandir teliyadih in tangtona.,2024-09-06,22000,2024-10-14,22000,Sanction,Sanctioned - Not Completed,,,,38,,682.0,720.0,0,1.0,,False,False,True,True,True,True,True,True,True,True,True,True,False,False,False,0,100.0
WS/MP334/2024-2025/139203-Streetlights,Normal/Others,Jharkhand,GIRIDIH,Shri Chandra Prakash Choudhary,BOKARO(DEPUTY COMMISSIONER BOKARO_IDA),installation of solar street light near jitendra mahto house churin gadha tangtona,2024-09-06,22000,2024-10-14,22000,Sanction,Sanctioned - Not Completed,,,,38,,682.0,720.0,0,1.0,,False,False,True,True,True,True,True,True,True,True,True,True,False,False,False,0,100.0
WS/MP334/2024-2025/139204-Streetlights,Normal/Others,Jharkhand,GIRIDIH,Shri Chandra Prakash Choudhary,BOKARO(DEPUTY COMMISSIONER BOKARO_IDA),installation of solar street light near murlidhar mahto house tangtona.,2024-09-06,22000,2024-10-14,22000,Sanction,Sanctioned - Not Completed,,,,38,,682.0,720.0,0,1.0,,False,False,True,True,True,True,True,True,True,True,True,True,False,False,False,0,100.0
WS/MP334/2024-2025/139205-Streetlights,Normal/Others,Jharkhand,GIRIDIH,Shri Chandra Prakash Choudhary,BOKARO(DEPUTY COMMISSIONER BOKARO_IDA),installation of solar street light near devendra mahto house tangtona.,2024-09-06,22000,2024-10-14,22000,Sanction,Sanctioned - Not Completed,,,,38,,682.0,720.0,0,1.0,,False,False,True,True,True,True,True,True,True,True,True,True,False,False,False,0,100.0
WS/MP334/2024-2025/139206-Streetlights,Normal/Others,Jharkhand,GIRIDIH,Shri Chandra Prakash Choudhary,BOKARO(DEPUTY COMMISSIONER BOKARO_IDA),installation of solar street light near balram mahto house tangtona,2024-09-06,22000,2024-10-14,22000,Sanction,Sanctioned - Not Completed,,,,38,,682.0,720.0,0,1.0,,False,False,True,True,True,True,True,True,True,True,True,True,False,False,False,0,100.0
WS/MP334/2024-2025/139207-Streetlights,Normal/Others,Jharkhand,GIRIDIH,Shri Chandra Prakash Choudhary,BOKARO(DEPUTY COMMISSIONER BOKARO_IDA),installation of solar street light near arun turi house tangtona.,2024-09-06,22000,2024-10-14,22000,Sanction,Sanctioned - Not Completed,,,,38,,682.0,720.0,0,1.0,,False,False,True,True,True,True,True,True,True,True,True,True,False,False,False,0,100.0
WS/MP334/2024-2025/139212-Streetlights,Normal/Others,Jharkhand,GIRIDIH,Shri Chandra Prakash Choudhary,BOKARO(DEPUTY COMMISSIONER BOKARO_IDA),installation of solar street light near kirani karmali house tangtona,2024-09-06,22000,2024-10-14,22000,Sanction,Sanctioned - Not Completed,,,,38,,682.0,720.0,0,1.0,,False,False,True,True,True,True,True,True,True,True,True,True,False,False,False,0,100.0
WS/MP334/2024-2025/139213-Streetlights,Normal/Others,Jharkhand,GIRIDIH,Shri Chandra Prakash Choudhary,BOKARO(DEPUTY COMMISSIONER BOKARO_IDA),installation of solar street light near shiv mandir tangtona.,2024-09-06,22000,2024-10-14,22000,Sanction,Sanctioned - Not Completed,,,,38,,682.0,720.0,0,1.0,,False,False,True,True,True,True,True,True,True,True,True,True,False,False,False,0,100.0
WS/MP334/2024-2025/139214-Streetlights,Normal/Others,Jharkhand,GIRIDIH,Shri Chandra Prakash Choudhary,BOKARO(DEPUTY COMMISSIONER BOKARO_IDA),installation of solar street light near tarkeshwar prasad manjura house pagartand in tangtona.,2024-09-06,22000,2024-10-14,22000,Sanction,Sanctioned - Not Completed,,,,38,,682.0,720.0,0,1.0,,False,False,True,True,True,True,True,True,True,True,True,True,False,False,False,0,100.0
WS/MP334/2024-2025/139215-Streetlights,Normal/Others,Jharkhand,GIRIDIH,Shri Chandra Prakash Choudhary,BOKARO(DEPUTY COMMISSIONER BOKARO_IDA),installation of solar street light near ravindra kumar pandey house singhpur pandeytola tangtona.,2024-09-06,22000,2024-10-14,22000,Sanction,Sanctioned - Not Completed,,,,38,,682.0,720.0,0,1.0,,False,False,True,True,True,True,True,True,True,True,True,True,False,False,False,0,100.0
WS/MP334/2024-2025/139216-Streetlights,Normal/Others,Jharkhand,GIRIDIH,Shri Chandra Prakash Choudhary,BOKARO(DEPUTY COMMISSIONER BOKARO_IDA),installation of solar street light near kapileshwar mahto house jehratand in tangtona.,2024-09-06,22000,2024-10-14,22000,Sanction,Sanctioned - Not Completed,,,,38,,682.0,720.0,0,1.0,,False,False,True,True,True,True,True,True,True,True,True,True,False,False,False,0,100.0
WS/MP334/2024-2025/139222-Streetlights,Normal/Others,Jharkhand,GIRIDIH,Shri Chandra Prakash Choudhary,BOKARO(DEPUTY COMMISSIONER BOKARO_IDA),installation of solar street light near athwa mahto house jolha kanari nawadih in tangtona,2024-09-06,22000,2024-10-14,22000,Sanction,Sanctioned - Not Completed,,,,38,,682.0,720.0,0,1.0,,False,False,True,True,True,True,True,True,True,True,True,True,False,False,False,0,100.0
WS/MP334/2024-2025/139223-Streetlights,Normal/Others,Jharkhand,GIRIDIH,Shri Chandra Prakash Choudhary,BOKARO(DEPUTY COMMISSIONER BOKARO_IDA),installation of solar street light near lalu mahto house nps nawadih in tangtona.,2024-09-06,22000,2024-10-14,22000,Sanction,Sanctioned - Not Completed,,,,38,,682.0,720.0,0,1.0,,False,False,True,True,True,True,True,True,True,True,True,True,False,False,False,0,100.0
WS/MP334/2024-2025/139224-Streetlights,Normal/Others,Jharkhand,GIRIDIH,Shri Chandra Prakash Choudhary,BOKARO(DEPUTY COMMISSIONER BOKARO_IDA),installation of solar street light near jaynandan mahto naya ghar in tangtona.,2024-09-06,22000,2024-10-14,22000,Sanction,Sanctioned - Not Completed,,,,38,,682.0,720.0,0,1.0,,False,False,True,True,True,True,True,True,True,True,True,True,False,False,False,0,100.0
WS/MP334/2024-2025/139225-Streetlights,Normal/Others,Jharkhand,GIRIDIH,Shri Chandra Prakash Choudhary,BOKARO(DEPUTY COMMISSIONER BOKARO_IDA),installation of solar street light near binod mahto house tangtona,2024-09-06,22000,2024-10-14,22000,Sanction,Sanctioned - Not Completed,,,,38,,682.0,720.0,0,1.0,,False,False,True,True,True,True,True,True,True,True,True,True,False,False,False,0,100.0
WS/MP334/2024-2025/139229-Streetlights,Normal/Others,Jharkhand,GIRIDIH,Shri Chandra Prakash Choudhary,BOKARO(DEPUTY COMMISSIONER BOKARO_IDA),installation of solar street light near ishwarchandra house main road telmunga in garri,2024-09-06,22000,2024-10-14,22000,Sanction,Sanctioned - Not Completed,,,,38,,682.0,720.0,0,1.0,,False,False,True,True,True,True,True,True,True,True,True,True,False,False,False,0,100.0
WS/MP334/2024-2025/139230-Streetlights,Normal/Others,Jharkhand,GIRIDIH,Shri Chandra Prakash Choudhary,BOKARO(DEPUTY COMMISSIONER BOKARO_IDA),installation of solar street light near prem kapardar house kabristan telmunga in garri,2024-09-06,22000,2024-10-14,22000,Sanction,Sanctioned - Not Completed,,,,38,,682.0,720.0,0,1.0,,False,False,True,True,True,True,True,True,True,True,True,True,False,False,False,0,100.0
WS/MP334/2024-2025/139231-Streetlights,Normal/Others,Jharkhand,GIRIDIH,Shri Chandra Prakash Choudhary,BOKARO(DEPUTY COMMISSIONER BOKARO_IDA),installation of solar street light near kasmar community centre quater in garri,2024-09-06,22000,2024-10-14,22000,Sanction,Sanctioned - Not Completed,,,,38,,682.0,720.0,0,1.0,,False,False,True,True,True,True,True,True,True,True,True,True,False,False,False,0,100.0
WS/MP334/2024-2025/139232-Streetlights,Normal/Others,Jharkhand,GIRIDIH,Shri Chandra Prakash Choudhary,BOKARO(DEPUTY COMMISSIONER BOKARO_IDA),installation of solar street light near karmali tola neem ped in garri.,2024-09-06,22000,2024-10-14,22000,Sanction,Sanctioned - Not Completed,,,,38,,682.0,720.0,0,1.0,,False,False,True,True,True,True,True,True,True,True,True,True,False,False,False,0,100.0
WS/MP334/2024-2025/139233-Streetlights,Normal/Others,Jharkhand,GIRIDIH,Shri Chandra Prakash Choudhary,BOKARO(DEPUTY COMMISSIONER BOKARO_IDA),installation of solar street light near goswami tent house main road in telmunga in garri.,2024-09-06,22000,2024-10-14,22000,Sanction,Sanctioned - Not Completed,,,,38,,682.0,720.0,0,1.0,,False,False,True,True,True,True,True,True,True,True,True,True,False,False,False,0,100.0
WS/MP334/2024-2025/139251-Streetlights,Normal/Others,Jharkhand,GIRIDIH,Shri Chandra Prakash Choudhary,BOKARO(DEPUTY COMMISSIONER BOKARO_IDA),installation of solar street light near sanjay kapardar niche rajwar tola house in garri,2024-09-06,22000,2024-10-14,22000,Sanction,Sanctioned - Not Completed,,,,38,,682.0,720.0,0,1.0,,False,False,True,True,True,True,True,True,True,True,True,True,False,False,False,0,100.0
WS/MP334/2024-2025/139252-Streetlights,Normal/Others,Jharkhand,GIRIDIH,Shri Chandra Prakash Choudhary,BOKARO(DEPUTY COMMISSIONER BOKARO_IDA),installation of solar street light near bajrang bali mandir niche rajwar tola in garri.,2024-09-06,22000,2024-10-14,22000,Sanction,Sanctioned - Not Completed,,,,38,,682.0,720.0,0,1.0,,False,False,True,True,True,True,True,True,True,True,True,True,False,False,False,0,100.0
WS/MP334/2024-2025/139253-Streetlights,Normal/Others,Jharkhand,GIRIDIH,Shri Chandra Prakash Choudhary,BOKARO(DEPUTY COMMISSIONER BOKARO_IDA),installation of solar street light near community bathroom school in garri.,2024-09-06,22000,2024-10-14,22000,Sanction,Sanctioned - Not Completed,,,,38,,682.0,720.0,0,1.0,,False,False,True,True,True,True,True,True,True,True,True,True,False,False,False,0,100.0
WS/MP334/2024-2025/139254-Streetlights,Normal/Others,Jharkhand,GIRIDIH,Shri Chandra Prakash Choudhary,BOKARO(DEPUTY COMMISSIONER BOKARO_IDA),installation of solar street light near jagdish hajam house in garri.,2024-09-06,22000,2024-10-14,22000,Sanction,Sanctioned - Not Completed,,,,38,,682.0,720.0,0,1.0,,False,False,True,True,True,True,True,True,True,True,True,True,False,False,False,0,100.0
WS/MP334/2024-2025/139255-Streetlights,Normal/Others,Jharkhand,GIRIDIH,Shri Chandra Prakash Choudhary,BOKARO(DEPUTY COMMISSIONER BOKARO_IDA),installation of solar street light near arup mukherjee house in dhadhkiya mod in ponda panchayat,2024-09-06,22000,2024-10-14,22000,Sanction,Sanctioned - Not Completed,,,,38,,682.0,720.0,0,1.0,,False,False,True,True,True,True,True,True,True,True,True,True,False,False,False,0,100.0
WS/MP334/2024-2025/139261-Streetlights,Normal/Others,Jharkhand,GIRIDIH,Shri Chandra Prakash Choudhary,BOKARO(DEPUTY COMMISSIONER BOKARO_IDA),installation of solar street light near durga prasad prajapati house main road telmunga in garri.,2024-09-06,22000,2024-10-14,22000,Sanction,Sanctioned - Not Completed,,,,38,,682.0,720.0,0,1.0,,False,False,True,True,True,True,True,True,True,True,True,True,False,False,False,0,100.0
WS/MP334/2024-2025/139262-Streetlights,Normal/Others,Jharkhand,GIRIDIH,Shri Chandra Prakash Choudhary,BOKARO(DEPUTY COMMISSIONER BOKARO_IDA),installation of solar street light near kamal kishore kapardar house in garri,2024-09-06,22000,2024-10-14,22000,Sanction,Sanctioned - Not Completed,,,,38,,682.0,720.0,0,1.0,,False,False,True,True,True,True,True,True,True,True,True,True,False,False,False,0,100.0
WS/MP334/2024-2025/139263-Streetlights,Normal/Others,Jharkhand,GIRIDIH,Shri Chandra Prakash Choudhary,BOKARO(DEPUTY COMMISSIONER BOKARO_IDA),installation of solar street light near telmunga ghasi tola akhara in garri.,2024-09-06,22000,2024-10-14,22000,Sanction,Sanctioned - Not Completed,,,,38,,682.0,720.0,0,1.0,,False,False,True,True,True,True,True,True,True,True,True,True,False,False,False,0,100.0
WS/MP334/2024-2025/139264-Streetlights,Normal/Others,Jharkhand,GIRIDIH,Shri Chandra Prakash Choudhary,BOKARO(DEPUTY COMMISSIONER BOKARO_IDA),installation of solar street light near telmunga ghasi niche tola in garri,2024-09-06,22000,2024-10-14,22000,Sanction,Sanctioned - Not Completed,,,,38,,682.0,720.0,0,1.0,,False,False,True,True,True,True,True,True,True,True,True,True,False,False,False,0,100.0
WS/MP334/2024-2025/139281-Streetlights,Normal/Others,Jharkhand,GIRIDIH,Shri Chandra Prakash Choudhary,BOKARO(DEPUTY COMMISSIONER BOKARO_IDA),installation of solar street light near devi mandir parsatand in hurlung,2024-09-06,22000,2024-10-14,22000,Sanction,Sanctioned - Not Completed,,,,38,,682.0,720.0,0,1.0,,False,False,True,True,True,True,True,True,True,True,True,True,False,False,False,0,100.0
WS/MP334/2024-2025/139282-Streetlights,Normal/Others,Jharkhand,GIRIDIH,Shri Chandra Prakash Choudhary,BOKARO(DEPUTY COMMISSIONER BOKARO_IDA),installation of solar street light near lala tola shiv mandir in hurlung,2024-09-06,22000,2024-10-14,22000,Sanction,Sanctioned - Not Completed,,,,38,,682.0,720.0,0,1.0,,False,False,True,True,True,True,True,True,True,True,True,True,False,False,False,0,100.0
WS/MP334/2024-2025/139283-Streetlights,Normal/Others,Jharkhand,GIRIDIH,Shri Chandra Prakash Choudhary,BOKARO(DEPUTY COMMISSIONER BOKARO_IDA),installation of solar street light near ashok pandey house in hurlung,2024-09-06,22000,2024-10-14,22000,Sanction,Sanctioned - Not Completed,,,,38,,682.0,720.0,0,1.0,,False,False,True,True,True,True,True,True,True,True,True,True,False,False,False,0,100.0
WS/MP334/2024-2025/139284-Streetlights,Normal/Others,Jharkhand,GIRIDIH,Shri Chandra Prakash Choudhary,BOKARO(DEPUTY COMMISSIONER BOKARO_IDA),installation of solar street light near ramchandra sharma clinic in karmatand chowk in hurlung,2024-09-06,22000,2024-10-14,22000,Sanction,Sanctioned - Not Completed,,,,38,,682.0,720.0,0,1.0,,False,False,True,True,True,True,True,True,True,True,True,True,False,False,False,0,100.0
WS/MP334/2024-2025/139285-Streetlights,Normal/Others,Jharkhand,GIRIDIH,Shri Chandra Prakash Choudhary,BOKARO(DEPUTY COMMISSIONER BOKARO_IDA),installation of solar street light near ganesh mahto house in tirhotiya village in hurlung,2024-09-06,22000,2024-10-14,22000,Sanction,Sanctioned - Not Completed,,,,38,,682.0,720.0,0,1.0,,False,False,True,True,True,True,True,True,True,True,True,True,False,False,False,0,100.0
WS/MP334/2024-2025/139286-Streetlights,Normal/Others,Jharkhand,GIRIDIH,Shri Chandra Prakash Choudhary,BOKARO(DEPUTY COMMISSIONER BOKARO_IDA),installation of solar street light near siyari mod in chotki sidhawara.,2024-09-06,22000,2024-10-14,22000,Sanction,Sanctioned - Not Completed,,,,38,,682.0,720.0,0,1.0,,False,False,True,True,True,True,True,True,True,True,True,True,False,False,False,0,100.0
WS/MP334/2024-2025/139287-Streetlights,Normal/Others,Jharkhand,GIRIDIH,Shri Chandra Prakash Choudhary,BOKARO(DEPUTY COMMISSIONER BOKARO_IDA),installation of solar street light near gulabi devi house in rola village of barki sidhabara panchayat.,2024-09-06,22000,2024-10-14,22000,Sanction,Sanctioned - Not Completed,,,,38,,682.0,720.0,0,1.0,,False,False,True,True,True,True,True,True,True,True,True,True,False,False,False,0,100.0
WS/MP334/2024-2025/139288-Streetlights,Normal/Others,Jharkhand,GIRIDIH,Shri Chandra Prakash Choudhary,BOKARO(DEPUTY COMMISSIONER BOKARO_IDA),installation of solar street light near suraj mahto house in barki sidhabara,2024-09-06,22000,2024-10-14,22000,Sanction,Sanctioned - Not Completed,,,,38,,682.0,720.0,0,1.0,,False,False,True,True,True,True,True,True,True,True,True,True,False,False,False,0,100.0
WS/MP334/2024-2025/139289-Streetlights,Normal/Others,Jharkhand,GIRIDIH,Shri Chandra Prakash Choudhary,BOKARO(DEPUTY COMMISSIONER BOKARO_IDA),installation of solar street light near thanu mahto house in khakhando in barki sidhabara,2024-09-06,22000,2024-10-14,22000,Sanction,Sanctioned - Not Completed,,,,38,,682.0,720.0,0,1.0,,False,False,True,True,True,True,True,True,True,True,True,True,False,False,False,0,100.0
WS/MP334/2024-2025/139290-Streetlights,Normal/Others,Jharkhand,GIRIDIH,Shri Chandra Prakash Choudhary,BOKARO(DEPUTY COMMISSIONER BOKARO_IDA),installation of solar street light near bajrangbali mandir in bendi village of barki sidhabara,2024-09-06,22000,2024-10-14,22000,Sanction,Sanctioned - Not Completed,,,,38,,682.0,720.0,0,1.0,,False,False,True,True,True,True,True,True,True,True,True,True,False,False,False,0,100.0
WS/MP334/2024-2025/139291-Streetlights,Normal/Others,Jharkhand,GIRIDIH,Shri Chandra Prakash Choudhary,BOKARO(DEPUTY COMMISSIONER BOKARO_IDA),installation of solar street light near ramdular ravidas house in bhelwapani in karrikhurd,2024-09-06,22000,2024-10-14,22000,Sanction,Sanctioned - Not Completed,,,,38,,682.0,720.0,0,1.0,,False,False,True,True,True,True,True,True,True,True,True,True,False,False,False,0,100.0
WS/MP334/2024-2025/139292-Streetlights,Normal/Others,Jharkhand,GIRIDIH,Shri Chandra Prakash Choudhary,BOKARO(DEPUTY COMMISSIONER BOKARO_IDA),installation of solar street light near durga mandap in karikhurd,2024-09-06,22000,2024-10-14,22000,Sanction,Sanctioned - Not Completed,,,,38,,682.0,720.0,0,1.0,,False,False,True,True,True,True,True,True,True,True,True,True,False,False,False,0,100.0
WS/MP334/2024-2025/139293-Streetlights,Normal/Others,Jharkhand,GIRIDIH,Shri Chandra Prakash Choudhary,BOKARO(DEPUTY COMMISSIONER BOKARO_IDA),installation of solar street light near janki mahto house in karmo village of karri khurd.,2024-09-06,22000,2024-10-14,22000,Sanction,Sanctioned - Not Completed,,,,38,,682.0,720.0,0,1.0,,False,False,True,True,True,True,True,True,True,True,True,True,False,False,False,0,100.0
WS/MP334/2024-2025/139294-Streetlights,Normal/Others,Jharkhand,GIRIDIH,Shri Chandra Prakash Choudhary,BOKARO(DEPUTY COMMISSIONER BOKARO_IDA),installation of solar street light near hanuman mandir in kurknalo of karikhurd,2024-09-06,22000,2024-10-14,22000,Sanction,Sanctioned - Not Completed,,,,38,,682.0,720.0,0,1.0,,False,False,True,True,True,True,True,True,True,True,True,True,False,False,False,0,100.0
WS/MP334/2024-2025/139295-Streetlights,Normal/Others,Jharkhand,GIRIDIH,Shri Chandra Prakash Choudhary,BOKARO(DEPUTY COMMISSIONER BOKARO_IDA),installation of solar street light near masjid of surgi mohalla in lodhi,2024-09-06,22000,2024-10-14,22000,Sanction,Sanctioned - Not Completed,,,,38,,682.0,720.0,0,1.0,,False,False,True,True,True,True,True,True,True,True,True,True,False,False,False,0,100.0
WS/MP334/2024-2025/139299-Streetlights,Normal/Others,Jharkhand,GIRIDIH,Shri Chandra Prakash Choudhary,BOKARO(DEPUTY COMMISSIONER BOKARO_IDA),installation of solar street light near bateshwar saw in kodwa village of lodhi,2024-09-06,22000,2024-10-14,22000,Sanction,Sanctioned - Not Completed,,,,38,,682.0,720.0,0,1.0,,False,False,True,True,True,True,True,True,True,True,True,True,False,False,False,0,100.0
WS/MP334/2024-2025/139300-Streetlights,Normal/Others,Jharkhand,GIRIDIH,Shri Chandra Prakash Choudhary,BOKARO(DEPUTY COMMISSIONER BOKARO_IDA),installation of solar street light near mansa mandir in yadav tola of tisri in lodhi,2024-09-06,22000,2024-10-14,22000,Sanction,Sanctioned - Not Completed,,,,38,,682.0,720.0,0,1.0,,False,False,True,True,True,True,True,True,True,True,True,True,False,False,False,0,100.0
WS/MP334/2024-2025/139301-Streetlights,Normal/Others,Jharkhand,GIRIDIH,Shri Chandra Prakash Choudhary,BOKARO(DEPUTY COMMISSIONER BOKARO_IDA),installation of solar street light near shiv mandir of pejuwa in lodhi,2024-09-06,22000,2024-10-14,22000,Sanction,Sanctioned - Not Completed,,,,38,,682.0,720.0,0,1.0,,False,False,True,True,True,True,True,True,True,True,True,True,False,False,False,0,100.0
WS/MP334/2024-2025/139302-Streetlights,Normal/Others,Jharkhand,GIRIDIH,Shri Chandra Prakash Choudhary,BOKARO(DEPUTY COMMISSIONER BOKARO_IDA),installation of solar street light near manjhidhan puja sthal in dhamdharwa village of siari,2024-09-06,22000,2024-10-14,22000,Sanction,Sanctioned - Not Completed,,,,38,,682.0,720.0,0,1.0,,False,False,True,True,True,True,True,True,True,True,True,True,False,False,False,0,100.0
WS/MP334/2024-2025/139303-Streetlights,Normal/Others,Jharkhand,GIRIDIH,Shri Chandra Prakash Choudhary,BOKARO(DEPUTY COMMISSIONER BOKARO_IDA),installation of solar street light near nav prathmik vidyalay of birhor dera in siari,2024-09-06,22000,2024-10-14,22000,Sanction,Sanctioned - Not Completed,,,,38,,682.0,720.0,0,1.0,,False,False,True,True,True,True,True,True,True,True,True,True,False,False,False,0,100.0
WS/MP334/2024-2025/139308-Streetlights,Normal/Others,Jharkhand,GIRIDIH,Shri Chandra Prakash Choudhary,BOKARO(DEPUTY COMMISSIONER BOKARO_IDA),installation of solar street light near pani tanki in daridag in siari,2024-09-06,22000,2024-10-14,22000,Sanction,Sanctioned - Not Completed,,,,38,,682.0,720.0,0,1.0,,False,False,True,True,True,True,True,True,True,True,True,True,False,False,False,0,100.0
WS/MP334/2024-2025/139309-Streetlights,Normal/Others,Jharkhand,GIRIDIH,Shri Chandra Prakash Choudhary,BOKARO(DEPUTY COMMISSIONER BOKARO_IDA),installation of solar street light near janki mahto house in chotki koyotand in siari,2024-09-06,22000,2024-10-14,22000,Sanction,Sanctioned - Not Completed,,,,38,,682.0,720.0,0,1.0,,False,False,True,True,True,True,True,True,True,True,True,True,False,False,False,0,100.0
WS/MP334/2024-2025/139310-Streetlights,Normal/Others,Jharkhand,GIRIDIH,Shri Chandra Prakash Choudhary,BOKARO(DEPUTY COMMISSIONER BOKARO_IDA),installation of solar street light near masjid main road in chatro chati,2024-09-06,22000,2024-10-14,22000,Sanction,Sanctioned - Not Completed,,,,38,,682.0,720.0,0,1.0,,False,False,True,True,True,True,True,True,True,True,True,True,False,False,False,0,100.0
WS/MP334/2024-2025/139311-Streetlights,Normal/Others,Jharkhand,GIRIDIH,Shri Chandra Prakash Choudhary,BOKARO(DEPUTY COMMISSIONER BOKARO_IDA),installation of solar street light near chatro chati bazaar main chowk,2024-09-06,22000,2024-10-14,22000,Sanction,Sanctioned - Not Completed,,,,38,,682.0,720.0,0,1.0,,False,False,True,True,True,True,True,True,True,True,True,True,False,False,False,0,100.0
WS/MP334/2024-2025/139312-Streetlights,Normal/Others,Jharkhand,GIRIDIH,Shri Chandra Prakash Choudhary,BOKARO(DEPUTY COMMISSIONER BOKARO_IDA),installation of solar street light near shiv mandir of chipri village in chatro chati,2024-09-06,22000,2024-10-14,22000,Sanction,Sanctioned - Not Completed,,,,38,,682.0,720.0,0,1.0,,False,False,True,True,True,True,True,True,True,True,True,True,False,False,False,0,100.0
WS/MP334/2024-2025/139313-Streetlights,Normal/Others,Jharkhand,GIRIDIH,Shri Chandra Prakash Choudhary,BOKARO(DEPUTY COMMISSIONER BOKARO_IDA),installation of solar street light near durgamandap chowk in katwai of chatro chati,2024-09-06,22000,2024-10-14,22000,Sanction,Sanctioned - Not Completed,,,,38,,682.0,720.0,0,1.0,,False,False,True,True,True,True,True,True,True,True,True,True,False,False,False,0,100.0
WS/MP334/2024-2025/139314-Streetlights,Normal/Others,Jharkhand,GIRIDIH,Shri Chandra Prakash Choudhary,BOKARO(DEPUTY COMMISSIONER BOKARO_IDA),installation of solar street light near kashi yadav house in kaswagadh of khamhara,2024-09-06,22000,2024-10-14,22000,Sanction,Sanctioned - Not Completed,,,,38,,682.0,720.0,0,1.0,,False,False,True,True,True,True,True,True,True,True,True,True,False,False,False,0,100.0
WS/MP334/2024-2025/139315-Streetlights,Normal/Others,Jharkhand,GIRIDIH,Shri Chandra Prakash Choudhary,BOKARO(DEPUTY COMMISSIONER BOKARO_IDA),installation of solar street light near baldev thakur house in khamhara,2024-09-06,22000,2024-10-14,22000,Sanction,Sanctioned - Not Completed,,,,38,,682.0,720.0,0,1.0,,False,False,True,True,True,True,True,True,True,True,True,True,False,False,False,0,100.0
WS/MP334/2024-2025/139316-Streetlights,Normal/Others,Jharkhand,GIRIDIH,Shri Chandra Prakash Choudhary,BOKARO(DEPUTY COMMISSIONER BOKARO_IDA),installation of solar street light near budhan manjhi house in shahartola in khamhara,2024-09-06,22000,2024-10-14,22000,Sanction,Sanctioned - Not Completed,,,,38,,682.0,720.0,0,1.0,,False,False,True,True,True,True,True,True,True,True,True,True,False,False,False,0,100.0
WS/MP334/2024-2025/139317-Streetlights,Normal/Others,Jharkhand,GIRIDIH,Shri Chandra Prakash Choudhary,BOKARO(DEPUTY COMMISSIONER BOKARO_IDA),installation of solar street light near gandhouri ram house in karmatanr of khamhara,2024-09-06,22000,2024-10-14,22000,Sanction,Sanctioned - Not Completed,,,,38,,682.0,720.0,0,1.0,,False,False,True,True,True,True,True,True,True,True,True,True,False,False,False,0,100.0
WS/MP334/2024-2025/139318-Streetlights,Normal/Others,Jharkhand,GIRIDIH,Shri Chandra Prakash Choudhary,BOKARO(DEPUTY COMMISSIONER BOKARO_IDA),installation of solar street light near jagannath mahto house in akhada chowk in chute,2024-09-06,22000,2024-10-14,22000,Sanction,Sanctioned - Not Completed,,,,38,,682.0,720.0,0,1.0,,False,False,True,True,True,True,True,True,True,True,True,True,False,False,False,0,100.0
WS/MP334/2024-2025/139319-Streetlights,Normal/Others,Jharkhand,GIRIDIH,Shri Chandra Prakash Choudhary,BOKARO(DEPUTY COMMISSIONER BOKARO_IDA),installation of solar street light near santosh turi house in kharna village in chute,2024-09-06,22000,2024-10-14,22000,Sanction,Sanctioned - Not Completed,,,,38,,682.0,720.0,0,1.0,,False,False,True,True,True,True,True,True,True,True,True,True,False,False,False,0,100.0
WS/MP334/2024-2025/139320-Streetlights,Normal/Others,Jharkhand,GIRIDIH,Shri Chandra Prakash Choudhary,BOKARO(DEPUTY COMMISSIONER BOKARO_IDA),installation of solar street light near suresh karmali house in sewai village of chute,2024-09-06,22000,2024-10-14,22000,Sanction,Sanctioned - Not Completed,,,,38,,682.0,720.0,0,1.0,,False,False,True,True,True,True,True,True,True,True,True,True,False,False,False,0,100.0
WS/MP334/2024-2025/139321-Streetlights,Normal/Others,Jharkhand,GIRIDIH,Shri Chandra Prakash Choudhary,BOKARO(DEPUTY COMMISSIONER BOKARO_IDA),installation of solar street light near birsa turi house in kharna village in chute,2024-09-06,22000,2024-10-14,22000,Sanction,Sanctioned - Not Completed,,,,38,,682.0,720.0,0,1.0,,False,False,True,True,True,True,True,True,True,True,True,True,False,False,False,0,100.0
WS/MP334/2024-2025/139322-Streetlights,Normal/Others,Jharkhand,GIRIDIH,Shri Chandra Prakash Choudhary,BOKARO(DEPUTY COMMISSIONER BOKARO_IDA),installation of solar street light near chailiyatand chowk in barki chidri,2024-09-06,22000,2024-10-14,22000,Sanction,Sanctioned - Not Completed,,,,38,,682.0,720.0,0,1.0,,False,False,True,True,True,True,True,True,True,True,True,True,False,False,False,0,100.0
WS/MP334/2024-2025/139323-Streetlights,Normal/Others,Jharkhand,GIRIDIH,Shri Chandra Prakash Choudhary,BOKARO(DEPUTY COMMISSIONER BOKARO_IDA),installation of solar street light near shiv mandir of chidri village in barki chidri,2024-09-06,22000,2024-10-14,22000,Sanction,Sanctioned - Not Completed,,,,38,,682.0,720.0,0,1.0,,False,False,True,True,True,True,True,True,True,True,True,True,False,False,False,0,100.0
WS/MP334/2024-2025/139324-Streetlights,Normal/Others,Jharkhand,GIRIDIH,Shri Chandra Prakash Choudhary,BOKARO(DEPUTY COMMISSIONER BOKARO_IDA),installation of solar street light near kadhma main chowk in barki chidri,2024-09-06,22000,2024-10-14,22000,Sanction,Sanctioned - Not Completed,,,,38,,682.0,720.0,0,1.0,,False,False,True,True,True,True,True,True,True,True,True,True,False,False,False,0,100.0
WS/MP334/2024-2025/139325-Streetlights,Normal/Others,Jharkhand,GIRIDIH,Shri Chandra Prakash Choudhary,BOKARO(DEPUTY COMMISSIONER BOKARO_IDA),installation of solar street light near bajrang bali mandir in magha village of barki chidri.,2024-09-06,22000,2024-10-14,22000,Sanction,Sanctioned - Not Completed,,,,38,,682.0,720.0,0,1.0,,False,False,True,True,True,True,True,True,True,True,True,True,False,False,False,0,100.0
WS/MP334/2024-2025/139326-Streetlights,Normal/Others,Jharkhand,GIRIDIH,Shri Chandra Prakash Choudhary,BOKARO(DEPUTY COMMISSIONER BOKARO_IDA),installation of solar street light near hanuman mandir in tilaiya village of barki chidri,2024-09-06,22000,2024-10-14,22000,Sanction,Sanctioned - Not Completed,,,,38,,682.0,720.0,0,1.0,,False,False,True,True,True,True,True,True,True,True,True,True,False,False,False,0,100.0
WS/MP334/2024-2025/139327-Streetlights,Normal/Others,Jharkhand,GIRIDIH,Shri Chandra Prakash Choudhary,BOKARO(DEPUTY COMMISSIONER BOKARO_IDA),installation of solar street light near asanbeda chowk in barki chidri,2024-09-06,22000,2024-10-14,22000,Sanction,Sanctioned - Not Completed,,,,38,,682.0,720.0,0,1.0,,False,False,True,True,True,True,True,True,True,True,True,True,False,False,False,0,100.0
WS/MP334/2024-2025/139328-Streetlights,Normal/Others,Jharkhand,GIRIDIH,Shri Chandra Prakash Choudhary,BOKARO(DEPUTY COMMISSIONER BOKARO_IDA),installation of solar street light near community building in sasbeda adarshnagar,2024-09-06,22000,2024-10-14,22000,Sanction,Sanctioned - Not Completed,,,,38,,682.0,720.0,0,1.0,,False,False,True,True,True,True,True,True,True,True,True,True,False,False,False,0,100.0
WS/MP334/2024-2025/139329-Streetlights,Normal/Others,Jharkhand,GIRIDIH,Shri Chandra Prakash Choudhary,BOKARO(DEPUTY COMMISSIONER BOKARO_IDA),installation of solar street light near FCI godam in sasbeda main road in sasbeda purvi,2024-09-06,22000,2024-10-14,22000,Sanction,Sanctioned - Not Completed,,,,38,,682.0,720.0,0,1.0,,False,False,True,True,True,True,True,True,True,True,True,True,False,False,False,0,100.0
WS/MP334/2024-2025/139330-Streetlights,Normal/Others,Jharkhand,GIRIDIH,Shri Chandra Prakash Choudhary,BOKARO(DEPUTY COMMISSIONER BOKARO_IDA),installation of solar street light near sushil ram house in masjid colony in sasbeda east,2024-09-06,22000,2024-10-14,22000,Sanction,Sanctioned - Not Completed,,,,38,,682.0,720.0,0,1.0,,False,False,True,True,True,True,True,True,True,True,True,True,False,False,False,0,100.0
WS/MP334/2024-2025/139331-Streetlights,Normal/Others,Jharkhand,GIRIDIH,Shri Chandra Prakash Choudhary,BOKARO(DEPUTY COMMISSIONER BOKARO_IDA),installation of solar street light near kali mandir in government colony of sasbeda east,2024-09-06,22000,2024-10-14,22000,Sanction,Sanctioned - Not Completed,,,,38,,682.0,720.0,0,1.0,,False,False,True,True,True,True,True,True,True,True,True,True,False,False,False,0,100.0
WS/MP334/2024-2025/139332-Streetlights,Normal/Others,Jharkhand,GIRIDIH,Shri Chandra Prakash Choudhary,BOKARO(DEPUTY COMMISSIONER BOKARO_IDA),installation of solar street light near binod varma house in shiv mandir mohalla in sasbeda west,2024-09-06,22000,2024-10-14,22000,Sanction,Sanctioned - Not Completed,,,,38,,682.0,720.0,0,1.0,,False,False,True,True,True,True,True,True,True,True,True,True,False,False,False,0,100.0
WS/MP334/2024-2025/139333-Streetlights,Normal/Others,Jharkhand,GIRIDIH,Shri Chandra Prakash Choudhary,BOKARO(DEPUTY COMMISSIONER BOKARO_IDA),installation of solar street light near ramvaran prasad house in shiv mandir road in sasbeda west,2024-09-06,22000,2024-10-14,22000,Sanction,Sanctioned - Not Completed,,,,38,,682.0,720.0,0,1.0,,False,False,True,True,True,True,True,True,True,True,True,True,False,False,False,0,100.0
WS/MP334/2024-2025/139334-Streetlights,Normal/Others,Jharkhand,GIRIDIH,Shri Chandra Prakash Choudhary,BOKARO(DEPUTY COMMISSIONER BOKARO_IDA),installation of solar street light near animal hospital in BDO road insasbeda west,2024-09-06,22000,2024-10-14,22000,Sanction,Sanctioned - Not Completed,,,,38,,682.0,720.0,0,1.0,,False,False,True,True,True,True,True,True,True,True,True,True,False,False,False,0,100.0
WS/MP334/2024-2025/139335-Streetlights,Normal/Others,Jharkhand,GIRIDIH,Shri Chandra Prakash Choudhary,BOKARO(DEPUTY COMMISSIONER BOKARO_IDA),installation of solar street light near laxman khatal in BDO road in sasbeda west,2024-09-06,22000,2024-10-14,22000,Sanction,Sanctioned - Not Completed,,,,38,,682.0,720.0,0,1.0,,False,False,True,True,True,True,True,True,True,True,True,True,False,False,False,0,100.0
WS/MP334/2024-2025/139336-Streetlights,Normal/Others,Jharkhand,GIRIDIH,Shri Chandra Prakash Choudhary,BOKARO(DEPUTY COMMISSIONER BOKARO_IDA),installation of solar street light near ranjit mohsin house in gomia cinema hall in palihari gurudih,2024-09-06,22000,2024-10-14,22000,Sanction,Sanctioned - Not Completed,,,,38,,682.0,720.0,0,1.0,,False,False,True,True,True,True,True,True,True,True,True,True,False,False,False,0,100.0
WS/MP334/2024-2025/139337-Streetlights,Normal/Others,Jharkhand,GIRIDIH,Shri Chandra Prakash Choudhary,BOKARO(DEPUTY COMMISSIONER BOKARO_IDA),installation of solar street light near gomia pramukh gali in palihari gurudih,2024-09-06,22000,2024-10-14,22000,Sanction,Sanctioned - Not Completed,,,,38,,682.0,720.0,0,1.0,,False,False,True,True,True,True,True,True,True,True,True,True,False,False,False,0,100.0
WS/MP334/2024-2025/139338-Streetlights,Normal/Others,Jharkhand,GIRIDIH,Shri Chandra Prakash Choudhary,BOKARO(DEPUTY COMMISSIONER BOKARO_IDA),installation of solar street light near latkuta basti chouraha in palihari gurudih,2024-09-06,22000,2024-10-14,22000,Sanction,Sanctioned - Not Completed,,,,38,,682.0,720.0,0,1.0,,False,False,True,True,True,True,True,True,True,True,True,True,False,False,False,0,100.0
WS/MP334/2024-2025/139339-Streetlights,Normal/Others,Jharkhand,GIRIDIH,Shri Chandra Prakash Choudhary,BOKARO(DEPUTY COMMISSIONER BOKARO_IDA),installation of solar street light near madaiya mandir in latkutta basti of palihari gurudih,2024-09-06,22000,2024-10-14,22000,Sanction,Sanctioned - Not Completed,,,,38,,682.0,720.0,0,1.0,,False,False,True,True,True,True,True,True,True,True,True,True,False,False,False,0,100.0
WS/MP334/2024-2025/139340-Streetlights,Normal/Others,Jharkhand,GIRIDIH,Shri Chandra Prakash Choudhary,BOKARO(DEPUTY COMMISSIONER BOKARO_IDA),installation of solar street light near bajrangbali mandir in purana cinema hall,2024-09-06,22000,2024-10-14,22000,Sanction,Sanctioned - Not Completed,,,,38,,682.0,720.0,0,1.0,,False,False,True,True,True,True,True,True,True,True,True,True,False,False,False,0,100.0
WS/MP334/2024-2025/139341-Streetlights,Normal/Others,Jharkhand,GIRIDIH,Shri Chandra Prakash Choudhary,BOKARO(DEPUTY COMMISSIONER BOKARO_IDA),installation of solar street light near madhya durga mandir to bajaar basti road in gomiya,2024-09-06,22000,2024-10-14,22000,Sanction,Sanctioned - Not Completed,,,,38,,682.0,720.0,0,1.0,,False,False,True,True,True,True,True,True,True,True,True,True,False,False,False,0,100.0
WS/MP334/2024-2025/139342-Streetlights,Normal/Others,Jharkhand,GIRIDIH,Shri Chandra Prakash Choudhary,BOKARO(DEPUTY COMMISSIONER BOKARO_IDA),installation of solar street light near gumia choudhary tola chowk in gomia,2024-09-06,22000,2024-10-14,22000,Sanction,Sanctioned - Not Completed,,,,38,,682.0,720.0,0,1.0,,False,False,True,True,True,True,True,True,True,True,True,True,False,False,False,0,100.0
WS/MP334/2024-2025/139343-Streetlights,Normal/Others,Jharkhand,GIRIDIH,Shri Chandra Prakash Choudhary,BOKARO(DEPUTY COMMISSIONER BOKARO_IDA),installation of solar street light near gandhuniya aahra taalab road in gumia,2024-09-06,22000,2024-10-14,22000,Sanction,Sanctioned - Not Completed,,,,38,,682.0,720.0,0,1.0,,False,False,True,True,True,True,True,True,True,True,True,True,False,False,False,0,100.0
WS/MP334/2024-2025/139344-Streetlights,Normal/Others,Jharkhand,GIRIDIH,Shri Chandra Prakash Choudhary,BOKARO(DEPUTY COMMISSIONER BOKARO_IDA),installation of solar street light near bokha khocha in padaria basti in gumia,2024-09-06,22000,2024-10-14,22000,Sanction,Sanctioned - Not Completed,,,,38,,682.0,720.0,0,1.0,,False,False,True,True,True,True,True,True,True,True,True,True,False,False,False,0,100.0
WS/MP334/2024-2025/139345-Streetlights,Normal/Others,Jharkhand,GIRIDIH,Shri Chandra Prakash Choudhary,BOKARO(DEPUTY COMMISSIONER BOKARO_IDA),installation of solar street light near modi tola and bhuiya tola in gumia,2024-09-06,22000,2024-10-14,22000,Sanction,Sanctioned - Not Completed,,,,38,,682.0,720.0,0,1.0,,False,False,True,True,True,True,True,True,True,True,True,True,False,False,False,0,100.0
WS/MP334/2024-2025/139369-Streetlights,Normal/Others,Jharkhand,GIRIDIH,Shri Chandra Prakash Choudhary,BOKARO(DEPUTY COMMISSIONER BOKARO_IDA),installation of solar street light near sunditola hari mandir in tulbul,2024-09-06,22000,2024-10-14,22000,Sanction,Sanctioned - Not Completed,,,,38,,682.0,720.0,0,1.0,,False,False,True,True,True,True,True,True,True,True,True,True,False,False,False,0,100.0
WS/MP334/2024-2025/139370-Streetlights,Normal/Others,Jharkhand,GIRIDIH,Shri Chandra Prakash Choudhary,BOKARO(DEPUTY COMMISSIONER BOKARO_IDA),installation of solar street light near kauleshwar saw house in tulbul.,2024-09-06,22000,2024-10-14,22000,Sanction,Sanctioned - Not Completed,,,,38,,682.0,720.0,0,1.0,,False,False,True,True,True,True,True,True,True,True,True,True,False,False,False,0,100.0
WS/MP334/2024-2025/139371-Streetlights,Normal/Others,Jharkhand,GIRIDIH,Shri Chandra Prakash Choudhary,BOKARO(DEPUTY COMMISSIONER BOKARO_IDA),installation of solar street light near bilhor tanda mantu saw house in tulbul.,2024-09-06,22000,2024-10-09,22000,Sanction,Sanctioned - Not Completed,,,,33,,687.0,720.0,0,1.0,,False,False,True,True,True,True,True,True,True,True,True,True,False,False,False,0,100.0
WS/MP334/2024-2025/139372-Streetlights,Normal/Others,Jharkhand,GIRIDIH,Shri Chandra Prakash Choudhary,BOKARO(DEPUTY COMMISSIONER BOKARO_IDA),installation of solar street light near charchariya mandir in kodwatand,2024-09-06,22000,2024-10-09,22000,Sanction,Sanctioned - Not Completed,,,,33,,687.0,720.0,0,1.0,,False,False,True,True,True,True,True,True,True,True,True,True,False,False,False,0,100.0
WS/MP334/2024-2025/139373-Streetlights,Normal/Others,Jharkhand,GIRIDIH,Shri Chandra Prakash Choudhary,BOKARO(DEPUTY COMMISSIONER BOKARO_IDA),installation of solar street light near bindeshwar saw house in kodwatand.,2024-09-06,22000,2024-10-09,22000,Sanction,Sanctioned - Not Completed,,,,33,,687.0,720.0,0,1.0,,False,False,True,True,True,True,True,True,True,True,True,True,False,False,False,0,100.0
WS/MP334/2024-2025/139374-Streetlights,Normal/Others,Jharkhand,GIRIDIH,Shri Chandra Prakash Choudhary,BOKARO(DEPUTY COMMISSIONER BOKARO_IDA),installation of solar street light near jarwatand sushil house in kodwatand,2024-09-06,22000,2024-10-09,22000,Sanction,Sanctioned - Not Completed,,,,33,,687.0,720.0,0,1.0,,False,False,True,True,True,True,True,True,True,True,True,True,False,False,False,0,100.0
WS/MP334/2024-2025/139375-Streetlights,Normal/Others,Jharkhand,GIRIDIH,Shri Chandra Prakash Choudhary,BOKARO(DEPUTY COMMISSIONER BOKARO_IDA),installation of solar street light near rajendra ram house in kodwatand,2024-09-06,22000,2024-10-09,22000,Sanction,Sanctioned - Not Completed,,,,33,,687.0,720.0,0,1.0,,False,False,True,True,True,True,True,True,True,True,True,True,False,False,False,0,100.0
WS/MP334/2024-2025/139376-Streetlights,Normal/Others,Jharkhand,GIRIDIH,Shri Chandra Prakash Choudhary,BOKARO(DEPUTY COMMISSIONER BOKARO_IDA),installation of solar street light near gujrukunda aanganwadi kendra in kunda,2024-09-06,22000,2024-10-09,22000,Sanction,Sanctioned - Not Completed,,,,33,,687.0,720.0,0,1.0,,False,False,True,True,True,True,True,True,True,True,True,True,False,False,False,0,100.0
WS/MP334/2024-2025/139377-Streetlights,Normal/Others,Jharkhand,GIRIDIH,Shri Chandra Prakash Choudhary,BOKARO(DEPUTY COMMISSIONER BOKARO_IDA),installation of solar street light near gujrukunda ambedkar bhawan in kunda,2024-09-06,22000,2024-10-09,22000,Sanction,Sanctioned - Not Completed,,,,33,,687.0,720.0,0,1.0,,False,False,True,True,True,True,True,True,True,True,True,True,False,False,False,0,100.0
WS/MP334/2024-2025/139378-Streetlights,Normal/Others,Jharkhand,GIRIDIH,Shri Chandra Prakash Choudhary,BOKARO(DEPUTY COMMISSIONER BOKARO_IDA),installation of solar street light near bhagwan das house in gujru kunda in kunda,2024-09-06,22000,2024-10-09,22000,Sanction,Sanctioned - Not Completed,,,,33,,687.0,720.0,0,1.0,,False,False,True,True,True,True,True,True,True,True,True,True,False,False,False,0,100.0
WS/MP334/2024-2025/139379-Streetlights,Normal/Others,Jharkhand,GIRIDIH,Shri Chandra Prakash Choudhary,BOKARO(DEPUTY COMMISSIONER BOKARO_IDA),installation of solar street light near shiv mandir tirla in baridari.,2024-09-06,22000,2024-10-09,22000,Sanction,Sanctioned - Not Completed,,,,33,,687.0,720.0,0,1.0,,False,False,True,True,True,True,True,True,True,True,True,True,False,False,False,0,100.0
WS/MP334/2024-2025/139380-Streetlights,Normal/Others,Jharkhand,GIRIDIH,Shri Chandra Prakash Choudhary,BOKARO(DEPUTY COMMISSIONER BOKARO_IDA),installation of solar street light near birendra prasad house in baridari.,2024-09-06,22000,2024-10-09,22000,Sanction,Sanctioned - Not Completed,,,,33,,687.0,720.0,0,1.0,,False,False,True,True,True,True,True,True,True,True,True,True,False,False,False,0,100.0
WS/MP334/2024-2025/139381-Streetlights,Normal/Others,Jharkhand,GIRIDIH,Shri Chandra Prakash Choudhary,BOKARO(DEPUTY COMMISSIONER BOKARO_IDA),installation of solar street light near ramsundar mahto house chugnu in baridari.,2024-09-06,22000,2024-10-09,22000,Sanction,Sanctioned - Not Completed,,,,33,,687.0,720.0,0,1.0,,False,False,True,True,True,True,True,True,True,True,True,True,False,False,False,0,100.0
WS/MP334/2024-2025/139382-Streetlights,Normal/Others,Jharkhand,GIRIDIH,Shri Chandra Prakash Choudhary,BOKARO(DEPUTY COMMISSIONER BOKARO_IDA),installation of solar street light near awadhesh prasad house in baridari.,2024-09-06,22000,2024-10-09,22000,Sanction,Sanctioned - Not Completed,,,,33,,687.0,720.0,0,1.0,,False,False,True,True,True,True,True,True,True,True,True,True,False,False,False,0,100.0
WS/MP334/2024-2025/139383-Streetlights,Normal/Others,Jharkhand,GIRIDIH,Shri Chandra Prakash Choudhary,BOKARO(DEPUTY COMMISSIONER BOKARO_IDA),installation of solar street light near 7 star vidya public school (umashankar prasad) in barki punu,2024-09-06,22000,2024-10-09,22000,Sanction,Sanctioned - Not Completed,,,,33,,687.0,720.0,0,1.0,,False,False,True,True,True,True,True,True,True,True,True,True,False,False,False,0,100.0
WS/MP334/2024-2025/139456-Streetlights,Normal/Others,Jharkhand,GIRIDIH,Shri Chandra Prakash Choudhary,BOKARO(DEPUTY COMMISSIONER BOKARO_IDA),installation of solar street light near rajrappa road arjun saw house in barkipunu,2024-09-06,22000,2024-10-09,22000,Sanction,Sanctioned - Not Completed,,,,33,,687.0,720.0,0,1.0,,False,False,True,True,True,True,True,True,True,True,True,True,False,False,False,0,100.0
WS/MP334/2024-2025/139457-Streetlights,Normal/Others,Jharkhand,GIRIDIH,Shri Chandra Prakash Choudhary,BOKARO(DEPUTY COMMISSIONER BOKARO_IDA),installation of solar street light near murli prajapati house bajrangbali in barkipunu,2024-09-06,22000,2024-10-09,22000,Sanction,Sanctioned - Not Completed,,,,33,,687.0,720.0,0,1.0,,False,False,True,True,True,True,True,True,True,True,True,True,False,False,False,0,100.0
WS/MP334/2024-2025/139458-Streetlights,Normal/Others,Jharkhand,GIRIDIH,Shri Chandra Prakash Choudhary,BOKARO(DEPUTY COMMISSIONER BOKARO_IDA),installation of solar street light near tarkeshwar prasad dawa dukar in barkipunu,2024-09-06,22000,2024-10-09,22000,Sanction,Sanctioned - Not Completed,,,,33,,687.0,720.0,0,1.0,,False,False,True,True,True,True,True,True,True,True,True,True,False,False,False,0,100.0
WS/MP334/2024-2025/139459-Streetlights,Normal/Others,Jharkhand,GIRIDIH,Shri Chandra Prakash Choudhary,BOKARO(DEPUTY COMMISSIONER BOKARO_IDA),installation of solar street light near premlal saw house in barkipunu,2024-09-06,22000,2024-10-09,22000,Sanction,Sanctioned - Not Completed,,,,33,,687.0,720.0,0,1.0,,False,False,True,True,True,True,True,True,True,True,True,True,False,False,False,0,100.0
WS/MP334/2024-2025/139460-Streetlights,Normal/Others,Jharkhand,GIRIDIH,Shri Chandra Prakash Choudhary,BOKARO(DEPUTY COMMISSIONER BOKARO_IDA),installation of solar street light near damodar dealer house in barkipunu.,2024-09-06,22000,2024-10-09,22000,Sanction,Sanctioned - Not Completed,,,,33,,687.0,720.0,0,1.0,,False,False,True,True,True,True,True,True,True,True,True,True,False,False,False,0,100.0
WS/MP334/2024-2025/139461-Streetlights,Normal/Others,Jharkhand,GIRIDIH,Shri Chandra Prakash Choudhary,BOKARO(DEPUTY COMMISSIONER BOKARO_IDA),installation of solar street light near ramchandra saw house mansa mandir in barkipunu,2024-09-06,22000,2024-10-09,22000,Sanction,Sanctioned - Not Completed,,,,33,,687.0,720.0,0,1.0,,False,False,True,True,True,True,True,True,True,True,True,True,False,False,False,0,100.0
WS/MP334/2024-2025/139462-Streetlights,Normal/Others,Jharkhand,GIRIDIH,Shri Chandra Prakash Choudhary,BOKARO(DEPUTY COMMISSIONER BOKARO_IDA),installation of solar street light near bajrangbali mandir haridgadda negachari karmali house in dhawaiya,2024-09-06,22000,2024-10-09,22000,Sanction,Sanctioned - Not Completed,,,,33,,687.0,720.0,0,1.0,,False,False,True,True,True,True,True,True,True,True,True,True,False,False,False,0,100.0
WS/MP334/2024-2025/139463-Streetlights,Normal/Others,Jharkhand,GIRIDIH,Shri Chandra Prakash Choudhary,BOKARO(DEPUTY COMMISSIONER BOKARO_IDA),installation of solar street light near kander bazaartand in kander,2024-09-06,22000,2024-10-09,22000,Sanction,Sanctioned - Not Completed,,,,33,,687.0,720.0,0,1.0,,False,False,True,True,True,True,True,True,True,True,True,True,False,False,False,0,100.0
WS/MP334/2024-2025/139464-Streetlights,Normal/Others,Jharkhand,GIRIDIH,Shri Chandra Prakash Choudhary,BOKARO(DEPUTY COMMISSIONER BOKARO_IDA),installation of solar street light near mahto tola karma akhada in kander,2024-09-06,22000,2024-10-09,22000,Sanction,Sanctioned - Not Completed,,,,33,,687.0,720.0,0,1.0,,False,False,True,True,True,True,True,True,True,True,True,True,False,False,False,0,100.0
WS/MP334/2024-2025/139465-Streetlights,Normal/Others,Jharkhand,GIRIDIH,Shri Chandra Prakash Choudhary,BOKARO(DEPUTY COMMISSIONER BOKARO_IDA),installation of solar street light near bajrangbali mandir lohbonwa in kander,2024-09-06,22000,2024-10-09,22000,Sanction,Sanctioned - Not Completed,,,,33,,687.0,720.0,0,1.0,,False,False,True,True,True,True,True,True,True,True,True,True,False,False,False,0,100.0
WS/MP334/2024-2025/139466-Streetlights,Normal/Others,Jharkhand,GIRIDIH,Shri Chandra Prakash Choudhary,BOKARO(DEPUTY COMMISSIONER BOKARO_IDA),installation of solar street light near darhabeda karma akhada in kander,2024-09-06,22000,2024-10-09,22000,Sanction,Sanctioned - Not Completed,,,,33,,687.0,720.0,0,1.0,,False,False,True,True,True,True,True,True,True,True,True,True,False,False,False,0,100.0
WS/MP334/2024-2025/139467-Streetlights,Normal/Others,Jharkhand,GIRIDIH,Shri Chandra Prakash Choudhary,BOKARO(DEPUTY COMMISSIONER BOKARO_IDA),installation of solar street light near bajrang bali mandir tirathnath mahto house in kander,2024-09-06,22000,2024-10-09,22000,Sanction,Sanctioned - Not Completed,,,,33,,687.0,720.0,0,1.0,,False,False,True,True,True,True,True,True,True,True,True,True,False,False,False,0,100.0
WS/MP334/2024-2025/139468-Streetlights,Normal/Others,Jharkhand,GIRIDIH,Shri Chandra Prakash Choudhary,BOKARO(DEPUTY COMMISSIONER BOKARO_IDA),installation of solar street light near gudemal kewat house in mahhuatanr,2024-09-06,22000,2024-10-09,22000,Sanction,Sanctioned - Not Completed,,,,33,,687.0,720.0,0,1.0,,False,False,True,True,True,True,True,True,True,True,True,True,False,False,False,0,100.0
WS/MP334/2024-2025/139469-Streetlights,Normal/Others,Jharkhand,GIRIDIH,Shri Chandra Prakash Choudhary,BOKARO(DEPUTY COMMISSIONER BOKARO_IDA),installation of solar street light near shiv mandir in mahuatanr,2024-09-06,22000,2024-10-09,22000,Sanction,Sanctioned - Not Completed,,,,33,,687.0,720.0,0,1.0,,False,False,True,True,True,True,True,True,True,True,True,True,False,False,False,0,100.0
WS/MP334/2024-2025/139470-Streetlights,Normal/Others,Jharkhand,GIRIDIH,Shri Chandra Prakash Choudhary,BOKARO(DEPUTY COMMISSIONER BOKARO_IDA),installation of solar street light near bajrangbali mandir in mahuatanr,2024-09-06,22000,2024-10-09,22000,Sanction,Sanctioned - Not Completed,,,,33,,687.0,720.0,0,1.0,,False,False,True,True,True,True,True,True,True,True,True,True,False,False,False,0,100.0
WS/MP334/2024-2025/139475-Streetlights,Normal/Others,Jharkhand,GIRIDIH,Shri Chandra Prakash Choudhary,BOKARO(DEPUTY COMMISSIONER BOKARO_IDA),installation of solar street light near jhumra pahad gangadhar house in pachmo,2024-09-06,22000,2024-10-09,22000,Sanction,Sanctioned - Not Completed,,,,33,,687.0,720.0,0,1.0,,False,False,True,True,True,True,True,True,True,True,True,True,False,False,False,0,100.0
WS/MP334/2024-2025/139476-Streetlights,Normal/Others,Jharkhand,GIRIDIH,Shri Chandra Prakash Choudhary,BOKARO(DEPUTY COMMISSIONER BOKARO_IDA),installation of solar street light near bisheshwar mahto house in jhumra pahad in pachmo,2024-09-06,22000,2024-10-09,22000,Sanction,Sanctioned - Not Completed,,,,33,,687.0,720.0,0,1.0,,False,False,True,True,True,True,True,True,True,True,True,True,False,False,False,0,100.0
WS/MP334/2024-2025/139477-Streetlights,Normal/Others,Jharkhand,GIRIDIH,Shri Chandra Prakash Choudhary,BOKARO(DEPUTY COMMISSIONER BOKARO_IDA),installation of solar street light near jamini jara bhuneshwar mahto house in pachmo.,2024-09-06,22000,2024-10-09,22000,Sanction,Sanctioned - Not Completed,,,,33,,687.0,720.0,0,1.0,,False,False,True,True,True,True,True,True,True,True,True,True,False,False,False,0,100.0
WS/MP334/2024-2025/139478-Streetlights,Normal/Others,Jharkhand,GIRIDIH,Shri Chandra Prakash Choudhary,BOKARO(DEPUTY COMMISSIONER BOKARO_IDA),installation of solar street light near dania borwa paani tola in tilaiya panchayat,2024-09-06,22000,2024-10-09,22000,Sanction,Sanctioned - Not Completed,,,,33,,687.0,720.0,0,1.0,,False,False,True,True,True,True,True,True,True,True,True,True,False,False,False,0,100.0
WS/MP334/2024-2025/139479-Streetlights,Normal/Others,Jharkhand,GIRIDIH,Shri Chandra Prakash Choudhary,BOKARO(DEPUTY COMMISSIONER BOKARO_IDA),installation of solar street light near dania durga mandir in tilaiya,2024-09-06,22000,2024-10-09,22000,Sanction,Sanctioned - Not Completed,,,,33,,687.0,720.0,0,1.0,,False,False,True,True,True,True,True,True,True,True,True,True,False,False,False,0,100.0
WS/MP334/2024-2025/139481-Streetlights,Normal/Others,Jharkhand,GIRIDIH,Shri Chandra Prakash Choudhary,BOKARO(DEPUTY COMMISSIONER BOKARO_IDA),installation of solar street light near dania shiv mandir in tilaiya.,2024-09-06,22000,2024-10-09,22000,Sanction,Sanctioned - Not Completed,,,,33,,687.0,720.0,0,1.0,,False,False,True,True,True,True,True,True,True,True,True,True,False,False,False,0,100.0
WS/MP334/2024-2025/139482-Streetlights,Normal/Others,Jharkhand,GIRIDIH,Shri Chandra Prakash Choudhary,BOKARO(DEPUTY COMMISSIONER BOKARO_IDA),installation of solar street light near dania bajrangbali mandir in tilaiya,2024-09-06,22000,2024-10-09,22000,Sanction,Sanctioned - Not Completed,,,,33,,687.0,720.0,0,1.0,,False,False,True,True,True,True,True,True,True,True,True,True,False,False,False,0,100.0
WS/MP334/2024-2025/139483-Streetlights,Normal/Others,Jharkhand,GIRIDIH,Shri Chandra Prakash Choudhary,BOKARO(DEPUTY COMMISSIONER BOKARO_IDA),installation of solar street light near dakasadam bajrang bali mandir in tilaiya.,2024-09-06,22000,2024-10-09,22000,Sanction,Sanctioned - Not Completed,,,,33,,687.0,720.0,0,1.0,,False,False,True,True,True,True,True,True,True,True,True,True,False,False,False,0,100.0
WS/MP334/2024-2025/139484-Streetlights,Normal/Others,Jharkhand,GIRIDIH,Shri Chandra Prakash Choudhary,BOKARO(DEPUTY COMMISSIONER BOKARO_IDA),installation of solar street light near tilaiya shiv mandir in tilaiya.,2024-09-06,22000,2024-10-08,22000,Sanction,Sanctioned - Not Completed,,,,32,,688.0,720.0,0,1.0,,False,False,True,True,True,True,True,True,True,True,True,True,False,False,False,0,100.0
WS/MP334/2024-2025/139485-Streetlights,Normal/Others,Jharkhand,GIRIDIH,Shri Chandra Prakash Choudhary,BOKARO(DEPUTY COMMISSIONER BOKARO_IDA),installation of solar street light near tilaiya bajrangbali mandir in tilaiya,2024-09-06,22000,2024-10-08,22000,Sanction,Sanctioned - Not Completed,,,,32,,688.0,720.0,0,1.0,,False,False,True,True,True,True,True,True,True,True,True,True,False,False,False,0,100.0
WS/MP334/2024-2025/139487-Streetlights,Normal/Others,Jharkhand,GIRIDIH,Shri Chandra Prakash Choudhary,BOKARO(DEPUTY COMMISSIONER BOKARO_IDA),installation of solar street light near dania sarna sthal in tilaiya.,2024-09-06,22000,2024-10-08,22000,Sanction,Sanctioned - Not Completed,,,,32,,688.0,720.0,0,1.0,,False,False,True,True,True,True,True,True,True,True,True,True,False,False,False,0,100.0
WS/MP334/2024-2025/139488-Streetlights,Normal/Others,Jharkhand,GIRIDIH,Shri Chandra Prakash Choudhary,BOKARO(DEPUTY COMMISSIONER BOKARO_IDA),installation of solar street light near phutkadih shiv mandir in tikahara.,2024-09-06,22000,2024-10-08,22000,Sanction,Sanctioned - Not Completed,,,,32,,688.0,720.0,0,1.0,,False,False,True,True,True,True,True,True,True,True,True,True,False,False,False,0,100.0
WS/MP334/2024-2025/139490-Streetlights,Normal/Others,Jharkhand,GIRIDIH,Shri Chandra Prakash Choudhary,BOKARO(DEPUTY COMMISSIONER BOKARO_IDA),installation of solar street light near hazari mod shiv mandir in swang south panchayat,2024-09-06,22000,2024-10-08,22000,Sanction,Sanctioned - Not Completed,,,,32,,688.0,720.0,0,1.0,,False,False,True,True,True,True,True,True,True,True,True,True,False,False,False,0,100.0
WS/MP334/2024-2025/139491-Streetlights,Normal/Others,Jharkhand,GIRIDIH,Shri Chandra Prakash Choudhary,BOKARO(DEPUTY COMMISSIONER BOKARO_IDA),installation of solar street light near patwa basti durga mandap in hazari panchayat.,2024-09-06,22000,2024-10-08,22000,Sanction,Sanctioned - Not Completed,,,,32,,688.0,720.0,0,1.0,,False,False,True,True,True,True,True,True,True,True,True,True,False,False,False,0,100.0
WS/MP334/2024-2025/139492-Streetlights,Normal/Others,Jharkhand,GIRIDIH,Shri Chandra Prakash Choudhary,BOKARO(DEPUTY COMMISSIONER BOKARO_IDA),installation of solar street light near hazari vaidh tola mansa mandir in hazari,2024-09-06,22000,2024-10-08,22000,Sanction,Sanctioned - Not Completed,,,,32,,688.0,720.0,0,1.0,,False,False,True,True,True,True,True,True,True,True,True,True,False,False,False,0,100.0
WS/MP334/2024-2025/139493-Streetlights,Normal/Others,Jharkhand,GIRIDIH,Shri Chandra Prakash Choudhary,BOKARO(DEPUTY COMMISSIONER BOKARO_IDA),installation of solar street light near hazari bajrang bali mandir in hazari,2024-09-06,22000,2024-10-08,22000,Sanction,Sanctioned - Not Completed,,,,32,,688.0,720.0,0,1.0,,False,False,True,True,True,True,True,True,True,True,True,True,False,False,False,0,100.0
WS/MP334/2024-2025/139494-Streetlights,Normal/Others,Jharkhand,GIRIDIH,Shri Chandra Prakash Choudhary,BOKARO(DEPUTY COMMISSIONER BOKARO_IDA),installation of solar street light near kathara 4 number durga mandap in kathara.,2024-09-06,22000,2024-10-08,22000,Vendor Identification,Sanctioned - Not Completed,,,,32,,688.0,720.0,0,1.0,,False,False,True,True,True,True,True,True,True,True,True,True,False,False,False,0,100.0
WS/MP334/2024-2025/139743-Streetlights,Normal/Others,Jharkhand,GIRIDIH,Shri Chandra Prakash Choudhary,BOKARO(DEPUTY COMMISSIONER BOKARO_IDA),installation of solar street light near bandh basti kali mandir in bandh,2024-09-09,22000,2024-10-08,22000,Sanction,Sanctioned - Not Completed,,,,29,,688.0,717.0,0,1.0,,False,False,True,True,True,True,True,True,True,True,True,True,False,False,False,0,100.0
WS/MP334/2024-2025/139744-Streetlights,Normal/Others,Jharkhand,GIRIDIH,Shri Chandra Prakash Choudhary,BOKARO(DEPUTY COMMISSIONER BOKARO_IDA),installation of solar street light near durga mandap tenughat 2 number in sahrachiya,2024-09-09,22000,2024-10-08,22000,Sanction,Sanctioned - Not Completed,,,,29,,688.0,717.0,0,1.0,,False,False,True,True,True,True,True,True,True,True,True,True,False,False,False,0,100.0
WS/MP334/2024-2025/139745-Streetlights,Normal/Others,Jharkhand,GIRIDIH,Shri Chandra Prakash Choudhary,BOKARO(DEPUTY COMMISSIONER BOKARO_IDA),installation of solar street light near durga mandap bangali tola in saram west,2024-09-09,22000,2024-10-08,22000,Sanction,Sanctioned - Not Completed,,,,29,,688.0,717.0,0,1.0,,False,False,True,True,True,True,True,True,True,True,True,True,False,False,False,0,100.0
WS/MP334/2024-2025/139746-Streetlights,Normal/Others,Jharkhand,GIRIDIH,Shri Chandra Prakash Choudhary,BOKARO(DEPUTY COMMISSIONER BOKARO_IDA),installation of solar street light near budhwa mahadev in saram bazar,2024-09-09,22000,2024-10-08,22000,Sanction,Sanctioned - Not Completed,,,,29,,688.0,717.0,0,1.0,,False,False,True,True,True,True,True,True,True,True,True,True,False,False,False,0,100.0
WS/MP334/2024-2025/139747-Streetlights,Normal/Others,Jharkhand,GIRIDIH,Shri Chandra Prakash Choudhary,BOKARO(DEPUTY COMMISSIONER BOKARO_IDA),installation of solar street light near kali mandap in hosir west,2024-09-09,22000,2024-10-08,22000,Sanction,Sanctioned - Not Completed,,,,29,,688.0,717.0,0,1.0,,False,False,True,True,True,True,True,True,True,True,True,True,False,False,False,0,100.0
WS/MP334/2024-2025/139748-Streetlights,Normal/Others,Jharkhand,GIRIDIH,Shri Chandra Prakash Choudhary,BOKARO(DEPUTY COMMISSIONER BOKARO_IDA),installation of solar street light near bajrangbali mandir purana minus in swang north,2024-09-09,22000,2024-10-08,22000,Sanction,Sanctioned - Not Completed,,,,29,,688.0,717.0,0,1.0,,False,False,True,True,True,True,True,True,True,True,True,True,False,False,False,0,100.0
WS/MP334/2024-2025/139749-Streetlights,Normal/Others,Jharkhand,GIRIDIH,Shri Chandra Prakash Choudhary,BOKARO(DEPUTY COMMISSIONER BOKARO_IDA),installation of solar street light near shiv mandir pipradih in swang north,2024-09-09,22000,2024-10-08,22000,Sanction,Sanctioned - Not Completed,,,,29,,688.0,717.0,0,1.0,,False,False,True,True,True,True,True,True,True,True,True,True,False,False,False,0,100.0
WS/MP334/2024-2025/139750-Streetlights,Normal/Others,Jharkhand,GIRIDIH,Shri Chandra Prakash Choudhary,BOKARO(DEPUTY COMMISSIONER BOKARO_IDA),installation of solar street light near prakhand colony visheshwar dham mandir in sadma kala.,2024-09-09,22000,2024-10-08,22000,Sanction,Sanctioned - Not Completed,,,,29,,688.0,717.0,0,1.0,,False,False,True,True,True,True,True,True,True,True,True,True,False,False,False,0,100.0
WS/MP334/2024-2025/139751-Streetlights,Normal/Others,Jharkhand,GIRIDIH,Shri Chandra Prakash Choudhary,BOKARO(DEPUTY COMMISSIONER BOKARO_IDA),installation of solar street light near ram mandir brajesh mishra house in sadma kalan.,2024-09-09,22000,2024-10-08,22000,Sanction,Sanctioned - Not Completed,,,,29,,688.0,717.0,0,1.0,,False,False,True,True,True,True,True,True,True,True,True,True,False,False,False,0,100.0
WS/MP334/2024-2025/139752-Streetlights,Normal/Others,Jharkhand,GIRIDIH,Shri Chandra Prakash Choudhary,BOKARO(DEPUTY COMMISSIONER BOKARO_IDA),installation of solar street light near pordaag kali mandir mahto tola in sadma kalan,2024-09-09,22000,2024-10-08,22000,Sanction,Sanctioned - Not Completed,,,,29,,688.0,717.0,0,1.0,,False,False,True,True,True,True,True,True,True,True,True,True,False,False,False,0,100.0
WS/MP334/2024-2025/139753-Streetlights,Normal/Others,Jharkhand,GIRIDIH,Shri Chandra Prakash Choudhary,BOKARO(DEPUTY COMMISSIONER BOKARO_IDA),installation of solar street light near shiv mandir takaha in sadma kalan.,2024-09-09,22000,2024-10-08,22000,Sanction,Sanctioned - Not Completed,,,,29,,688.0,717.0,0,1.0,,False,False,True,True,True,True,True,True,True,True,True,True,False,False,False,0,100.0
WS/MP334/2024-2025/139754-Streetlights,Normal/Others,Jharkhand,GIRIDIH,Shri Chandra Prakash Choudhary,BOKARO(DEPUTY COMMISSIONER BOKARO_IDA),installation of solar street light near kali mandir dilip pandey house in sadma kalan.,2024-09-09,22000,2024-10-08,22000,Sanction,Sanctioned - Not Completed,,,,29,,688.0,717.0,0,1.0,,False,False,True,True,True,True,True,True,True,True,True,True,False,False,False,0,100.0
WS/MP334/2024-2025/139755-Streetlights,Normal/Others,Jharkhand,GIRIDIH,Shri Chandra Prakash Choudhary,BOKARO(DEPUTY COMMISSIONER BOKARO_IDA),installation of solar street light near durga mandir in sadma kalan,2024-09-09,22000,2024-10-08,22000,Sanction,Sanctioned - Not Completed,,,,29,,688.0,717.0,0,1.0,,False,False,True,True,True,True,True,True,True,True,True,True,False,False,False,0,100.0
WS/MP334/2024-2025/139756-Streetlights,Normal/Others,Jharkhand,GIRIDIH,Shri Chandra Prakash Choudhary,BOKARO(DEPUTY COMMISSIONER BOKARO_IDA),installation of solar street light near baniyatola sadmakala mandir in sadma kalan,2024-09-09,22000,2024-10-08,22000,Sanction,Sanctioned - Not Completed,,,,29,,688.0,717.0,0,1.0,,False,False,True,True,True,True,True,True,True,True,True,True,False,False,False,0,100.0
WS/MP334/2024-2025/139757-Streetlights,Normal/Others,Jharkhand,GIRIDIH,Shri Chandra Prakash Choudhary,BOKARO(DEPUTY COMMISSIONER BOKARO_IDA),installation of solar street light near jaratola mansa mandir mansingh house in sadmakalan.,2024-09-09,22000,2024-10-08,22000,Sanction,Sanctioned - Not Completed,,,,29,,688.0,717.0,0,1.0,,False,False,True,True,True,True,True,True,True,True,True,True,False,False,False,0,100.0
WS/MP334/2024-2025/139758-Streetlights,Normal/Others,Jharkhand,GIRIDIH,Shri Chandra Prakash Choudhary,BOKARO(DEPUTY COMMISSIONER BOKARO_IDA),installation of solar street light near jara karam tola barped in sadma kalan,2024-09-09,22000,2024-10-08,22000,Sanction,Sanctioned - Not Completed,,,,29,,688.0,717.0,0,1.0,,False,False,True,True,True,True,True,True,True,True,True,True,False,False,False,0,100.0
WS/MP334/2024-2025/139759-Streetlights,Normal/Others,Jharkhand,GIRIDIH,Shri Chandra Prakash Choudhary,BOKARO(DEPUTY COMMISSIONER BOKARO_IDA),installation of solar street light near chotki sadma durga mandir koeri tola in sadmakalan,2024-09-09,22000,2024-10-08,22000,Sanction,Sanctioned - Not Completed,,,,29,,688.0,717.0,0,1.0,,False,False,True,True,True,True,True,True,True,True,True,True,False,False,False,0,100.0
WS/MP334/2024-2025/139760-Streetlights,Normal/Others,Jharkhand,GIRIDIH,Shri Chandra Prakash Choudhary,BOKARO(DEPUTY COMMISSIONER BOKARO_IDA),installation of solar street light near sadmakhurd tenu road bajrang bali mandir in sadma kalan,2024-09-09,22000,2024-10-08,22000,Sanction,Sanctioned - Not Completed,,,,29,,688.0,717.0,0,1.0,,False,False,True,True,True,True,True,True,True,True,True,True,False,False,False,0,100.0
WS/MP334/2024-2025/139761-Streetlights,Normal/Others,Jharkhand,GIRIDIH,Shri Chandra Prakash Choudhary,BOKARO(DEPUTY COMMISSIONER BOKARO_IDA),installation of solar street light near chandrapura kauleshwar mahto house bajrangbali mandirin sadma kalan,2024-09-09,22000,2024-10-08,22000,Sanction,Sanctioned - Not Completed,,,,29,,688.0,717.0,0,1.0,,False,False,True,True,True,True,True,True,True,True,True,True,False,False,False,0,100.0
WS/MP334/2024-2025/139762-Streetlights,Normal/Others,Jharkhand,GIRIDIH,Shri Chandra Prakash Choudhary,BOKARO(DEPUTY COMMISSIONER BOKARO_IDA),installation of solar street light near chandarpura gram desi mandir in sadma kalan.,2024-09-09,22000,2024-10-08,22000,Sanction,Sanctioned - Not Completed,,,,29,,688.0,717.0,0,1.0,,False,False,True,True,True,True,True,True,True,True,True,True,False,False,False,0,100.0
WS/MP334/2024-2025/139763-Streetlights,Normal/Others,Jharkhand,GIRIDIH,Shri Chandra Prakash Choudhary,BOKARO(DEPUTY COMMISSIONER BOKARO_IDA),installation of solar street light near budhwatand bajrangbali mandir in sadmakalan,2024-09-09,22000,2024-10-08,22000,Sanction,Sanctioned - Not Completed,,,,29,,688.0,717.0,0,1.0,,False,False,True,True,True,True,True,True,True,True,True,True,False,False,False,0,100.0
WS/MP334/2024-2025/139764-Streetlights,Normal/Others,Jharkhand,GIRIDIH,Shri Chandra Prakash Choudhary,BOKARO(DEPUTY COMMISSIONER BOKARO_IDA),installation of solar street light near tenu chowk bajrang bali mandir in sadma kalan.,2024-09-09,22000,2024-10-08,22000,Sanction,Sanctioned - Not Completed,,,,29,,688.0,717.0,0,1.0,,False,False,True,True,True,True,True,True,True,True,True,True,False,False,False,0,100.0
WS/MP334/2024-2025/139765-Streetlights,Normal/Others,Jharkhand,GIRIDIH,Shri Chandra Prakash Choudhary,BOKARO(DEPUTY COMMISSIONER BOKARO_IDA),installation of solar street light near bhelwatand hari mandir in sadmakalan.,2024-09-09,22000,2024-10-08,22000,Sanction,Sanctioned - Not Completed,,,,29,,688.0,717.0,0,1.0,,False,False,True,True,True,True,True,True,True,True,True,True,False,False,False,0,100.0
WS/MP334/2024-2025/139872-Streetlights,Normal/Others,Jharkhand,GIRIDIH,Shri Chandra Prakash Choudhary,BOKARO(DEPUTY COMMISSIONER BOKARO_IDA),installation of solar street light near shiv sthal in mirzapur of patki panchayat,2024-09-09,22000,2024-10-08,22000,Sanction,Sanctioned - Not Completed,,,,29,,688.0,717.0,0,1.0,,False,False,True,True,True,True,True,True,True,True,True,True,False,False,False,0,100.0
WS/MP334/2024-2025/139873-Streetlights,Normal/Others,Jharkhand,GIRIDIH,Shri Chandra Prakash Choudhary,BOKARO(DEPUTY COMMISSIONER BOKARO_IDA),installation of solar street light near kaali mandir in mirzapur in patki panchayat,2024-09-09,22000,2024-10-08,22000,Sanction,Sanctioned - Not Completed,,,,29,,688.0,717.0,0,1.0,,False,False,True,True,True,True,True,True,True,True,True,True,False,False,False,0,100.0
WS/MP334/2024-2025/139874-Streetlights,Normal/Others,Jharkhand,GIRIDIH,Shri Chandra Prakash Choudhary,BOKARO(DEPUTY COMMISSIONER BOKARO_IDA),installation of solar street light near bajrangbali mandir in rangamati in patki panchayat,2024-09-09,22000,2024-10-08,22000,Sanction,Sanctioned - Not Completed,,,,29,,688.0,717.0,0,1.0,,False,False,True,True,True,True,True,True,True,True,True,True,False,False,False,0,100.0
WS/MP334/2024-2025/139875-Streetlights,Normal/Others,Jharkhand,GIRIDIH,Shri Chandra Prakash Choudhary,BOKARO(DEPUTY COMMISSIONER BOKARO_IDA),installation of solar street light near bajrangbali mandir in sohandih tola of rangamati village of patki panchayat,2024-09-09,22000,2024-10-08,22000,Sanction,Sanctioned - Not Completed,,,,29,,688.0,717.0,0,1.0,,False,False,True,True,True,True,True,True,True,True,True,True,False,False,False,0,100.0
WS/MP334/2024-2025/139876-Streetlights,Normal/Others,Jharkhand,GIRIDIH,Shri Chandra Prakash Choudhary,BOKARO(DEPUTY COMMISSIONER BOKARO_IDA),installation of solar street light near kaali mandir in patki,2024-09-09,22000,2024-10-08,22000,Sanction,Sanctioned - Not Completed,,,,29,,688.0,717.0,0,1.0,,False,False,True,True,True,True,True,True,True,True,True,True,False,False,False,0,100.0
WS/MP334/2024-2025/139877-Streetlights,Normal/Others,Jharkhand,GIRIDIH,Shri Chandra Prakash Choudhary,BOKARO(DEPUTY COMMISSIONER BOKARO_IDA),installation of solar street light near chiniagadha mod ambedkar sthal in patki,2024-09-09,22000,2024-10-08,22000,Sanction,Sanctioned - Not Completed,,,,29,,688.0,717.0,0,1.0,,False,False,True,True,True,True,True,True,True,True,True,True,False,False,False,0,100.0
WS/MP334/2024-2025/139878-Streetlights,Normal/Others,Jharkhand,GIRIDIH,Shri Chandra Prakash Choudhary,BOKARO(DEPUTY COMMISSIONER BOKARO_IDA),installation of solar street light near banjrang bali mandir in suarmarwa tola in rangamati,2024-09-09,22000,2024-10-08,22000,Sanction,Sanctioned - Not Completed,,,,29,,688.0,717.0,0,1.0,,False,False,True,True,True,True,True,True,True,True,True,True,False,False,False,0,100.0
WS/MP334/2024-2025/139879-Streetlights,Normal/Others,Jharkhand,GIRIDIH,Shri Chandra Prakash Choudhary,BOKARO(DEPUTY COMMISSIONER BOKARO_IDA),installation of solar street light near bajrang bali mandir in nawadih tola in rangamati,2024-09-09,22000,2024-10-08,22000,Sanction,Sanctioned - Not Completed,,,,29,,688.0,717.0,0,1.0,,False,False,True,True,True,True,True,True,True,True,True,True,False,False,False,0,100.0
WS/MP334/2024-2025/139880-Streetlights,Normal/Others,Jharkhand,GIRIDIH,Shri Chandra Prakash Choudhary,BOKARO(DEPUTY COMMISSIONER BOKARO_IDA),installation of solar street light near ramrajya mela in bagjobra tola patki panchayat,2024-09-09,22000,2024-10-08,22000,Sanction,Sanctioned - Not Completed,,,,29,,688.0,717.0,0,1.0,,False,False,True,True,True,True,True,True,True,True,True,True,False,False,False,0,100.0
WS/MP334/2024-2025/139881-Streetlights,Normal/Others,Jharkhand,GIRIDIH,Shri Chandra Prakash Choudhary,BOKARO(DEPUTY COMMISSIONER BOKARO_IDA),installation of solar street light near bajrang bali sthal in manitungri in patki,2024-09-09,22000,2024-10-08,22000,Sanction,Sanctioned - Not Completed,,,,29,,688.0,717.0,0,1.0,,False,False,True,True,True,True,True,True,True,True,True,True,False,False,False,0,100.0
WS/MP334/2024-2025/139887-Streetlights,Normal/Others,Jharkhand,GIRIDIH,Shri Chandra Prakash Choudhary,BOKARO(DEPUTY COMMISSIONER BOKARO_IDA),installation of solar street light near bajrangbali sthal baytola in kodarma village of arjua panchayat,2024-09-09,22000,2024-10-08,22000,Sanction,Sanctioned - Not Completed,,,,29,,688.0,717.0,0,1.0,,False,False,True,True,True,True,True,True,True,True,True,True,False,False,False,0,100.0
WS/MP334/2024-2025/139888-Streetlights,Normal/Others,Jharkhand,GIRIDIH,Shri Chandra Prakash Choudhary,BOKARO(DEPUTY COMMISSIONER BOKARO_IDA),installation of solar street light near shiv mandir kodarma in arjua panchayat,2024-09-09,22000,2024-10-08,22000,Sanction,Sanctioned - Not Completed,,,,29,,688.0,717.0,0,1.0,,False,False,True,True,True,True,True,True,True,True,True,True,False,False,False,0,100.0
WS/MP334/2024-2025/139889-Streetlights,Normal/Others,Jharkhand,GIRIDIH,Shri Chandra Prakash Choudhary,BOKARO(DEPUTY COMMISSIONER BOKARO_IDA),installation of solar street light near turi tola mansa mandir in kodarma in arjua panchayat,2024-09-09,22000,2024-10-08,22000,Sanction,Sanctioned - Not Completed,,,,29,,688.0,717.0,0,1.0,,False,False,True,True,True,True,True,True,True,True,True,True,False,False,False,0,100.0
WS/MP334/2024-2025/139890-Streetlights,Normal/Others,Jharkhand,GIRIDIH,Shri Chandra Prakash Choudhary,BOKARO(DEPUTY COMMISSIONER BOKARO_IDA),installation of solar street light near durga mandir in gaga in arjua panchayat,2024-09-09,22000,2024-10-08,22000,Sanction,Sanctioned - Not Completed,,,,29,,688.0,717.0,0,1.0,,False,False,True,True,True,True,True,True,True,True,True,True,False,False,False,0,100.0
WS/MP334/2024-2025/139891-Streetlights,Normal/Others,Jharkhand,GIRIDIH,Shri Chandra Prakash Choudhary,BOKARO(DEPUTY COMMISSIONER BOKARO_IDA),installation of solar street light near panchayat bhavan in arjua,2024-09-09,22000,2024-10-08,22000,Sanction,Sanctioned - Not Completed,,,,29,,688.0,717.0,0,1.0,,False,False,True,True,True,True,True,True,True,True,True,True,False,False,False,0,100.0
WS/MP334/2024-2025/139892-Streetlights,Normal/Others,Jharkhand,GIRIDIH,Shri Chandra Prakash Choudhary,BOKARO(DEPUTY COMMISSIONER BOKARO_IDA),installation of solar street light near shiv durga mandir in irgua of arjua panchayat,2024-09-09,22000,2024-10-08,22000,Sanction,Sanctioned - Not Completed,,,,29,,688.0,717.0,0,1.0,,False,False,True,True,True,True,True,True,True,True,True,True,False,False,False,0,100.0
WS/MP334/2024-2025/139893-Streetlights,Normal/Others,Jharkhand,GIRIDIH,Shri Chandra Prakash Choudhary,BOKARO(DEPUTY COMMISSIONER BOKARO_IDA),installation of solar street light near kali mandir chiruabeda tola in gaga in arjua panchayat,2024-09-09,22000,2024-10-07,22000,Sanction,Sanctioned - Not Completed,,,,28,,689.0,717.0,0,1.0,,False,False,True,True,True,True,True,True,True,True,True,True,False,False,False,0,100.0
WS/MP334/2024-2025/139894-Streetlights,Normal/Others,Jharkhand,GIRIDIH,Shri Chandra Prakash Choudhary,BOKARO(DEPUTY COMMISSIONER BOKARO_IDA),installation of solar street light near dev sthal ghamna tola in gaga of arjua panchayat,2024-09-09,22000,2024-10-08,22000,Sanction,Sanctioned - Not Completed,,,,29,,688.0,717.0,0,1.0,,False,False,True,True,True,True,True,True,True,True,True,True,False,False,False,0,100.0
WS/MP334/2024-2025/139895-Streetlights,Normal/Others,Jharkhand,GIRIDIH,Shri Chandra Prakash Choudhary,BOKARO(DEPUTY COMMISSIONER BOKARO_IDA),installation of solar street light near imli ped dev sthan in merudaru of arjua panchayat,2024-09-09,22000,2024-10-08,22000,Sanction,Sanctioned - Not Completed,,,,29,,688.0,717.0,0,1.0,,False,False,True,True,True,True,True,True,True,True,True,True,False,False,False,0,100.0
WS/MP334/2024-2025/139896-Streetlights,Normal/Others,Jharkhand,GIRIDIH,Shri Chandra Prakash Choudhary,BOKARO(DEPUTY COMMISSIONER BOKARO_IDA),installation of solar street light near durga mandir kodarma of arjua panchayat,2024-09-09,22000,2024-10-08,22000,Sanction,Sanctioned - Not Completed,,,,29,,688.0,717.0,0,1.0,,False,False,True,True,True,True,True,True,True,True,True,True,False,False,False,0,100.0
WS/MP334/2024-2025/139897-Streetlights,Normal/Others,Jharkhand,GIRIDIH,Shri Chandra Prakash Choudhary,BOKARO(DEPUTY COMMISSIONER BOKARO_IDA),installation of solar street light near bajrangbali sthal lavagadha in arjua panchayat,2024-09-09,22000,2024-10-08,22000,Sanction,Sanctioned - Not Completed,,,,29,,688.0,717.0,0,1.0,,False,False,True,True,True,True,True,True,True,True,True,True,False,False,False,0,100.0
WS/MP334/2024-2025/139901-Streetlights,Normal/Others,Jharkhand,GIRIDIH,Shri Chandra Prakash Choudhary,BOKARO(DEPUTY COMMISSIONER BOKARO_IDA),installation of solar street light near kumu munda house in jaruatand in darid,2024-09-09,22000,2024-10-07,22000,Sanction,Sanctioned - Not Completed,,,,28,,689.0,717.0,0,1.0,,False,False,True,True,True,True,True,True,True,True,True,True,False,False,False,0,100.0
WS/MP334/2024-2025/139902-Streetlights,Normal/Others,Jharkhand,GIRIDIH,Shri Chandra Prakash Choudhary,BOKARO(DEPUTY COMMISSIONER BOKARO_IDA),installation of solar street light near balmukund munda house in jaruatand in darid,2024-09-09,22000,2024-10-07,22000,Sanction,Sanctioned - Not Completed,,,,28,,689.0,717.0,0,1.0,,False,False,True,True,True,True,True,True,True,True,True,True,False,False,False,0,100.0
WS/MP334/2024-2025/139903-Streetlights,Normal/Others,Jharkhand,GIRIDIH,Shri Chandra Prakash Choudhary,BOKARO(DEPUTY COMMISSIONER BOKARO_IDA),installation of solar street light near kojram upendranath soren house in karmaakhada in darid panchayat,2024-09-09,22000,2024-10-07,22000,Sanction,Sanctioned - Not Completed,,,,28,,689.0,717.0,0,1.0,,False,False,True,True,True,True,True,True,True,True,True,True,False,False,False,0,100.0
WS/MP334/2024-2025/139904-Streetlights,Normal/Others,Jharkhand,GIRIDIH,Shri Chandra Prakash Choudhary,BOKARO(DEPUTY COMMISSIONER BOKARO_IDA),installation of solar street light near hari mandir bhagath in darid,2024-09-09,22000,2024-10-07,22000,Sanction,Sanctioned - Not Completed,,,,28,,689.0,717.0,0,1.0,,False,False,True,True,True,True,True,True,True,True,True,True,False,False,False,0,100.0
WS/MP334/2024-2025/139905-Streetlights,Normal/Others,Jharkhand,GIRIDIH,Shri Chandra Prakash Choudhary,BOKARO(DEPUTY COMMISSIONER BOKARO_IDA),installation of solar street light near mansa mandir bhagath in darid,2024-09-09,22000,2024-10-07,22000,Sanction,Sanctioned - Not Completed,,,,28,,689.0,717.0,0,1.0,,False,False,True,True,True,True,True,True,True,True,True,True,False,False,False,0,100.0
WS/MP334/2024-2025/139906-Streetlights,Normal/Others,Jharkhand,GIRIDIH,Shri Chandra Prakash Choudhary,BOKARO(DEPUTY COMMISSIONER BOKARO_IDA),installation of solar street light near shed in manjhi tola in lukaiya of darid panchayat,2024-09-09,22000,2024-10-07,22000,Sanction,Sanctioned - Not Completed,,,,28,,689.0,717.0,0,1.0,,False,False,True,True,True,True,True,True,True,True,True,True,False,False,False,0,100.0
WS/MP334/2024-2025/139907-Streetlights,Normal/Others,Jharkhand,GIRIDIH,Shri Chandra Prakash Choudhary,BOKARO(DEPUTY COMMISSIONER BOKARO_IDA),installation of solar street light near bajrangbali mandir of pathak tola in lukaiya of darid,2024-09-09,22000,2024-10-07,22000,Sanction,Sanctioned - Not Completed,,,,28,,689.0,717.0,0,1.0,,False,False,True,True,True,True,True,True,True,True,True,True,False,False,False,0,100.0
WS/MP334/2024-2025/139908-Streetlights,Normal/Others,Jharkhand,GIRIDIH,Shri Chandra Prakash Choudhary,BOKARO(DEPUTY COMMISSIONER BOKARO_IDA),installation of solar street light near mansa mandir turi tola in lukuiya in darid panchayat.,2024-09-09,22000,2024-10-07,22000,Sanction,Sanctioned - Not Completed,,,,28,,689.0,717.0,0,1.0,,False,False,True,True,True,True,True,True,True,True,True,True,False,False,False,0,100.0
WS/MP334/2024-2025/139909-Streetlights,Normal/Others,Jharkhand,GIRIDIH,Shri Chandra Prakash Choudhary,BOKARO(DEPUTY COMMISSIONER BOKARO_IDA),installation of solar street light near birsa munda chowk in lukuiya in darid panchayat.,2024-09-09,22000,2024-10-07,22000,Sanction,Sanctioned - Not Completed,,,,28,,689.0,717.0,0,1.0,,False,False,True,True,True,True,True,True,True,True,True,True,False,False,False,0,100.0
WS/MP334/2024-2025/139910-Streetlights,Normal/Others,Jharkhand,GIRIDIH,Shri Chandra Prakash Choudhary,BOKARO(DEPUTY COMMISSIONER BOKARO_IDA),installation of solar street light near chandramohan das guru house in satichira in darid panchayat,2024-09-09,22000,2024-10-07,22000,Sanction,Sanctioned - Not Completed,,,,28,,689.0,717.0,0,1.0,,False,False,True,True,True,True,True,True,True,True,True,True,False,False,False,0,100.0
WS/MP334/2024-2025/139911-Streetlights,Normal/Others,Jharkhand,GIRIDIH,Shri Chandra Prakash Choudhary,BOKARO(DEPUTY COMMISSIONER BOKARO_IDA),installation of solar street light near peepal ped darid.,2024-09-09,22000,2024-10-07,22000,Sanction,Sanctioned - Not Completed,,,,28,,689.0,717.0,0,1.0,,False,False,True,True,True,True,True,True,True,True,True,True,False,False,False,0,100.0
WS/MP334/2024-2025/139912-Streetlights,Normal/Others,Jharkhand,GIRIDIH,Shri Chandra Prakash Choudhary,BOKARO(DEPUTY COMMISSIONER BOKARO_IDA),installation of solar street light near shivalay in darid.,2024-09-09,22000,2024-10-07,22000,Sanction,Sanctioned - Not Completed,,,,28,,689.0,717.0,0,1.0,,False,False,True,True,True,True,True,True,True,True,True,True,False,False,False,0,100.0
WS/MP334/2024-2025/139913-Streetlights,Normal/Others,Jharkhand,GIRIDIH,Shri Chandra Prakash Choudhary,BOKARO(DEPUTY COMMISSIONER BOKARO_IDA),installation of solar street light near durga mandir darid,2024-09-09,22000,2024-10-07,22000,Sanction,Sanctioned - Not Completed,,,,28,,689.0,717.0,0,1.0,,False,False,True,True,True,True,True,True,True,True,True,True,False,False,False,0,100.0
WS/MP334/2024-2025/139914-Streetlights,Normal/Others,Jharkhand,GIRIDIH,Shri Chandra Prakash Choudhary,BOKARO(DEPUTY COMMISSIONER BOKARO_IDA),installation of solar street light near bajrangbali mandir in khuthara in darid.,2024-09-09,22000,2024-10-07,22000,Sanction,Sanctioned - Not Completed,,,,28,,689.0,717.0,0,1.0,,False,False,True,True,True,True,True,True,True,True,True,True,False,False,False,0,100.0
WS/MP334/2024-2025/139915-Streetlights,Normal/Others,Jharkhand,GIRIDIH,Shri Chandra Prakash Choudhary,BOKARO(DEPUTY COMMISSIONER BOKARO_IDA),installation of solar street light near bajrang bali mandir rajak tola in darid panchayat.,2024-09-09,22000,2024-10-07,22000,Sanction,Sanctioned - Not Completed,,,,28,,689.0,717.0,0,1.0,,False,False,True,True,True,True,True,True,True,True,True,True,False,False,False,0,100.0
WS/MP334/2024-2025/139916-Streetlights,Normal/Others,Jharkhand,GIRIDIH,Shri Chandra Prakash Choudhary,BOKARO(DEPUTY COMMISSIONER BOKARO_IDA),installation of solar street light near saraswati sthan in jarakamaar in darid panchayat,2024-09-09,22000,2024-10-07,22000,Sanction,Sanctioned - Not Completed,,,,28,,689.0,717.0,0,1.0,,False,False,True,True,True,True,True,True,True,True,True,True,False,False,False,0,100.0
WS/MP334/2024-2025/139917-Streetlights,Normal/Others,Jharkhand,GIRIDIH,Shri Chandra Prakash Choudhary,BOKARO(DEPUTY COMMISSIONER BOKARO_IDA),installation of solar street light near bajrangbali mandir in puspuniya kojaram in darid,2024-09-09,22000,2024-10-07,22000,Sanction,Sanctioned - Not Completed,,,,28,,689.0,717.0,0,1.0,,False,False,True,True,True,True,True,True,True,True,True,True,False,False,False,0,100.0
WS/MP334/2024-2025/139918-Streetlights,Normal/Others,Jharkhand,GIRIDIH,Shri Chandra Prakash Choudhary,BOKARO(DEPUTY COMMISSIONER BOKARO_IDA),installation of solar street light near baba hadam chowk bhagath kojram in darid,2024-09-09,22000,2024-10-07,22000,Sanction,Sanctioned - Not Completed,,,,28,,689.0,717.0,0,1.0,,False,False,True,True,True,True,True,True,True,True,True,True,False,False,False,0,100.0
WS/MP334/2024-2025/139919-Streetlights,Normal/Others,Jharkhand,GIRIDIH,Shri Chandra Prakash Choudhary,BOKARO(DEPUTY COMMISSIONER BOKARO_IDA),installation of solar street light near bajrangbali mandir charakh pakhna in darid,2024-09-09,22000,2024-10-07,22000,Sanction,Sanctioned - Not Completed,,,,28,,689.0,717.0,0,1.0,,False,False,True,True,True,True,True,True,True,True,True,True,False,False,False,0,100.0
WS/MP334/2024-2025/139920-Streetlights,Normal/Others,Jharkhand,GIRIDIH,Shri Chandra Prakash Choudhary,BOKARO(DEPUTY COMMISSIONER BOKARO_IDA),installation of solar street light near mansa mandir harijan tola in utasara,2024-09-09,22000,2024-10-07,22000,Sanction,Sanctioned - Not Completed,,,,28,,689.0,717.0,0,1.0,,False,False,True,True,True,True,True,True,True,True,True,True,False,False,False,0,100.0
WS/MP334/2024-2025/139921-Streetlights,Normal/Others,Jharkhand,GIRIDIH,Shri Chandra Prakash Choudhary,BOKARO(DEPUTY COMMISSIONER BOKARO_IDA),installation of solar street light near kali mandir nichetola utasara,2024-09-09,22000,2024-10-07,22000,Sanction,Sanctioned - Not Completed,,,,28,,689.0,717.0,0,1.0,,False,False,True,True,True,True,True,True,True,True,True,True,False,False,False,0,100.0
WS/MP334/2024-2025/139922-Streetlights,Normal/Others,Jharkhand,GIRIDIH,Shri Chandra Prakash Choudhary,BOKARO(DEPUTY COMMISSIONER BOKARO_IDA),installation of solar street light near banga dumarkanari durga mandap in utasara,2024-09-09,22000,2024-10-07,22000,Sanction,Sanctioned - Not Completed,,,,28,,689.0,717.0,0,1.0,,False,False,True,True,True,True,True,True,True,True,True,True,False,False,False,0,100.0
WS/MP334/2024-2025/139923-Streetlights,Normal/Others,Jharkhand,GIRIDIH,Shri Chandra Prakash Choudhary,BOKARO(DEPUTY COMMISSIONER BOKARO_IDA),installation of solar street light near shiv mandir kamaar tola in banga of utasara.,2024-09-09,22000,2024-10-07,22000,Sanction,Sanctioned - Not Completed,,,,28,,689.0,717.0,0,1.0,,False,False,True,True,True,True,True,True,True,True,True,True,False,False,False,0,100.0
WS/MP334/2024-2025/139924-Streetlights,Normal/Others,Jharkhand,GIRIDIH,Shri Chandra Prakash Choudhary,BOKARO(DEPUTY COMMISSIONER BOKARO_IDA),installation of solar street light near shiv mandir ambadih in utasara,2024-09-09,22000,2024-10-07,22000,Sanction,Sanctioned - Not Completed,,,,28,,689.0,717.0,0,1.0,,False,False,True,True,True,True,True,True,True,True,True,True,False,False,False,0,100.0
WS/MP334/2024-2025/139925-Streetlights,Normal/Others,Jharkhand,GIRIDIH,Shri Chandra Prakash Choudhary,BOKARO(DEPUTY COMMISSIONER BOKARO_IDA),installation of solar street light near thakurtola mansa mandir in ambadih in utasara,2024-09-09,22000,2024-10-07,22000,Sanction,Sanctioned - Not Completed,,,,28,,689.0,717.0,0,1.0,,False,False,True,True,True,True,True,True,True,True,True,True,False,False,False,0,100.0
WS/MP334/2024-2025/139926-Streetlights,Normal/Others,Jharkhand,GIRIDIH,Shri Chandra Prakash Choudhary,BOKARO(DEPUTY COMMISSIONER BOKARO_IDA),installation of solar street light near shiv mandir barso groha in utasara,2024-09-09,22000,2024-10-07,22000,Sanction,Sanctioned - Not Completed,,,,28,,689.0,717.0,0,1.0,,False,False,True,True,True,True,True,True,True,True,True,True,False,False,False,0,100.0
WS/MP334/2024-2025/139928-Streetlights,Normal/Others,Jharkhand,GIRIDIH,Shri Chandra Prakash Choudhary,BOKARO(DEPUTY COMMISSIONER BOKARO_IDA),installation of solar street light near rajak tola mansa mandir,2024-09-09,22000,2024-10-07,22000,Sanction,Sanctioned - Not Completed,,,,28,,689.0,717.0,0,1.0,,False,False,True,True,True,True,True,True,True,True,True,True,False,False,False,0,100.0
WS/MP334/2024-2025/139929-Streetlights,Normal/Others,Jharkhand,GIRIDIH,Shri Chandra Prakash Choudhary,BOKARO(DEPUTY COMMISSIONER BOKARO_IDA),installation of solar street light near gurujwa durga mandir in petarbar,2024-09-09,22000,2024-10-07,22000,Sanction,Sanctioned - Not Completed,,,,28,,689.0,717.0,0,1.0,,False,False,True,True,True,True,True,True,True,True,True,True,False,False,False,0,100.0
WS/MP334/2024-2025/139930-Streetlights,Normal/Others,Jharkhand,GIRIDIH,Shri Chandra Prakash Choudhary,BOKARO(DEPUTY COMMISSIONER BOKARO_IDA),installation of solar street light near gurujwa banjrang bali mandir in petarbar,2024-09-09,22000,2024-10-07,22000,Sanction,Sanctioned - Not Completed,,,,28,,689.0,717.0,0,1.0,,False,False,True,True,True,True,True,True,True,True,True,True,False,False,False,0,100.0
WS/MP334/2024-2025/139931-Streetlights,Normal/Others,Jharkhand,GIRIDIH,Shri Chandra Prakash Choudhary,BOKARO(DEPUTY COMMISSIONER BOKARO_IDA),installation of solar street light near kali mandir khatri tola,2024-09-09,22000,2024-10-07,22000,Sanction,Sanctioned - Not Completed,,,,28,,689.0,717.0,0,1.0,,False,False,True,True,True,True,True,True,True,True,True,True,False,False,False,0,100.0
WS/MP334/2024-2025/139932-Streetlights,Normal/Others,Jharkhand,GIRIDIH,Shri Chandra Prakash Choudhary,BOKARO(DEPUTY COMMISSIONER BOKARO_IDA),installation of solar street light near hari mandir khatri tola in petarbar,2024-09-09,22000,2024-10-07,22000,Sanction,Sanctioned - Not Completed,,,,28,,689.0,717.0,0,1.0,,False,False,True,True,True,True,True,True,True,True,True,True,False,False,False,0,100.0
WS/MP334/2024-2025/139933-Streetlights,Normal/Others,Jharkhand,GIRIDIH,Shri Chandra Prakash Choudhary,BOKARO(DEPUTY COMMISSIONER BOKARO_IDA),installation of solar street light near durga mandir khatri tola in petarbar,2024-09-09,22000,2024-10-07,22000,Sanction,Sanctioned - Not Completed,,,,28,,689.0,717.0,0,1.0,,False,False,True,True,True,True,True,True,True,True,True,True,False,False,False,0,100.0
WS/MP334/2024-2025/139934-Streetlights,Normal/Others,Jharkhand,GIRIDIH,Shri Chandra Prakash Choudhary,BOKARO(DEPUTY COMMISSIONER BOKARO_IDA),installation of solar street light near durga mandir in khatri tola (niche) in petarbar,2024-09-09,22000,2024-10-07,22000,Sanction,Sanctioned - Not Completed,,,,28,,689.0,717.0,0,1.0,,False,False,True,True,True,True,True,True,True,True,True,True,False,False,False,0,100.0
WS/MP334/2024-2025/139935-Streetlights,Normal/Others,Jharkhand,GIRIDIH,Shri Chandra Prakash Choudhary,BOKARO(DEPUTY COMMISSIONER BOKARO_IDA),installation of solar street light near gram devi mandir in khatri tola in petarbar,2024-09-09,22000,2024-10-07,22000,Sanction,Sanctioned - Not Completed,,,,28,,689.0,717.0,0,1.0,,False,False,True,True,True,True,True,True,True,True,True,True,False,False,False,0,100.0
WS/MP334/2024-2025/139936-Streetlights,Normal/Others,Jharkhand,GIRIDIH,Shri Chandra Prakash Choudhary,BOKARO(DEPUTY COMMISSIONER BOKARO_IDA),installation of solar street light near mansa mandir rajwar tola in petarbar,2024-09-09,22000,2024-10-07,22000,Sanction,Sanctioned - Not Completed,,,,28,,689.0,717.0,0,1.0,,False,False,True,True,True,True,True,True,True,True,True,True,False,False,False,0,100.0
WS/MP334/2024-2025/139937-Streetlights,Normal/Others,Jharkhand,GIRIDIH,Shri Chandra Prakash Choudhary,BOKARO(DEPUTY COMMISSIONER BOKARO_IDA),installation of solar street light near mansa mandir mukhiya tola in petarbar.,2024-09-09,22000,2024-10-07,22000,Sanction,Sanctioned - Not Completed,,,,28,,689.0,717.0,0,1.0,,False,False,True,True,True,True,True,True,True,True,True,True,False,False,False,0,100.0
WS/MP334/2024-2025/139938-Streetlights,Normal/Others,Jharkhand,GIRIDIH,Shri Chandra Prakash Choudhary,BOKARO(DEPUTY COMMISSIONER BOKARO_IDA),installation of solar street light near durga mandir math tola in petarbar.,2024-09-09,22000,2024-10-07,22000,Sanction,Sanctioned - Not Completed,,,,28,,689.0,717.0,0,1.0,,False,False,True,True,True,True,True,True,True,True,True,True,False,False,False,0,100.0
WS/MP334/2024-2025/140259-Streetlights,Normal/Others,Jharkhand,GIRIDIH,Shri Chandra Prakash Choudhary,BOKARO(DEPUTY COMMISSIONER BOKARO_IDA),Installation of solar street light near purana hanuman mandir mahavir sthan in mongo rangamati.,2024-09-13,22000,2024-10-05,22000,Sanction,Sanctioned - Not Completed,,,,22,,691.0,713.0,0,1.0,,False,False,True,True,True,True,True,True,True,True,True,True,False,False,False,0,100.0
WS/MP334/2024-2025/140260-Streetlights,Normal/Others,Jharkhand,GIRIDIH,Shri Chandra Prakash Choudhary,BOKARO(DEPUTY COMMISSIONER BOKARO_IDA),Installation of solar street light near shiv mandir dihwa in mungo rangamati.,2024-09-13,22000,2024-10-05,22000,Sanction,Sanctioned - Not Completed,,,,22,,691.0,713.0,0,1.0,,False,False,True,True,True,True,True,True,True,True,True,True,False,False,False,0,100.0
WS/MP334/2024-2025/140261-Streetlights,Normal/Others,Jharkhand,GIRIDIH,Shri Chandra Prakash Choudhary,BOKARO(DEPUTY COMMISSIONER BOKARO_IDA),Installation of solar street light near hanuman mandir harijan tola in mungo rangamati.,2024-09-13,22000,2024-10-05,22000,Sanction,Sanctioned - Not Completed,,,,22,,691.0,713.0,0,1.0,,False,False,True,True,True,True,True,True,True,True,True,True,False,False,False,0,100.0
WS/MP334/2024-2025/140262-Streetlights,Normal/Others,Jharkhand,GIRIDIH,Shri Chandra Prakash Choudhary,BOKARO(DEPUTY COMMISSIONER BOKARO_IDA),Installation of solar street light near durga mandir dumuhan in mungo rangamati.,2024-09-13,22000,2024-10-05,22000,Sanction,Sanctioned - Not Completed,,,,22,,691.0,713.0,0,1.0,,False,False,True,True,True,True,True,True,True,True,True,True,False,False,False,0,100.0
WS/MP334/2024-2025/140263-Streetlights,Normal/Others,Jharkhand,GIRIDIH,Shri Chandra Prakash Choudhary,BOKARO(DEPUTY COMMISSIONER BOKARO_IDA),Installation of solar street light near hanuman mandir paartand in mungo rangamati.,2024-09-13,22000,2024-10-05,22000,Sanction,Sanctioned - Not Completed,,,,22,,691.0,713.0,0,1.0,,False,False,True,True,True,True,True,True,True,True,True,True,False,False,False,0,100.0
WS/MP334/2024-2025/140264-Streetlights,Normal/Others,Jharkhand,GIRIDIH,Shri Chandra Prakash Choudhary,BOKARO(DEPUTY COMMISSIONER BOKARO_IDA),Installation of solar street light near shiv mandir gamhariyatand.,2024-09-13,22000,2024-10-05,22000,Sanction,Sanctioned - Not Completed,,,,22,,691.0,713.0,0,1.0,,False,False,True,True,True,True,True,True,True,True,True,True,False,False,False,0,100.0
WS/MP334/2024-2025/140265-Streetlights,Normal/Others,Jharkhand,GIRIDIH,Shri Chandra Prakash Choudhary,BOKARO(DEPUTY COMMISSIONER BOKARO_IDA),Installation of solar street light near bhuneshwar mahto house karma akhada purnadih in mungo rangamati.,2024-09-13,22000,2024-10-05,22000,Sanction,Sanctioned - Not Completed,,,,22,,691.0,713.0,0,1.0,,False,False,True,True,True,True,True,True,True,True,True,True,False,False,False,0,100.0
WS/MP334/2024-2025/140266-Streetlights,Normal/Others,Jharkhand,GIRIDIH,Shri Chandra Prakash Choudhary,BOKARO(DEPUTY COMMISSIONER BOKARO_IDA),Installation of solar street light near hanuman mandir purnadih in mungo rangamati.,2024-09-13,22000,2024-10-05,22000,Sanction,Sanctioned - Not Completed,,,,22,,691.0,713.0,0,1.0,,False,False,True,True,True,True,True,True,True,True,True,True,False,False,False,0,100.0
WS/MP334/2024-2025/140267-Streetlights,Normal/Others,Jharkhand,GIRIDIH,Shri Chandra Prakash Choudhary,BOKARO(DEPUTY COMMISSIONER BOKARO_IDA),Installation of solar street light near shiv mandir kothi in mungo rangamati,2024-09-13,22000,2024-10-05,22000,Sanction,Sanctioned - Not Completed,,,,22,,691.0,713.0,0,1.0,,False,False,True,True,True,True,True,True,True,True,True,True,False,False,False,0,100.0
WS/MP334/2024-2025/140268-Streetlights,Normal/Others,Jharkhand,GIRIDIH,Shri Chandra Prakash Choudhary,BOKARO(DEPUTY COMMISSIONER BOKARO_IDA),Installation of solar street light near nakul thakur house in kashiyatand in mungo rangamati.,2024-09-13,22000,2024-10-05,22000,Sanction,Sanctioned - Not Completed,,,,22,,691.0,713.0,0,1.0,,False,False,True,True,True,True,True,True,True,True,True,True,False,False,False,0,100.0
WS/MP334/2024-2025/140275-Streetlights,Normal/Others,Jharkhand,GIRIDIH,Shri Chandra Prakash Choudhary,BOKARO(DEPUTY COMMISSIONER BOKARO_IDA),Installation of solar street light near bajranga bali mandir rohaniyatand in penk,2024-09-13,22000,2024-10-05,22000,Sanction,Sanctioned - Not Completed,,,,22,,691.0,713.0,0,1.0,,False,False,True,True,True,True,True,True,True,True,True,True,False,False,False,0,100.0
WS/MP334/2024-2025/140276-Streetlights,Normal/Others,Jharkhand,GIRIDIH,Shri Chandra Prakash Choudhary,BOKARO(DEPUTY COMMISSIONER BOKARO_IDA),Installation of solar street light near mishrilal mahto house rohaniyatand in penk,2024-09-13,22000,2024-10-05,22000,Sanction,Sanctioned - Not Completed,,,,22,,691.0,713.0,0,1.0,,False,False,True,True,True,True,True,True,True,True,True,True,False,False,False,0,100.0
WS/MP334/2024-2025/140277-Streetlights,Normal/Others,Jharkhand,GIRIDIH,Shri Chandra Prakash Choudhary,BOKARO(DEPUTY COMMISSIONER BOKARO_IDA),Installation of solar street light near penk mod in penk,2024-09-13,22000,2024-10-05,22000,Sanction,Sanctioned - Not Completed,,,,22,,691.0,713.0,0,1.0,,False,False,True,True,True,True,True,True,True,True,True,True,False,False,False,0,100.0
WS/MP334/2024-2025/140278-Streetlights,Normal/Others,Jharkhand,GIRIDIH,Shri Chandra Prakash Choudhary,BOKARO(DEPUTY COMMISSIONER BOKARO_IDA),Installation of solar street light near bhathiyatand karam akhada in penk.,2024-09-13,22000,2024-10-05,22000,Sanction,Sanctioned - Not Completed,,,,22,,691.0,713.0,0,1.0,,False,False,True,True,True,True,True,True,True,True,True,True,False,False,False,0,100.0
WS/MP334/2024-2025/140279-Streetlights,Normal/Others,Jharkhand,GIRIDIH,Shri Chandra Prakash Choudhary,BOKARO(DEPUTY COMMISSIONER BOKARO_IDA),Installation of solar street light near budhibagi shiv mandir in penk.,2024-09-13,22000,2024-10-05,22000,Sanction,Sanctioned - Not Completed,,,,22,,691.0,713.0,0,1.0,,False,False,True,True,True,True,True,True,True,True,True,True,False,False,False,0,100.0
WS/MP334/2024-2025/140280-Streetlights,Normal/Others,Jharkhand,GIRIDIH,Shri Chandra Prakash Choudhary,BOKARO(DEPUTY COMMISSIONER BOKARO_IDA),Installation of solar street light near suraj turi house turi tola in penk,2024-09-13,22000,2024-10-05,22000,Sanction,Sanctioned - Not Completed,,,,22,,691.0,713.0,0,1.0,,False,False,True,True,True,True,True,True,True,True,True,True,False,False,False,0,100.0
WS/MP334/2024-2025/140281-Streetlights,Normal/Others,Jharkhand,GIRIDIH,Shri Chandra Prakash Choudhary,BOKARO(DEPUTY COMMISSIONER BOKARO_IDA),Installation of solar street light near mela tand in penk.,2024-09-13,22000,2024-10-05,22000,Sanction,Sanctioned - Not Completed,,,,22,,691.0,713.0,0,1.0,,False,False,True,True,True,True,True,True,True,True,True,True,False,False,False,0,100.0
WS/MP334/2024-2025/140282-Streetlights,Normal/Others,Jharkhand,GIRIDIH,Shri Chandra Prakash Choudhary,BOKARO(DEPUTY COMMISSIONER BOKARO_IDA),Installation of solar street light near shiv mandir kadrukhutta in penk.,2024-09-13,22000,2024-10-05,22000,Sanction,Sanctioned - Not Completed,,,,22,,691.0,713.0,0,1.0,,False,False,True,True,True,True,True,True,True,True,True,True,False,False,False,0,100.0
WS/MP334/2024-2025/140283-Streetlights,Normal/Others,Jharkhand,GIRIDIH,Shri Chandra Prakash Choudhary,BOKARO(DEPUTY COMMISSIONER BOKARO_IDA),Installation of solar street light near ramchandra mahto house kadrukhutta in penk.,2024-09-13,22000,2024-10-05,22000,Sanction,Sanctioned - Not Completed,,,,22,,691.0,713.0,0,1.0,,False,False,True,True,True,True,True,True,True,True,True,True,False,False,False,0,100.0
WS/MP334/2024-2025/140284-Streetlights,Normal/Others,Jharkhand,GIRIDIH,Shri Chandra Prakash Choudhary,BOKARO(DEPUTY COMMISSIONER BOKARO_IDA),Installation of solar street light near suraj mahto house rohaniatand in penk.,2024-09-13,22000,2024-10-05,22000,Sanction,Sanctioned - Not Completed,,,,22,,691.0,713.0,0,1.0,,False,False,True,True,True,True,True,True,True,True,True,True,False,False,False,0,100.0
WS/MP334/2024-2025/140285-Streetlights,Normal/Others,Jharkhand,GIRIDIH,Shri Chandra Prakash Choudhary,BOKARO(DEPUTY COMMISSIONER BOKARO_IDA),Installation of solar street light near shiv mandir jamtiyahir taalab in penk,2024-09-13,22000,2024-10-05,22000,Sanction,Sanctioned - Not Completed,,,,22,,691.0,713.0,0,1.0,,False,False,True,True,True,True,True,True,True,True,True,True,False,False,False,0,100.0
WS/MP334/2024-2025/140286-Streetlights,Normal/Others,Jharkhand,GIRIDIH,Shri Chandra Prakash Choudhary,BOKARO(DEPUTY COMMISSIONER BOKARO_IDA),Installation of solar street light near pyaari mahto house in penk.,2024-09-13,22000,2024-10-05,22000,Sanction,Sanctioned - Not Completed,,,,22,,691.0,713.0,0,1.0,,False,False,True,True,True,True,True,True,True,True,True,True,False,False,False,0,100.0
WS/MP334/2024-2025/140287-Streetlights,Normal/Others,Jharkhand,GIRIDIH,Shri Chandra Prakash Choudhary,BOKARO(DEPUTY COMMISSIONER BOKARO_IDA),Installation of solar street light near banaso mandir in penk.,2024-09-13,22000,2024-10-05,22000,Sanction,Sanctioned - Not Completed,,,,22,,691.0,713.0,0,1.0,,False,False,True,True,True,True,True,True,True,True,True,True,False,False,False,0,100.0
WS/MP334/2024-2025/140288-Streetlights,Normal/Others,Jharkhand,GIRIDIH,Shri Chandra Prakash Choudhary,BOKARO(DEPUTY COMMISSIONER BOKARO_IDA),Installation of solar street light near dhawaiya mod in penk.,2024-09-13,22000,2024-10-05,22000,Sanction,Sanctioned - Not Completed,,,,22,,691.0,713.0,0,1.0,,False,False,True,True,True,True,True,True,True,True,True,True,False,False,False,0,100.0
WS/MP334/2024-2025/140474-Streetlights,Normal/Others,Jharkhand,GIRIDIH,Shri Chandra Prakash Choudhary,BOKARO(DEPUTY COMMISSIONER BOKARO_IDA),Installation of solar street light in these places of nawadih panchayat: 1)Near bajrang bali mandir kumhar toli near baradih main road. 2.Near Ex- mukhiya sewa ram mahto house. 3.Near baradih barmasiya niche hari mandir koshore mahto house. 4.Near Suresh thakur house karma akhada 5. Near behradih hari mahto house karma akhada 6.near bajrangbali mandir bodro 7.near bodro shiv mandir 8. Near bajrang bali mandir tilaiya tand. 9.Near mansa mandir harijan tola. 10.Near tilaiyatand vinod mahto house,2024-09-13,220000,2024-10-05,220000,Sanction,Sanctioned - Not Completed,,,,22,,691.0,713.0,0,1.0,,False,False,True,True,True,True,True,True,True,True,True,True,False,False,False,0,100.0
WS/MP334/2024-2025/140475-Streetlights,Normal/Others,Jharkhand,GIRIDIH,Shri Chandra Prakash Choudhary,BOKARO(DEPUTY COMMISSIONER BOKARO_IDA),Installation of solar lights inn these places of nawadih panchayat: 1)Near Budgaadda hanuman mandir 2)Near budgaadda Java Akhra 3)Near Hanuman mandir koriyabeda 4)near kachho pragya kendra 5)Near haribol chabutra gowardih 6)near hanuman mandir gowardih 7)Near paartand pahadi mandir 8)Near budgaadda timal bhavan 9)Near kanimahuwa mandir 10)Near koriyabeda pahadi kapsa dharm sthan,2024-09-13,220000,2024-10-05,220000,Sanction,Sanctioned - Not Completed,,,,22,,691.0,713.0,0,1.0,,False,False,True,True,True,True,True,True,True,True,True,True,False,False,False,0,100.0
WS/MP334/2024-2025/140478-Streetlights,Normal/Others,Jharkhand,GIRIDIH,Shri Chandra Prakash Choudhary,BOKARO(DEPUTY COMMISSIONER BOKARO_IDA),Installation of solar street light in kanjkiro panchayat: 1)Near Kanjkiro Mod 2)Near pilpilo Basti 3)Near Teharwa shri Mod 4)Near Hanuman Mandir Khairhagadha 5)Near karamchandra mahto house 6)Near nirmal mahto house bagitola 7)Near bargad ped mod 8)Near jayram mahto house kanjkiro 9)Near teklal mahto house  10)Near bhim mahto house,2024-09-13,220000,2024-10-05,220000,Sanction,Sanctioned - Not Completed,,,,22,,691.0,713.0,0,1.0,,False,False,True,True,True,True,True,True,True,True,True,True,False,False,False,0,100.0
WS/MP334/2024-2025/140479-Streetlights,Normal/Others,Jharkhand,GIRIDIH,Shri Chandra Prakash Choudhary,BOKARO(DEPUTY COMMISSIONER BOKARO_IDA),Installation of solar street light in barai panchayat: 1)Near durga mandap chabutra 2)Near sukhdev saw house kendaiya mod 3)Near ganpati puja sthan chandni market 4)Near Grahwa baba puja sthan 5)Near samudayik bhavan judamada turi tola mod 6)Near bankatwa mandir 7)Near gardih school 8)Near panghatwa dharm sthan mahdhaniya 9)Near durga mandap harladih 10)Near nageshwar singh house judamana,2024-09-13,220000,2024-10-05,220000,Sanction,Sanctioned - Not Completed,,,,22,,691.0,713.0,0,1.0,,False,False,True,True,True,True,True,True,True,True,True,True,False,False,False,0,100.0
WS/MP334/2024-2025/140480-Streetlights,Normal/Others,Jharkhand,GIRIDIH,Shri Chandra Prakash Choudhary,BOKARO(DEPUTY COMMISSIONER BOKARO_IDA),Installation of solar street light in palamu panchayat: 1)Near shukrawar bazaar hanuman mandir 2)Near hanuman mandir badki kudi 3)Near shiv mandir badki kudi 4)Near rakhwa mod 5)Near palamu shiv mandir 6)Near rasbedwa jagarnath mahto house 7)Near pandra house upartola 8)Near jamun ped rohaniyabeda 9)Near teklal mahto house charak paniya 10)Near kodadih kali manda,2024-09-13,220000,2024-10-05,220000,Sanction,Sanctioned - Not Completed,,,,22,,691.0,713.0,0,1.0,,False,False,True,True,True,True,True,True,True,True,True,True,False,False,False,0,100.0
WS/MP334/2024-2025/140481-Streetlights,Normal/Others,Jharkhand,GIRIDIH,Shri Chandra Prakash Choudhary,BOKARO(DEPUTY COMMISSIONER BOKARO_IDA),Installation of solar street light in narainpur panchayat: 1) Near simritand devchand mahto house 2)near kocchakhori akhra 3)near hari mandir 4)near kutchary chowk 5)Near parsuram mahto house  harijan tola  6)Near hari mandir lahiya 7)Near basudev singh house singh tola 8)Near dasrath mahto house in akhra boratand 9)Near anil ravidas house 10)near fulchand mahto house,2024-09-13,220000,2024-10-05,220000,Sanction,Sanctioned - Not Completed,,,,22,,691.0,713.0,0,1.0,,False,False,True,True,True,True,True,True,True,True,True,True,False,False,False,0,100.0
WS/MP334/2024-2025/140482-Streetlights,Normal/Others,Jharkhand,GIRIDIH,Shri Chandra Prakash Choudhary,BOKARO(DEPUTY COMMISSIONER BOKARO_IDA),Installation of solar street light in goniatu panchayat: 1)Near falu mahto house dihwa 2)Near bargad ped teli tola 3)Near jitendra mahto house chitahiya 4)Near hanuman mandir upartola 5)Near kapil turi mansa mandap turidih 6)Near imli ped tetariya tola 7)near raju mahto house parsabeda 8)Near hanuman mandir turidih 9)near durga mandap goniatu 10)Near hanuman mandir dihwa,2024-09-13,220000,2024-10-05,220000,Sanction,Sanctioned - Not Completed,,,,22,,691.0,713.0,0,1.0,,False,False,True,True,True,True,True,True,True,True,True,True,False,False,False,0,100.0
WS/MP334/2024-2025/140484-Streetlights,Normal/Others,Jharkhand,GIRIDIH,Shri Chandra Prakash Choudhary,BOKARO(DEPUTY COMMISSIONER BOKARO_IDA),Installation of solar street light in chirudih panchayat: 1)mansa mandir turi tola 2)shiv mandir kocchakulhi 3)Near mundratand kori tola 4)near bandhtand karma akhada 5)near shiv mandir lembodih 6)near turi tola lembodih 7)Near mangardaha harijan tola 8)Near mangardaha adiwasi tola 9)near premchand mahto house fulwaridahi 10)near hanuman mandir 11)near bajrangi chowk 12)near prabhu mahto house chowk bandh side 13)Near ambedkar chowk chirudih 14)near sukhlal mahto house karma akhada,2024-09-13,308000,2024-10-05,308000,Vendor Identification,Sanctioned - Not Completed,,,,22,,691.0,713.0,0,1.0,,False,False,True,True,True,True,True,True,True,True,True,True,False,False,False,0,100.0
WS/MP334/2024-2025/140486-Streetlights,Normal/Others,Jharkhand,GIRIDIH,Shri Chandra Prakash Choudhary,BOKARO(DEPUTY COMMISSIONER BOKARO_IDA),Installation of solar street light in sonpura panchayat: 1)Near prachin durga mandir 2)Near shiv mandir purnadih 3)Near kali mandir pirwatand 4)Near kali mandir chowk khunta 5)Near bajrangbali mandir pirwatand 6)near panchayat bhawan sonpura 7)near bich tola pipradih 8)near sili sadam bich chowk 9)near lahar jara chowk 10)near bandh ghutu bich chowk 11)near hari bola mandir purnadih 12)near maday naya sonpura,2024-09-13,264000,2024-10-05,264000,Vendor Identification,Sanctioned - Not Completed,,,,22,,691.0,713.0,0,1.0,,False,False,True,True,True,True,True,True,True,True,True,True,False,False,False,0,100.0
WS/MP334/2024-2025/140487-Streetlights,Normal/Others,Jharkhand,GIRIDIH,Shri Chandra Prakash Choudhary,BOKARO(DEPUTY COMMISSIONER BOKARO_IDA),Installation of solar street light in ponda panchayat: 1)Near mahavir mandir bhochro 2)near mantu rajwar house bhochro 3)near hari mandir bhochro 4)near dhadhkiya mod malaith mukherjee house 5)near bajrang bali mandir dhadhkiya 6)near bajrang bali mandir kochagodha 7)Near kali mandir thakurtola ponda 8)Near jehratand karma puja akhra ponda 9)Near kali mandir birgoda tola ponda 10)near main road chowk,2024-09-13,220000,2024-10-05,220000,Vendor Identification,Sanctioned - Not Completed,,,,22,,691.0,713.0,0,1.0,,False,False,True,True,True,True,True,True,True,True,True,True,False,False,False,0,100.0
WS/MP334/2024-2025/140554-Streetlights,Normal/Others,Jharkhand,GIRIDIH,Shri Chandra Prakash Choudhary,BOKARO(DEPUTY COMMISSIONER BOKARO_IDA),Installation of solar street light in ponda panchayat: 1)near sadanand manjhi house let tand 2)Near durga mandir 3)Near hanuman mandir karmali tola dhadhkiya 4)Near durga mandir dhadhkiya 5)Near mansa mandir munda tola dhadhkiya 6)Near kali mandir kamlapur 7)Near hari mandir kamlapur 8)Near bajrangbali mandir sirkitand kamlapur 9)near shiv mandir kamlapur 10)near mahavir mandir barwakocha 11)near bajrang bali mandir banshajas kamlapur 12)near birmundu mod 13)near durga hembrom house birmundu,2024-09-13,286000,2024-10-05,286000,Vendor Identification,Sanctioned - Not Completed,,,,22,,691.0,713.0,0,1.0,,False,False,True,True,True,True,True,True,True,True,True,True,False,False,False,0,100.0
WS/MP334/2024-2025/140555-Streetlights,Normal/Others,Jharkhand,GIRIDIH,Shri Chandra Prakash Choudhary,BOKARO(DEPUTY COMMISSIONER BOKARO_IDA),Installation of solar street light in hisim panchayat: 1)Near shiv mandir trionala 2)Near utkramit prathmik vidyalay masridih 3)Near bajrangbali mandir dumarkudar 4)Near rama hotel khudibeda 5)Near binod bihari chowk khudibeda 6)Near school mod kedla 7)Near shankar prasad tudu house paikadegain kedlatola 8)Near lakhindra kisku house hadsali in kedla tola 9)Near durga mandir khudibeda 10)near panchayat bhawan hisim,2024-09-13,220000,2024-10-05,220000,Vendor Identification,Sanctioned - Not Completed,,,,22,,691.0,713.0,0,1.0,,False,False,True,True,True,True,True,True,True,True,True,True,False,False,False,0,100.0
WS/MP334/2024-2025/140556-Streetlights,Normal/Others,Jharkhand,GIRIDIH,Shri Chandra Prakash Choudhary,BOKARO(DEPUTY COMMISSIONER BOKARO_IDA),Installation of solar street light in hisim panchayat: 1)Near mukhiya house kedla 2)Near jageshwar murmu house trionala 3)Near kathal tola mod hisim 4)Near saroj mahto house hisim 5)near lipsi mod kedla 6)Near dhaneshwar turi trionala 7)Near pradip mahto house khudibeda 8)Near hari mandir hisim,2024-09-13,176000,2024-10-05,176000,Vendor Identification,Sanctioned - Not Completed,,,,22,,691.0,713.0,0,1.0,,False,False,True,True,True,True,True,True,True,True,True,True,False,False,False,0,100.0
WS/MP334/2024-2025/140557-Streetlights,Normal/Others,Jharkhand,GIRIDIH,Shri Chandra Prakash Choudhary,BOKARO(DEPUTY COMMISSIONER BOKARO_IDA),Installation of solar street light in durgapur panchayat: 1)Near kali mandir rangamati 2)Near rangamati chowk 3)Near ramraja mandir kurko 4)Near bajrang bali mandir lalmatiya 5)Near baijnath mahto house lalmatiya 6)near hari mandir mod harladih 7)near baba badrav mandir durgapur 8)Near shivalay mandir karujara 9)Near kapileshwar mahto house dundadih 10)near hari mandir parsatand,2024-09-13,220000,2024-10-05,220000,Vendor Identification,Sanctioned - Not Completed,,,,22,,691.0,713.0,0,1.0,,False,False,True,True,True,True,True,True,True,True,True,True,False,False,False,0,100.0
WS/MP334/2024-2025/140558-Streetlights,Normal/Others,Jharkhand,GIRIDIH,Shri Chandra Prakash Choudhary,BOKARO(DEPUTY COMMISSIONER BOKARO_IDA),Installation of solar street light in durgapur panchayat: 1)near bajrang bali mandir dundadih 2)Near hari mandir parsatand 3)Near mansa mandir karmali tola chadariya 4)near saraswati mandir kamardih 5)near panchayat bhawan butitand 6)Near ajit kumar mahto house medha in durgapur 7)near shambhu mahto house rugritand in rangamati 8)Near paran mahto house rugditand in rangamati,2024-09-13,176000,2024-10-05,176000,Sanction,Sanctioned - Not Completed,,,,22,,691.0,713.0,0,1.0,,False,False,True,True,True,True,True,True,True,True,True,True,False,False,False,0,100.0
WS/MP334/2024-2025/140578-Streetlights,Normal/Others,Jharkhand,GIRIDIH,Shri Chandra Prakash Choudhary,BOKARO(DEPUTY COMMISSIONER BOKARO_IDA),Installation of solar street light in baraikala panchayat: 1)Near ramdas mahto house baraikhurd 2)Near sarita devi  house baraikhurd 3)Near punam Devi barai khurd 4)Near arjun Soren house karkatta kala 5)Near lakhiram hembrom house karkattakala 6)Near Rohit karmali in karkatta khurd 7)Near babita devi house  chainpur 8)Near geeta devi house ormo 9)Near kapileshwar mahto house sumadih 10)Near surendra prasad thakur house barai kala,2024-09-13,220000,2024-10-05,220000,Sanction,Sanctioned - Not Completed,,,,22,,691.0,713.0,0,1.0,,False,False,True,True,True,True,True,True,True,True,True,True,False,False,False,0,100.0
WS/MP334/2024-2025/140580-Streetlights,Normal/Others,Jharkhand,GIRIDIH,Shri Chandra Prakash Choudhary,BOKARO(DEPUTY COMMISSIONER BOKARO_IDA),Installation of solar street light in baraikala panchayat: 1)Near Mashuk ansari house nauwajara 2)Near sumita devi house bermo tand 3)Near baijnath mahto house bermotand 4)Near narmada devi house baraikala 5)Near bihari mahto house mortangwa 6)Near renu devi house ormo 7)Near Near dilip mahto house baraikhurd 8)Near Rajkishore mahto house baraikala 9)Near ramnath mahto house baraikala,2024-09-13,198000,2024-10-05,198000,Sanction,Sanctioned - Not Completed,,,,22,,691.0,713.0,0,1.0,,False,False,True,True,True,True,True,True,True,True,True,True,False,False,False,0,100.0
WS/MP334/2024-2025/140582-Streetlights,Normal/Others,Jharkhand,GIRIDIH,Shri Chandra Prakash Choudhary,BOKARO(DEPUTY COMMISSIONER BOKARO_IDA),Installation of solar street light in bandio panchayat: 1)Near hari mandir bandio 2)Near Parmal yadav house  3)Near darsini Mandir bandio  4)Near bajrang bali mandir laharbeda novadahi 5)Near laharbeda bhandar tola 6)Near mansa mandir laaharbeda 7)Near kushalbandha chowk laharbeda 8)Near yogesh house pandey tola laharbeda 9)Near shiv mandir laharbeda 10)Near bajaartand chowk laharbeda,2024-09-13,220000,2024-10-05,220000,Sanction,Sanctioned - Not Completed,,,,22,,691.0,713.0,0,1.0,,False,False,True,True,True,True,True,True,True,True,True,True,False,False,False,0,100.0
WS/MP334/2024-2025/140583-Streetlights,Normal/Others,Jharkhand,GIRIDIH,Shri Chandra Prakash Choudhary,BOKARO(DEPUTY COMMISSIONER BOKARO_IDA),Installation of solar street light in bandio panchayat: 1)Near bajrang bali mandir nasiya 2)Near hari mandir fatehpur 3)Near fatehpur chowk 4)Near fatehpur shiv mandir  5)Near bajrang bali mandir nawatand 6)Near hari Mandir korkotta 7)Near korkotta chowk,2024-09-13,154000,2024-10-05,154000,Sanction,Sanctioned - Not Completed,,,,22,,691.0,713.0,0,1.0,,False,False,True,True,True,True,True,True,True,True,True,True,False,False,False,0,100.0
WS/MP334/2024-2025/140584-Streetlights,Normal/Others,Jharkhand,GIRIDIH,Shri Chandra Prakash Choudhary,BOKARO(DEPUTY COMMISSIONER BOKARO_IDA),Installation of solar street light in paplo panchayat: 1)Near kalkuatand chowk in paplo 2)Near hanuman Mandir kamaldih 3)Near kamaldih chowk 4)Near ravidas tola  5)Near hari mandir junouritand 6)near punit mahto house gadhi basti paplo 7)Near shishu students club 8)Near durga mandir paplo 9)Near bajrang bali mandir khodna tand 10)Near mansa mandir giri tola junouri 11)Near shiv mandir junouri giri tola 12)near junouri tand chowk,2024-09-13,264000,2024-10-05,264000,Sanction,Sanctioned - Not Completed,,,,22,,691.0,713.0,0,1.0,,False,False,True,True,True,True,True,True,True,True,True,True,False,False,False,0,100.0
WS/MP334/2024-2025/140585-Streetlights,Normal/Others,Jharkhand,GIRIDIH,Shri Chandra Prakash Choudhary,BOKARO(DEPUTY COMMISSIONER BOKARO_IDA),Installation of solar street light in alargo panchayat: 1)Near hanuman mandir alargo 2)Near jahersthan saraiyatand 3)Near saraiyatand chowk 4)Near alargo chowk 5)Near giritola 6)Near barnwal tola 7)Near pandey tola 8)Near masjid tola,2024-09-13,176000,2024-10-05,176000,Sanction,Sanctioned - Not Completed,,,,22,,691.0,713.0,0,1.0,,False,False,True,True,True,True,True,True,True,True,True,True,False,False,False,0,100.0
WS/MP334/2024-2025/140589-Streetlights,Normal/Others,Jharkhand,GIRIDIH,Shri Chandra Prakash Choudhary,BOKARO(DEPUTY COMMISSIONER BOKARO_IDA),Installation of solar street light in taranga panchayat: 1)Near lilu mahto house rehwa 2)Near praveen pandit house gadibasti 3)Near shiv mandir saraiyatand 4)Near shanichar mahto house jamuniyatand 5)near shambhu mahto house singdardih 6)Near mahendra pandey house turi tola 7)Near panchayat sachivalay 8)Near bargad ped bishun mahto house  9)Near mohan mahto house chouhan tola 10)Near akalu mahto house godauli,2024-09-13,220000,2024-10-05,220000,Sanction,Sanctioned - Not Completed,,,,22,,691.0,713.0,0,1.0,,False,False,True,True,True,True,True,True,True,True,True,True,False,False,False,0,100.0
WS/MP334/2024-2025/140590-Streetlights,Normal/Others,Jharkhand,GIRIDIH,Shri Chandra Prakash Choudhary,BOKARO(DEPUTY COMMISSIONER BOKARO_IDA),Installation of solar street light in taranga panchayat: 1)near umesh mahto house gadi basti 2)Near janki manjhi house berdo tand 3)Near hari mandir saraiyatand 4)Near daleshwar mahto house kanchangadha 5)Near bhola mochi house house in das tola,2024-09-13,110000,2024-10-05,110000,Sanction,Sanctioned - Not Completed,,,,22,,691.0,713.0,0,1.0,,False,False,True,True,True,True,True,True,True,True,True,True,False,False,False,0,100.0
WS/MP334/2024-2025/140591-Streetlights,Normal/Others,Jharkhand,GIRIDIH,Shri Chandra Prakash Choudhary,BOKARO(DEPUTY COMMISSIONER BOKARO_IDA),Installation of solar street light in taranari panchayat: 1)Near mahabir chowk main gali 2)Near shiv mandir mandir tola 3)Near saraswati chowk niche tola 4)Near mumtaj ansari house niche tola 5)Near mahavir mandir aamtola 6)Near utkramit madhya vidyalay chhotbakhridih 7)Near baijnath mahto house lakshmipur 8)Near ucch vidyalaya taranari 9)Near bhuneshwar mahto house chhotbakridih 10)Near panchayat bhavan taranari 11)Near suresh hadi house pandey tola 12)Near bajrang bali mandir teli tola,2024-09-13,264000,2024-10-05,264000,Sanction,Sanctioned - Not Completed,,,,22,,691.0,713.0,0,1.0,,False,False,True,True,True,True,True,True,True,True,True,True,False,False,False,0,100.0
WS/MP334/2024-2025/140592-Streetlights,Normal/Others,Jharkhand,GIRIDIH,Shri Chandra Prakash Choudhary,BOKARO(DEPUTY COMMISSIONER BOKARO_IDA),Installation of solar street light near kali mandir in taranari.,2024-09-13,22000,2024-10-05,22000,Sanction,Sanctioned - Not Completed,,,,22,,691.0,713.0,0,1.0,,False,False,True,True,True,True,True,True,True,True,True,True,False,False,False,0,100.0
WS/MP334/2024-2025/140593-Streetlights,Normal/Others,Jharkhand,GIRIDIH,Shri Chandra Prakash Choudhary,BOKARO(DEPUTY COMMISSIONER BOKARO_IDA),Installatiojn of solar street light in telo madhya panchayat: 1)near shiv mandir bhandar tola 2)Near surendra mahto house kenduadih 3)Near nehru ucch vidyalay telo 4)Near purv mukhiya rekha devi house  5)Near peepal ped karmkaar tola 6)Near kali mandir  7)Near shiv mandir bel tand 8)near anil mahto house patharghuttu 9)Near mohd. nissar house azaad nagar 10)near bajrangbali mandir laalbandh 11)Near leeladhar pandit house,2024-09-13,242000,2024-10-05,242000,Sanction,Sanctioned - Not Completed,,,,22,,691.0,713.0,0,1.0,,False,False,True,True,True,True,True,True,True,True,True,True,False,False,False,0,100.0
WS/MP334/2024-2025/140594-Streetlights,Normal/Others,Jharkhand,GIRIDIH,Shri Chandra Prakash Choudhary,BOKARO(DEPUTY COMMISSIONER BOKARO_IDA),Installation of solar street light in telo purvi panchayat: 1)Near bajrang bali mandir in dandudih 2)Near bajrang bali mandir panchmukhi 3)Near Mansa mandir aagardih 4)near shiv mandir beltand 5)near madhya vidyalay chadri 6)near mansa mandir nuraagdiya 7)near mansa mandir bahuyarhir 8)near vijay mahto kenduadih 9)near mantu mandal shop telo madhya 10)near praveen mandal house telo madhya,2024-09-13,220000,2024-10-05,220000,Sanction,Sanctioned - Not Completed,,,,22,,691.0,713.0,0,1.0,,False,False,True,True,True,True,True,True,True,True,True,True,False,False,False,0,100.0
WS/MP334/2024-2025/140595-Streetlights,Normal/Others,Jharkhand,GIRIDIH,Shri Chandra Prakash Choudhary,BOKARO(DEPUTY COMMISSIONER BOKARO_IDA),Installation of solar street light inn telo pashchimi panchayat: 1)Near shiv mandir khalcho 2)near aanganwadi khalcho 3)near budha manjhi khalcho 4)Near hari mandir khalcho 5)Near turi tola khlacho 6)Near kali mandir khalcho 7)Near budha manjhi fulsodih 8)near budha manjhi kodgahir 9)near budha manjhi badahi 10)near aanganbadi mirchitand 11)near nijam ansari mirchitand 12)near mansa mandir mirchitand 13)near saryu saw mod 14)near shrinagar tola vatvriksh 15)near bajrangbali mandir laalbandh,2024-09-13,330000,2024-12-31,330000,Sanction,Sanctioned - Not Completed,,,,109,,604.0,713.0,0,1.0,,False,False,True,True,True,True,True,True,True,True,True,True,False,False,False,0,100.0
WS/MP334/2024-2025/140596-Streetlights,Normal/Others,Jharkhand,GIRIDIH,Shri Chandra Prakash Choudhary,BOKARO(DEPUTY COMMISSIONER BOKARO_IDA),Installation of solar street light in narra panchayat: 1)Near kali mandir  2)near durga pahadi mandir 3)near masjid 4)near hari mandir 5)near ambedkar bhawan barwadih 6)near gothwar chowk 7)near kali mandir harlatand 8)near hari mandir chowk beliyatand 9)near mohan mahto house barwadih 10)near hari mandir narra 11)near barwadih chowk 12)near SR international school 13)near narra chowk 14)near dhanpat mahto house daahi 6),2024-09-13,308000,2024-10-05,308000,Vendor Identification,Sanctioned - Not Completed,,,,22,,691.0,713.0,0,1.0,,False,False,True,True,True,True,True,True,True,True,True,True,False,False,False,0,100.0
WS/MP334/2024-2025/140597-Streetlights,Normal/Others,Jharkhand,GIRIDIH,Shri Chandra Prakash Choudhary,BOKARO(DEPUTY COMMISSIONER BOKARO_IDA),Installation of solar street light near goswami tola telo pashchimi,2024-09-13,22000,2024-10-05,22000,Sanction,Sanctioned - Not Completed,,,,22,,691.0,713.0,0,1.0,,False,False,True,True,True,True,True,True,True,True,True,True,False,False,False,0,100.0
WS/MP334/2024-2025/141469-Streetlights,Normal/Others,Jharkhand,GIRIDIH,Shri Chandra Prakash Choudhary,BOKARO(DEPUTY COMMISSIONER BOKARO_IDA),Installation of solar street light in surhi panchayat: (1)Near saraswati mandap (2)Near shiv Mandir (3)Near shiv mandir mandir tola (4) Near durga mandap (5) Near vivek mahto house (6)Near shailendra gupta house (7)Near surendra gupta house (8)Near hanuman mandir harijan tola basti (9) Near padnatand hanuman mandir (10) Near harijan tola tand,2024-09-18,220000,2024-10-05,220000,Sanction,Sanctioned - Not Completed,,,,17,,691.0,708.0,0,1.0,,False,False,True,True,True,True,True,True,True,True,True,True,False,False,False,0,100.0
WS/MP334/2024-2025/141471-Streetlights,Normal/Others,Jharkhand,GIRIDIH,Shri Chandra Prakash Choudhary,BOKARO(DEPUTY COMMISSIONER BOKARO_IDA),Installation of solar street light in potso panchayat: 1)Near khaiyokhar barwadih mansa mandir  2)Near Khaiyokhar baban Yadav House 3)Near khunta kali mandir  4)Near hahaiyatand bajrangbali mandir 5)Near bhawani mansa mandir  6)near bhawani murat mahto 7)Near potso haraiyatand amrendra mehta house 8)Near janki mahto hotel potso 9)Near gormaara bajrangbali mandir 10)Near khaiyokhar bajrang bali mandir,2024-09-18,220000,2024-10-05,220000,Sanction,Sanctioned - Not Completed,,,,17,,691.0,708.0,0,1.0,,False,False,True,True,True,True,True,True,True,True,True,True,False,False,False,0,100.0
WS/MP334/2024-2025/141472-Streetlights,Normal/Others,Jharkhand,GIRIDIH,Shri Chandra Prakash Choudhary,BOKARO(DEPUTY COMMISSIONER BOKARO_IDA),Installation of solar street light in kharpito panchayat: 1)Near Kharpito A teklal kandu house 2)Near kharpito B Gaytri mandir  3)Near kharpito B hanuman mandir 4)Near kharpito B mansa mandir 5)Near kharpito B ghatwar tola chowk 6)Near badahi hanuman mandir 7)Near nawatand hanuman mandir 8)Near birhortola hanuman mandir 9)Near bawri tola  10)near ravidas tola 11)Near kurpaniya hanuman mandir 12)Near kurpaniya harakhlal mahto house chowk 13)Near kali mandir,2024-09-18,286000,2024-10-05,286000,Vendor Identification,Sanctioned - Not Completed,,,,17,,691.0,708.0,0,1.0,,False,False,True,True,True,True,True,True,True,True,True,True,False,False,False,0,100.0
WS/MP334/2024-2025/141473-Streetlights,Normal/Others,Jharkhand,GIRIDIH,Shri Chandra Prakash Choudhary,BOKARO(DEPUTY COMMISSIONER BOKARO_IDA),Installation of solar street light in surhi panchayat: (1)Near shiv Mandir (2)Near bajrangbali mandir (3)Near tilakdhari mahto house (4) Near purnatand bajrang bali mandir (5) Near Near bajrang bali mandir ravidas tola (6)Near darekwatand mandir (7)Near simrakulhi keshi singh house (8)Near sitaram mahto house sadar tola karma akhada (9) Near harijan tola chowk (10) Near navatand chowk,2024-09-18,220000,2024-10-05,220000,Sanction,Sanctioned - Not Completed,,,,17,,691.0,708.0,0,1.0,,False,False,True,True,True,True,True,True,True,True,True,True,False,False,False,0,100.0
WS/MP334/2024-2025/141474-Streetlights,Normal/Others,Jharkhand,GIRIDIH,Shri Chandra Prakash Choudhary,BOKARO(DEPUTY COMMISSIONER BOKARO_IDA),Installation of solar street light in saharia panchayat: 1)Near hari mandir Partand 2)Near bajrang bali mandir partand 3)Near karma akhada partand 4)Near bajrang bali mandir dumariyatand 5)Near Near bajrang bali mandir pathalgudwa 6)Near shiv Mandir dhujudih 7)Near rohit mahto house dhujudih 8)Near dilip barnwal house saharia 9)Near chotu ravidas house chochwatand 10)Near gulab mahto house tilaiyatand 11)Near bajrang bali mandir tilaiyatand,2024-09-18,242000,2024-10-05,242000,Vendor Identification,Sanctioned - Not Completed,,,,17,,691.0,708.0,0,1.0,,False,False,True,True,True,True,True,True,True,True,True,True,False,False,False,0,100.0
WS/MP334/2024-2025/141475-Streetlights,Normal/Others,Jharkhand,GIRIDIH,Shri Chandra Prakash Choudhary,BOKARO(DEPUTY COMMISSIONER BOKARO_IDA),Installation of solar street light in aahardih panchayat: 1)Near aahardih school 2)Near gulabchand mahto house in tetritola aahardih 3)Near neemiyamod 4)Near loknath mahto house 5)Near janki mahto house 6)Near hari mandir junaudih 7)near vijay chowk junoudih 8)near madai in junoudih 9)near gobargadda chowk junoudih 10)near T mod chowk junoudih,2024-09-18,220000,2024-10-05,220000,Sanction,Sanctioned - Not Completed,,,,17,,691.0,708.0,0,1.0,,False,False,True,True,True,True,True,True,True,True,True,True,False,False,False,0,100.0
WS/MP334/2024-2025/141877-Lightingofpublicspaces,Normal/Others,Jharkhand,GIRIDIH,Shri Chandra Prakash Choudhary,GIRIDIH(Deputy Commissioner Giridh_IDA),Installation of high mask light in baniyadih main chowk in akdoni khurd.,2024-09-20,299894,2025-03-01,299894,Physical Inspection,Sanctioned - Not Completed,,,,162,,544.0,706.0,0,1.0,,False,False,True,True,True,True,True,True,True,True,True,True,False,False,False,0,100.0
WS/MP334/2024-2025/141878-Lightingofpublicspaces,Normal/Others,Jharkhand,GIRIDIH,Shri Chandra Prakash Choudhary,GIRIDIH(Deputy Commissioner Giridh_IDA),Installation of high mask light near durga mandap in pathakhir,2024-09-20,299894,2025-03-01,299894,Physical Inspection,Sanctioned - Not Completed,,,,162,,544.0,706.0,0,1.0,,False,False,True,True,True,True,True,True,True,True,True,True,False,False,False,0,100.0
WS/MP334/2024-2025/141879-Lightingofpublicspaces,Normal/Others,Jharkhand,GIRIDIH,Shri Chandra Prakash Choudhary,GIRIDIH(Deputy Commissioner Giridh_IDA),Installation of high mask light near durga mandap in pathakhir near palganj mod in palganj,2024-09-20,298414,2025-03-01,298414,Physical Inspection,Sanctioned - Not Completed,,,,162,,544.0,706.0,0,1.0,,False,False,True,True,True,True,True,True,True,True,True,True,False,False,False,0,100.0
WS/MP334/2024-2025/143354-Streetlights,Normal/Others,Jharkhand,GIRIDIH,Shri Chandra Prakash Choudhary,BOKARO(DEPUTY COMMISSIONER BOKARO_IDA),Installation of solar street light in bundu panchayat: 1)Near kanhaiya prasad house mathtola 2)Near kailash rajwar house mathtola 3)Near chaman rajwar house mathtola 4)near manikant rajwar house mathtola 5)Near durga mandir mathtola 6)near harendra prasad house mathtola 7)near krishna kumar house mathtola 8)near dhaneshwar rajwar house ghasitola 9)near manoj saw house ghasi tola 10)Near rajendra rajwar house bajaar tand 11)Near amrit rawani house bajaartand 12)near bhaskar gupta shop bajaartand,2024-09-25,264000,2024-10-05,264000,Vendor Identification,Sanctioned - Not Completed,,,,10,,691.0,701.0,0,1.0,,False,False,True,True,True,True,True,True,True,True,True,True,False,False,False,0,100.0
WS/MP334/2024-2025/143356-Streetlights,Normal/Others,Jharkhand,GIRIDIH,Shri Chandra Prakash Choudhary,BOKARO(DEPUTY COMMISSIONER BOKARO_IDA),Installation of solar street light in bundu panchayat: 1)Near madan gupta house bajaartand 2)near bhelwatand school 3)Near SBI ATM 4)Near jivit prasad house mathtola 5)Near bhola baba mandir kewattola 6)Near nunchand kewat house kewat tola 7)near mansa mandir kewat tola 8)near bablu saw house kewat tola 9)near shyam sundar gupta shop bajaartand 10)near munna house bhelwatand 11)near jaggu mahto house bhelwatand 12)near shishu mandir bhelwatand 13)near bajrang bali mandir bhelwatand,2024-09-25,286000,2024-10-05,286000,Vendor Identification,Sanctioned - Not Completed,,,,10,,691.0,701.0,0,1.0,,False,False,True,True,True,True,True,True,True,True,True,True,False,False,False,0,100.0
WS/MP334/2024-2025/143360-Streetlights,Normal/Others,Jharkhand,GIRIDIH,Shri Chandra Prakash Choudhary,BOKARO(DEPUTY COMMISSIONER BOKARO_IDA),Installation of solar street light in bundu panchayat: 1)near gurdip singh chawla house new bus stand 2)near bablu kewat house new bus stand 3)near ashok agarwal house new bus stand 4)near gharmu rawani house bajaartand 5)near ghonghi taalab math tola 6)near ashok tiwari house math tola 7)near pappu soni house kasmar road  8) near prachin durga mandir khatri tola 9)Near shamshan ghat khatri tola 10)Near sati mandir  11)near hanuman mandir,2024-09-25,242000,2024-10-04,242000,Vendor Identification,Sanctioned - Not Completed,,,,9,,692.0,701.0,0,1.0,,False,False,True,True,True,True,True,True,True,True,True,True,False,False,False,0,100.0
WS/MP334/2024-2025/143361-Streetlights,Normal/Others,Jharkhand,GIRIDIH,Shri Chandra Prakash Choudhary,BOKARO(DEPUTY COMMISSIONER BOKARO_IDA),Installation of 6 solar street light in bundu panchayat from rajaa taalab to road,2024-09-25,132000,2024-10-04,132000,Vendor Identification,Sanctioned - Not Completed,,,,9,,692.0,701.0,0,1.0,,False,False,True,True,True,True,True,True,True,True,True,True,False,False,False,0,100.0
WS/MP334/2024-2025/143362-Streetlights,Normal/Others,Jharkhand,GIRIDIH,Shri Chandra Prakash Choudhary,BOKARO(DEPUTY COMMISSIONER BOKARO_IDA),Installation of solar street light in chargi panchayat: 1)Near kadmadih manjhi than 2)near larabdaar manjhi than 3)Near Chargi shiv Mandir  4)Near kataar beda manjhi than 5)Near araari manjhi than 6)Near dandu bandh manjhi than 7)Near rukam manjhi than 8)Near chargi mod akil marandi house,2024-09-25,176000,2024-10-04,176000,Vendor Identification,Sanctioned - Not Completed,,,,9,,692.0,701.0,0,1.0,,False,False,True,True,True,True,True,True,True,True,True,True,False,False,False,0,100.0
WS/MP334/2024-2025/143364-Streetlights,Normal/Others,Jharkhand,GIRIDIH,Shri Chandra Prakash Choudhary,BOKARO(DEPUTY COMMISSIONER BOKARO_IDA),Installation of solar street light in koh panchayat: 1)Near budhan goda manjhi than 2)Near lepo bajrang bali mandir 3)Near jaradih shiv mandir 4)Near koh benilal mahto house 5)near katamkulhi utkramit madhya vidyalay,2024-09-25,110000,2024-10-04,110000,Vendor Identification,Sanctioned - Not Completed,,,,9,,692.0,701.0,0,1.0,,False,False,True,True,True,True,True,True,True,True,True,True,False,False,False,0,100.0
WS/MP334/2024-2025/143384-Streetlights,Normal/Others,Jharkhand,GIRIDIH,Shri Chandra Prakash Choudhary,BOKARO(DEPUTY COMMISSIONER BOKARO_IDA),Installation of solar street light in swang north panchayat: 1)Near mahavir mandir purana mines colony 2)near kali mandir bhuiya tola 3)near shiv mandir mahavir sthan 4)near purana mandir chhath ghat 5)near purana mandir ganjhudih,2024-09-25,110000,2024-10-04,110000,Sanction,Sanctioned - Not Completed,,,,9,,692.0,701.0,0,1.0,,False,False,True,True,True,True,True,True,True,True,True,True,False,False,False,0,100.0
WS/MP334/2024-2025/143388-Streetlights,Normal/Others,Jharkhand,GIRIDIH,Shri Chandra Prakash Choudhary,BOKARO(DEPUTY COMMISSIONER BOKARO_IDA),Installation of solar street light in swang south panchayat: 1)Near shiv mandir hazari mod 2)near type II colony Q no 11/7 3)near jitendra tripathy house 1/C swang colony 4)Near officer colony B/62 quater 5)Near new mines bajrang bali mandir 6)Near new mines devi mandir 7)Near 1/B radha krishna mandir 8)Near 1/B swang shiv mandir 9)Near Near 1/C swang colony mahavir mandir,2024-09-25,198000,2024-10-04,198000,Sanction,Sanctioned - Not Completed,,,,9,,692.0,701.0,0,1.0,,False,False,True,True,True,True,True,True,True,True,True,True,False,False,False,0,100.0
WS/MP334/2024-2025/143389-Streetlights,Normal/Others,Jharkhand,GIRIDIH,Shri Chandra Prakash Choudhary,BOKARO(DEPUTY COMMISSIONER BOKARO_IDA),Installation of solar street light in hazari panchayat: 1)Near patwa basti durga mandir 2)Near patwa basti samudayik bhawan 3)Near nayak tola hari bol mandir  4)near mansa mandir vaidhtola 5)near bajrang bali mandir vaidh tola 6)near durga mandap khudgadha basti,2024-09-25,132000,2024-10-04,132000,Sanction,Sanctioned - Not Completed,,,,9,,692.0,701.0,0,1.0,,False,False,True,True,True,True,True,True,True,True,True,True,False,False,False,0,100.0
WS/MP334/2024-2025/143391-Streetlights,Normal/Others,Jharkhand,GIRIDIH,Shri Chandra Prakash Choudhary,BOKARO(DEPUTY COMMISSIONER BOKARO_IDA),Installation of solar street light in hosir east panchayat: 1)near basanti mandir 2)near durga mandir 3)near raju hotel high school ground 4)Near bhudwa mandir(shiv mandir),2024-09-25,88000,2024-10-04,88000,Sanction,Sanctioned - Not Completed,,,,9,,692.0,701.0,0,1.0,,False,False,True,True,True,True,True,True,True,True,True,True,False,False,False,0,100.0
WS/MP334/2024-2025/143392-Streetlights,Normal/Others,Jharkhand,GIRIDIH,Shri Chandra Prakash Choudhary,BOKARO(DEPUTY COMMISSIONER BOKARO_IDA),Installation of solar street light in hosir west panchayat: 1)near kali mandir 2)near khela chandi mandir 3)near narbedkhar mandir 4)near zero point chowk 5)near zero point chowk bajrang bali mandir,2024-09-25,110000,2024-10-04,110000,Sanction,Sanctioned - Not Completed,,,,9,,692.0,701.0,0,1.0,,False,False,True,True,True,True,True,True,True,True,True,True,False,False,False,0,100.0
WS/MP334/2024-2025/143396-Streetlights,Normal/Others,Jharkhand,GIRIDIH,Shri Chandra Prakash Choudhary,BOKARO(DEPUTY COMMISSIONER BOKARO_IDA),Installation of solar street light in sadam purvi panchayat: 1)Near dularvchand paswan house 2)near bajrang bali mandir 3)near rambharat singh house naina tand 4)near bajrang bali mandir nainatand 4),2024-09-25,88000,2024-10-04,88000,Sanction,Sanctioned - Not Completed,,,,9,,692.0,701.0,0,1.0,,False,False,True,True,True,True,True,True,True,True,True,True,False,False,False,0,100.0
WS/MP334/2024-2025/143398-Streetlights,Normal/Others,Jharkhand,GIRIDIH,Shri Chandra Prakash Choudhary,BOKARO(DEPUTY COMMISSIONER BOKARO_IDA),Installation of solar street light in sadam west panchayat: 1)Near bangali tola durga mandir 2)Near santoshi mandir 3)Near bajrang bali mandir 4)Near madai tola mandir 5)near bangali tola radha krishna mandir 6)Near shiv mandir bangali tola,2024-09-25,132000,2024-10-04,132000,Sanction,Sanctioned - Not Completed,,,,9,,692.0,701.0,0,1.0,,False,False,True,True,True,True,True,True,True,True,True,True,False,False,False,0,100.0
WS/MP334/2024-2025/143401-Streetlights,Normal/Others,Jharkhand,GIRIDIH,Shri Chandra Prakash Choudhary,BOKARO(DEPUTY COMMISSIONER BOKARO_IDA),Installation of solar street light in sarhachiya panchayat: 1)Near durga mandir 3 no. tenughat 2)Near radha krishna mandir 3)Near bajrang bali mandir 2 no. tenughat 2),2024-09-25,66000,2024-10-04,66000,Sanction,Sanctioned - Not Completed,,,,9,,692.0,701.0,0,1.0,,False,False,True,True,True,True,True,True,True,True,True,True,False,False,False,0,100.0
WS/MP334/2024-2025/143402-Streetlights,Normal/Others,Jharkhand,GIRIDIH,Shri Chandra Prakash Choudhary,BOKARO(DEPUTY COMMISSIONER BOKARO_IDA),Installation of solar street light in jhirke panchayat: 1)Near baba saheb ambedkar statue 2)Near durga mandir yadav tola 3)Near harijan tola mandir,2024-09-25,66000,2024-10-04,66000,Sanction,Sanctioned - Not Completed,,,,9,,692.0,701.0,0,1.0,,False,False,True,True,True,True,True,True,True,True,True,True,False,False,False,0,100.0
WS/MP334/2024-2025/143404-Streetlights,Normal/Others,Jharkhand,GIRIDIH,Shri Chandra Prakash Choudhary,BOKARO(DEPUTY COMMISSIONER BOKARO_IDA),Installation of solar street light in bandh panchayat: 1)Near kali mandir kamar tola 2)Near hari bol mandir mahlibandh 3)Near giri tola 4)Near bandh colony bajrang bali mandir,2024-09-25,88000,2024-10-04,88000,Sanction,Sanctioned - Not Completed,,,,9,,692.0,701.0,0,1.0,,False,False,True,True,True,True,True,True,True,True,True,True,False,False,False,0,100.0
WS/MP334/2024-2025/143406-Streetlights,Normal/Others,Jharkhand,GIRIDIH,Shri Chandra Prakash Choudhary,BOKARO(DEPUTY COMMISSIONER BOKARO_IDA),Installation of solar street light in kathara panchayat: 1)Near durga mandir 2)Near shiv mandir on the way to mahlibandh 3)Near jhopad patti chowk 4)Near kathara basti mandir,2024-09-25,88000,2024-10-04,88000,Sanction,Sanctioned - Not Completed,,,,9,,692.0,701.0,0,1.0,,False,False,True,True,True,True,True,True,True,True,True,True,False,False,False,0,100.0
WS/MP334/2024-2025/143407-Streetlights,Normal/Others,Jharkhand,GIRIDIH,Shri Chandra Prakash Choudhary,BOKARO(DEPUTY COMMISSIONER BOKARO_IDA),installation of solar street light in madhukarpur panchayat: 1)Near gautam turi house 2)Near dilip turi house,2024-09-25,44000,2024-10-04,44000,Sanction,Sanctioned - Not Completed,,,,9,,692.0,701.0,0,1.0,,False,False,True,True,True,True,True,True,True,True,True,True,False,False,False,0,100.0
WS/MP334/2024-2025/143946-Streetlights,Normal/Others,Jharkhand,GIRIDIH,Shri Chandra Prakash Choudhary,BOKARO(DEPUTY COMMISSIONER BOKARO_IDA),Installation of solar street light in hurlung panchayat: 1)Near madrasa hurlung  2)Near chetlal mahto house  3)Near ravidas upar tola 4)Near jariya turi chowk 5)Near pandey tola sahdev pandev house 6)Near dilip mahto house pakiyatand 7)Near karmatand masjid 8)near puran mahto house 9)Near vedithan devsthan narkandi 10)Near sharda chowk hurlung 11)Near murli mahto house 12)Near jatra tand mandir 13)Near kumhar tola parsatand 14)Near Mahadev Mahto house 15)Near karmatand dalal tola,2024-09-27,330000,2024-10-09,330000,Vendor Identification,Sanctioned - Not Completed,,,,12,,687.0,699.0,0,1.0,,False,False,True,True,True,True,True,True,True,True,True,True,False,False,False,0,100.0
WS/MP334/2024-2025/143960-Streetlights,Normal/Others,Jharkhand,GIRIDIH,Shri Chandra Prakash Choudhary,BOKARO(DEPUTY COMMISSIONER BOKARO_IDA),Installation of solar street light in chute panchayat: 1)near kali mahto house chaiyatand 2)near karma arbada chaiyatand 3)Near dhanhara mansa mandir 4)Near gulal mahto house paarkharna 5)Near badki kharna akhaada 6)Near Jawahar singh house chute 7)Near jagdish ganjhu house peprabad 8)near girdhari mahto house tuiyo 9)Near santosh singh house shrinagar 10)Near durga mandir rajadera,2024-09-27,220000,2024-10-09,220000,Vendor Identification,Sanctioned - Not Completed,,,,12,,687.0,699.0,0,1.0,,False,False,True,True,True,True,True,True,True,True,True,True,False,False,False,0,100.0
WS/MP334/2024-2025/143963-Streetlights,Normal/Others,Jharkhand,GIRIDIH,Shri Chandra Prakash Choudhary,BOKARO(DEPUTY COMMISSIONER BOKARO_IDA),Installation of solar street light in chatrochatti panchayat: 1)Near durga mandir chatrochati 2)near chatrochatti chowk 3)Near Narayan raja house 4)Near mantu ravidas house 5)Near kishan ravidas house 6)Near samse ravidas house 7)Near prabhu ravidas house 8)Near hari ravidas house 9)Near Babulal Bhuiya house 10)Near bedan ravidas house,2024-09-27,220000,2024-10-09,220000,Vendor Identification,Sanctioned - Not Completed,,,,12,,687.0,699.0,0,1.0,,False,False,True,True,True,True,True,True,True,True,True,True,False,False,False,0,100.0
WS/MP334/2024-2025/143964-Streetlights,Normal/Others,Jharkhand,GIRIDIH,Shri Chandra Prakash Choudhary,BOKARO(DEPUTY COMMISSIONER BOKARO_IDA),Installation of solar street light in lodhi panchayat: 1)Near mobin house partiya 2)Near Imran Ansari house 3)Near ganjhu tola kodwa chowk 4)Near Yashwant ravidas house 5)Near Rameshwar house tisri 6)Near dhaneshwar Marandi bhuchindih chowk 7)Near akbar house lodhi bahgiya 8)near Yogendra saw house bajaaar tand pejua 9)near taslim Ansari pejua 10)near jamshed house lodhi,2024-09-27,220000,2024-10-09,220000,Vendor Identification,Sanctioned - Not Completed,,,,12,,687.0,699.0,0,1.0,,False,False,True,True,True,True,True,True,True,True,True,True,False,False,False,0,100.0
WS/MP334/2024-2025/143965-Streetlights,Normal/Others,Jharkhand,GIRIDIH,Shri Chandra Prakash Choudhary,BOKARO(DEPUTY COMMISSIONER BOKARO_IDA),Installation of solar street light in badki chidri panchayat: 1)Near ajay pandey house jarkunda 2)Near kadma harijan tola 3)Near Narayan mahto house maagha 4)Near mansa mandir chotki chidri 5)Near rathu saw house badki chidri 6)Near maday mandir chilgo 7)Near bajrangbali mandir chilgo 8)Near puran mahto chotki tilaiya 9)Near ravi house chaliyatand 10)Near asanabeda mandir,2024-09-27,220000,2024-10-09,220000,Vendor Identification,Sanctioned - Not Completed,,,,12,,687.0,699.0,0,1.0,,False,False,True,True,True,True,True,True,True,True,True,True,False,False,False,0,100.0
WS/MP334/2024-2025/143968-Streetlights,Normal/Others,Jharkhand,GIRIDIH,Shri Chandra Prakash Choudhary,BOKARO(DEPUTY COMMISSIONER BOKARO_IDA),Installation of solar street light in karikhurd panchayat: 1)Near Thanu mahto house  2)Near naresh barnwal house 3)Near gopal mahto house 4)near somar mahto house 5)Near mansa mandir 6)Near kajal kilo high school 7)Near marshal high school 8)Near baratand chowk 9)Near Narayan mahto house kurknalo 10)Near mukhiya vidya devi house 11)Near shankar singh house kurknalo 12)Nera karmali chowk,2024-09-27,264000,2024-10-09,264000,Vendor Identification,Sanctioned - Not Completed,,,,12,,687.0,699.0,0,1.0,,False,False,True,True,True,True,True,True,True,True,True,True,False,False,False,0,100.0
WS/MP334/2024-2025/144843-Streetlights,Normal/Others,Jharkhand,GIRIDIH,Shri Chandra Prakash Choudhary,BOKARO(DEPUTY COMMISSIONER BOKARO_IDA),Installation of solar street light in pachmo panchayat:  1)Near gurcharan mahto house in jamnijara 2)Near gangadhar mahto house in jamnijara 3)Near dhaneshwar mahto housein jamnijara 4)Near jayprakash mahto house in jamni jara 5)Near raghunath mahto house in lediaam 6)Near Mohan mahto house in lediaam 7)Near dularchand mahto house in jhumrapahad 8)Near jago mahto house in jhumrapahad 9)Near fulchand mahto house in jhumrapahad 10)Near Pradeep manjhi house in jhumra pahad,2024-10-02,220000,2024-10-09,220000,Vendor Identification,Sanctioned - Not Completed,,,,7,,687.0,694.0,0,1.0,,False,False,True,True,True,True,True,True,True,True,True,True,False,False,False,0,100.0
WS/MP334/2024-2025/144844-Streetlights,Normal/Others,Jharkhand,GIRIDIH,Shri Chandra Prakash Choudhary,BOKARO(DEPUTY COMMISSIONER BOKARO_IDA),Installation of solar street light in pachmo panchayat: 1)Near charika mahto house in baltharak 2)Near Mahendra mahto house in baltharak 3)Near baleshwar mahto house in baltharak 4)Near mahendra kumar mahto in baltharak 5)Near viralal manjhi house saraiyapani 6)Near karthik manjhi house in saraiyapani 7)Near anita kumari house in saraiyapaani 8)Near malti devi house purnapani 9)Near tekochand mahto house in purnapani 10)Near hanuman mandir purnapani,2024-10-02,220000,2024-10-09,220000,Vendor Identification,Sanctioned - Not Completed,,,,7,,687.0,694.0,0,1.0,,False,False,True,True,True,True,True,True,True,True,True,True,False,False,False,0,100.0
WS/MP334/2024-2025/144845-Streetlights,Normal/Others,Jharkhand,GIRIDIH,Shri Chandra Prakash Choudhary,BOKARO(DEPUTY COMMISSIONER BOKARO_IDA),Installation of solar street light in pachmo panchayat: 1)Near unit ganjhu house in purnapani 2)Near khemlal mahto house in purnapani 3)Near prakash saw house i hurdag 4)Near arvind saw house in hurdag 5)Near bhuneshwar mahto house in hurdag 6)Near upartola akhada in hurdag 7)Near kamlu mahto house in hurdag 8)near hulso devi house in hurdag 9)Near awadhesh malakar house in hurdag 10)near shiv mandir hurdag,2024-10-02,220000,2024-10-09,220000,Vendor Identification,Sanctioned - Not Completed,,,,7,,687.0,694.0,0,1.0,,False,False,True,True,True,True,True,True,True,True,True,True,False,False,False,0,100.0
WS/MP334/2024-2025/144846-Streetlights,Normal/Others,Jharkhand,GIRIDIH,Shri Chandra Prakash Choudhary,BOKARO(DEPUTY COMMISSIONER BOKARO_IDA),Installation of solar street light in pachmo panchayat: 1)Near prayag mahto house in hurdag 2)Near nageshwar mahto house in rahawan 3)Near kishun abriya house in rahawan 4)Near manoj pandey house in rahawan 5)Near rohit mahto house in rahawan 6)Near raju mahto house in rahawan 7)Near kamal mahto house in pachmo 8)Near rinku karmali house in pachmo 9)Near manoj mahto house in pachmo 10)Near arun mahto house in pachmo,2024-10-02,220000,2024-10-09,220000,Vendor Identification,Sanctioned - Not Completed,,,,7,,687.0,694.0,0,1.0,,False,False,True,True,True,True,True,True,True,True,True,True,False,False,False,0,100.0
WS/MP334/2024-2025/144847-Streetlights,Normal/Others,Jharkhand,GIRIDIH,Shri Chandra Prakash Choudhary,BOKARO(DEPUTY COMMISSIONER BOKARO_IDA),Installation of solar street light in pachmo panchayat: 1)Near biglal mahto house in pachmo 2)Near khemlal mahto house in pachmo 3)Near saryu mahto house in jaraiyatand 4)Near nageshwar prajapati house in jaraiyatand 5)Near sunindrika devi house in jaraiyatand 6)Near surendra mahto house in biyahimahua 7)Near tukaman mahto house in biyahi mahua 8)Near manoj mahto house in biyahi mahua 9)Near mahesh mahto house in biyahi mahua 10)Near harihar mahto padnatand,2024-10-02,220000,2024-10-09,220000,Vendor Identification,Sanctioned - Not Completed,,,,7,,687.0,694.0,0,1.0,,False,False,True,True,True,True,True,True,True,True,True,True,False,False,False,0,100.0
WS/MP334/2024-2025/144848-Streetlights,Normal/Others,Jharkhand,GIRIDIH,Shri Chandra Prakash Choudhary,BOKARO(DEPUTY COMMISSIONER BOKARO_IDA),Installation of solar street light in pachmo panchayat: 1)Near horil mahto house in padnatand 2)Near maku mahto house in padnatand 3)Near arjun rajwar house in padnatand,2024-10-02,66000,2024-10-09,66000,Vendor Identification,Sanctioned - Not Completed,,,,7,,687.0,694.0,0,1.0,,False,False,True,True,True,True,True,True,True,True,True,True,False,False,False,0,100.0
WS/MP334/2024-2025/144854-Streetlights,Normal/Others,Jharkhand,GIRIDIH,Shri Chandra Prakash Choudhary,BOKARO(DEPUTY COMMISSIONER BOKARO_IDA),Installation of solar street light in siari panchayat: 1)Near ramesh manjhi house in gose birhor dera 2)Near ramchandra murmu house in kashitand 3)Near sabuka murmu house in kashitand 4)Near asanapani in gose 5)Near mufarwa manjhi mahadev house in daridag 6)Near amaar ganjhu house in chitu 7)Near bhade manjhi house in gose birhor dera 8)Near bhuiya tola siari 9)Near karmali tola in siari 10)Near shyam sundar mahto house in dumri siari,2024-10-02,220000,2024-10-09,220000,Vendor Identification,Sanctioned - Not Completed,,,,7,,687.0,694.0,0,1.0,,False,False,True,True,True,True,True,True,True,True,True,True,False,False,False,0,100.0
WS/MP334/2024-2025/144855-Streetlights,Normal/Others,Jharkhand,GIRIDIH,Shri Chandra Prakash Choudhary,BOKARO(DEPUTY COMMISSIONER BOKARO_IDA),Installation of solar street light in khamhara panchayat: 1)Near school in karmatand chitu 2)Near babuchand besra house in khamhara 3)Near sarhul sthan karmatand aadvasi tola 4)Near tikeshwar prasad house in khamhara 5)Near deepak prasad house in kaswagadha 6)Near maher sanstha in kaswagadh 7)Near triveni saw house in kaswagadh 8)Near mandir in ravidas tola in khamhara 9)Near edward ekka house in khamhara 10)Near nakul murmu house in khamahara,2024-10-02,220000,2024-10-09,220000,Vendor Identification,Sanctioned - Not Completed,,,,7,,687.0,694.0,0,1.0,,False,False,True,True,True,True,True,True,True,True,True,True,False,False,False,0,100.0
WS/MP334/2024-2025/144856-Streetlights,Normal/Others,Jharkhand,GIRIDIH,Shri Chandra Prakash Choudhary,BOKARO(DEPUTY COMMISSIONER BOKARO_IDA),Installation of solar street light in sasbera purvi panchayat: 1)Near akalu gope house in jau beda basti 2)Near sikandar ali house in laal flat 3)Near yamuna gope house in jau beda  4)Near bahoran sharma house in nawadadi 5)Near rakesh chouhan house in mission road 6)Near shambhu yadav house in government colony 7)Near kali mandir governemnt colony 8)Near premlal sharma house in adarshnagar 9)Near vipin thakur house in government colony 10)Near raju chouhan house in nawadadi,2024-10-02,220000,2024-10-09,220000,Vendor Identification,Sanctioned - Not Completed,,,,7,,687.0,694.0,0,1.0,,False,False,True,True,True,True,True,True,True,True,True,True,False,False,False,0,100.0
WS/MP334/2024-2025/144857-Streetlights,Normal/Others,Jharkhand,GIRIDIH,Shri Chandra Prakash Choudhary,BOKARO(DEPUTY COMMISSIONER BOKARO_IDA),Installation of solar street light in sasbeda paschimi panchayat: 1)Near hussain sahab house 2)Near sharma ji house 3)Near ekramul haque house 4)Near imtyaz house 5)Near block road shravan house 6)Near REL pinki fast food shop 7)Near pratik prasad house,2024-10-02,154000,2024-10-09,154000,Sanction,Sanctioned - Not Completed,,,,7,,687.0,694.0,0,1.0,,False,False,True,True,True,True,True,True,True,True,True,True,False,False,False,0,100.0
WS/MP334/2024-2025/144858-Streetlights,Normal/Others,Jharkhand,GIRIDIH,Shri Chandra Prakash Choudhary,BOKARO(DEPUTY COMMISSIONER BOKARO_IDA),Installation of solar street light in gomia panchayat: 1)Near karmali tola chowk in gomia 2)Near bauraha tola chowk 3)anear modi tola chowk 4)Near durga lal pansari house in pasari tola 5)Near mansa mandir dhobitola 6)Near pani tanki padriya road 7)Near ashok paswan house in paswan tola 8)Near champa devi house in kumhar tola 9)Near hanuman mandir jaysawal tola 10)Near maa bhagwati temple in banglatand 11)Near main road guhi akhaara,2024-10-02,242000,2024-10-09,242000,Vendor Identification,Sanctioned - Not Completed,,,,7,,687.0,694.0,0,1.0,,False,False,True,True,True,True,True,True,True,True,True,True,False,False,False,0,100.0
WS/MP334/2024-2025/144859-Streetlights,Normal/Others,Jharkhand,GIRIDIH,Shri Chandra Prakash Choudhary,BOKARO(DEPUTY COMMISSIONER BOKARO_IDA),Installation of solar street light in palihari gurudih panchayat: 1)Near sunil lal house in lala toli 2)Near late firgi saw house in kothitand 3)Near kishore saw house in bhagat abra 4)Near dinesh pandey house in bhagat ahara 5)Near gopal kandu house in kandutola 6)Near shiv mandir in gomia mod 7)Near kishore saw house in babugali 9)Near banti paswan house  in kothi tand 10)Near rupesh ration in latkutta station road 11)Near sanjay lal pansari house in siari road,2024-10-02,242000,2024-10-09,242000,Vendor Identification,Sanctioned - Not Completed,,,,7,,687.0,694.0,0,1.0,,False,False,True,True,True,True,True,True,True,True,True,True,False,False,False,0,100.0
WS/MP334/2024-2025/144860-Streetlights,Normal/Others,Jharkhand,GIRIDIH,Shri Chandra Prakash Choudhary,BOKARO(DEPUTY COMMISSIONER BOKARO_IDA),Installation of solar street light in swang uttari panchayat: 1)Near swang allery side chowk 2)Near baba bhuiya toli chowk 3)Near on the way to mallah toli 4)Near baba handi tola chowk 5)Near hanuman mandir mallah toli 6)Near karmatiya harijan tola 7)Near nav prathmik school karmatiya 8)Near hanuman mandir bhuiya tola 9)Near chapanal in gandhi graam 10)Near karmatiya chouhan tola,2024-10-02,220000,2024-10-09,220000,Vendor Identification,Sanctioned - Not Completed,,,,7,,687.0,694.0,0,1.0,,False,False,True,True,True,True,True,True,True,True,True,True,False,False,False,0,100.0
WS/MP334/2024-2025/144861-Streetlights,Normal/Others,Jharkhand,GIRIDIH,Shri Chandra Prakash Choudhary,BOKARO(DEPUTY COMMISSIONER BOKARO_IDA),installation of solar street light in swang dakshini panchayat: 1)Near main road kendua kocha 2)Near 1/B Market 3)Near 1/B panchayat bhawan 4)Near 1/B shiv mandir 5)Near hazari mod main road market 6)Near DAV junior wing 7)Near haribola swang basti 8)Near 1/C vivah bhawan 9)Near shiv mandir hazari mod 10)Near anil hotel main chowk new mines,2024-10-02,220000,2024-10-09,220000,Vendor Identification,Sanctioned - Not Completed,,,,7,,687.0,694.0,0,1.0,,False,False,True,True,True,True,True,True,True,True,True,True,False,False,False,0,100.0
WS/MP334/2024-2025/144862-Streetlights,Normal/Others,Jharkhand,GIRIDIH,Shri Chandra Prakash Choudhary,BOKARO(DEPUTY COMMISSIONER BOKARO_IDA),Installation of solar street light in hazari panchayat: 1)Near durga mandir khudgadda 2)Near gali chowk in paswan mohalla 3)Near upar tola chowk in khudgadda 4)Near shiv mandir niche tola 5)Near hanuman  mandir ambatand 6)Near niche tola geruadih 7)Near upar tola in geruadih 8)Near kedar yadav house iin ambatand 9)Near kranti mod vimal devi 10)Near sundar lal ram house in ganjhudih 11)Near bajrang bali mandir prajpati tola 12)Near durga mandir patwa tola,2024-10-02,264000,2024-10-09,264000,Vendor Identification,Sanctioned - Not Completed,,,,7,,687.0,694.0,0,1.0,,False,False,True,True,True,True,True,True,True,True,True,True,False,False,False,0,100.0
WS/MP334/2024-2025/144863-Streetlights,Normal/Others,Jharkhand,GIRIDIH,Shri Chandra Prakash Choudhary,BOKARO(DEPUTY COMMISSIONER BOKARO_IDA),Installation of solar street light in kathara panchayat: 1)Near birju shop kathara 4 No. 2)near baliram chouhan house in kathara 4 no. 3)Near kathara sub station colony 4)Near colony ground in kathara 2 No. 5)Near colony children park in kathara 2 No. 6)Near turi tola chowk inkathara basti 7)Near yadav tola in kathara basti 8)Near RBM colony house 9)Near railway colony ground 10)Near railway colony mandir,2024-10-02,220000,2024-10-09,220000,Vendor Identification,Sanctioned - Not Completed,,,,7,,687.0,694.0,0,1.0,,False,False,True,True,True,True,True,True,True,True,True,True,False,False,False,0,100.0
WS/MP334/2024-2025/144864-Streetlights,Normal/Others,Jharkhand,GIRIDIH,Shri Chandra Prakash Choudhary,BOKARO(DEPUTY COMMISSIONER BOKARO_IDA),Installation of solar street light in bandh panchayat: 1)near hanuman mandir yadav tola 2)Near kali mandir bandh colony 3)Near durga mandir bandh colony 4)Near mansa mandir kamal tola 5)Near thakur tola taalab in mahlibandh 6)Near hanuman chowk in mahlibandh 7)Near hanuman mandir bhurkunda basti 8)Near kenduatola hanuman mandir mahlibandh 9)Near suresh yadav house pardih kamal tola 10)Near dudhmatiya school bandh basti,2024-10-02,220000,2024-10-09,220000,Vendor Identification,Sanctioned - Not Completed,,,,7,,687.0,694.0,0,1.0,,False,False,True,True,True,True,True,True,True,True,True,True,False,False,False,0,100.0
WS/MP334/2024-2025/144865-Streetlights,Normal/Others,Jharkhand,GIRIDIH,Shri Chandra Prakash Choudhary,BOKARO(DEPUTY COMMISSIONER BOKARO_IDA),installation of solar street light in sarhachiya panchayat: 1)Near sanjit kumar house (tenughat 2 No.) 2)Near bharat mata mandir 3)Near shiv mandir chowk in tenughat 2 No. 4)Near satyendra singh house in tenughat 2 No. 5)Near bhuneshwar gope house  6)Near hari mandir 7)Near guni ravidas gendiya devi house 8)Near mansa mandir 9)Near durga mandir 10)Near tokendra ravidas house 11)Near motilal yadav house,2024-10-02,242000,2024-10-09,242000,Sanction,Sanctioned - Not Completed,,,,7,,687.0,694.0,0,1.0,,False,False,True,True,True,True,True,True,True,True,True,True,False,False,False,0,100.0
WS/MP334/2024-2025/144866-Streetlights,Normal/Others,Jharkhand,GIRIDIH,Shri Chandra Prakash Choudhary,BOKARO(DEPUTY COMMISSIONER BOKARO_IDA),Installation of solar street light in saram purvi panchayat: 1)Near utkramit madhya vidyalay simarped chowk hathiypathar 2)Near maa bhagwati mandir in batbariya 3)Near ambedkar chowk harijan tola 4)Near rawani tola chowk chatniya bagi 5)Near maa kali mandir karmatand 6)Near mansa mandir karmatand 7)Near jaynandan rawani house in achaiya tola 8)Near maa kali mandir naina tand 9)Near shiv mandir naina tand 10)Near sanjiv singh house (kali mandir ) nainatand,2024-10-02,220000,2024-10-09,220000,Vendor Identification,Sanctioned - Not Completed,,,,7,,687.0,694.0,0,1.0,,False,False,True,True,True,True,True,True,True,True,True,True,False,False,False,0,100.0
WS/MP334/2024-2025/144867-Streetlights,Normal/Others,Jharkhand,GIRIDIH,Shri Chandra Prakash Choudhary,BOKARO(DEPUTY COMMISSIONER BOKARO_IDA),Installation of solar street light in saram paschimi panchayat: 1)Near durga mandir saram bajaar 2)near kali mandir chowk tiwari tola 3)Near shiv mandir pakriya tola 4)Near madai tola shitla mandir 5)Near bajrang bali mandir 6)Near thakur badi rajput tola 7)Near nauwa toli chowk 8)Near nahar kinare chowk 9)Near guhi ahra taalab road,2024-10-02,198000,2024-10-09,198000,Sanction,Sanctioned - Not Completed,,,,7,,687.0,694.0,0,1.0,,False,False,True,True,True,True,True,True,True,True,True,True,False,False,False,0,100.0
WS/MP334/2024-2025/144868-Streetlights,Normal/Others,Jharkhand,GIRIDIH,Shri Chandra Prakash Choudhary,BOKARO(DEPUTY COMMISSIONER BOKARO_IDA),"Istallation of solar street light in hosir purvi panchayat: 1)Near Mahadev Manda 2)Near bajrang bali mandir hosir nai tola 3)Near purni mandap tetariya tand 4)Near tetariya tand mansa mandap 5)Near basanti manda in brahman tola 6)Near bajrang bali mandir ""0"" point 7)Near durga mandir laraiytand 8)Near bajrang bali mandir kamkar tola 9)Near mansa mandir paswan tola 10)Near bajrang bali mandir choudhary tola",2024-10-02,220000,2024-10-09,220000,Vendor Identification,Sanctioned - Not Completed,,,,7,,687.0,694.0,0,1.0,,False,False,True,True,True,True,True,True,True,True,True,True,False,False,False,0,100.0
WS/MP334/2024-2025/144869-Streetlights,Normal/Others,Jharkhand,GIRIDIH,Shri Chandra Prakash Choudhary,BOKARO(DEPUTY COMMISSIONER BOKARO_IDA),Installation of solar street light in hosir pashchimi panchayat: 1)Near bhagat singh devipur chowk 2)Near naya durga mandir 3)Near jirwa devi house in hosir 4)Near amit saw house in devipur 5)Near durga mandir thakurbadi hosir 6)Near mansa mandir rath tand 7)Near aanganbadi rath tand 8)Near dineshwar yadav house in birsa 9)Near deepak saw house in jamakdih 10)Near hanuman mandir jamakdih,2024-10-02,220000,2024-10-09,220000,Vendor Identification,Sanctioned - Not Completed,,,,7,,687.0,694.0,0,1.0,,False,False,True,True,True,True,True,True,True,True,True,True,False,False,False,0,100.0
WS/MP334/2024-2025/144870-Streetlights,Normal/Others,Jharkhand,GIRIDIH,Shri Chandra Prakash Choudhary,BOKARO(DEPUTY COMMISSIONER BOKARO_IDA),Installation of solar street light in tulbul panchayat: 1)Near hemant kewat house in hardiyamo 2)Near kali mandir chailiyatand 3)Near hanuman mandir tulbul main road 4)Near hari mandir upartola 5)Near bandhu prajapti house in neemtola 6)Near mansa mandir kadam tola 7)Near shiv mandir sundi tola 8)Near bhim saw house in sundi tola 9)Near hanumna mandir sundi tola 10)Near krishna mandir birsa 11)Near bablu manjhi house in hardiyamo,2024-10-02,242000,2024-10-09,242000,Vendor Identification,Sanctioned - Not Completed,,,,7,,687.0,694.0,0,1.0,,False,False,True,True,True,True,True,True,True,True,True,True,False,False,False,0,100.0
WS/MP334/2024-2025/144871-Lightingofpublicspaces,Normal/Others,Jharkhand,GIRIDIH,Shri Chandra Prakash Choudhary,GIRIDIH(Deputy Commissioner Giridh_IDA),Installation of mask light near narayan pandit ke ghar ke paas mod mei in tambagudiyo village of amra panchayat,2024-10-02,150000,2024-12-18,150000,Vendor Identification,Sanctioned - Not Completed,,,,77,,617.0,694.0,0,1.0,,False,False,True,True,True,True,True,True,True,True,True,True,False,False,False,0,100.0
WS/MP334/2024-2025/144872-Lightingofpublicspaces,Normal/Others,Jharkhand,GIRIDIH,Shri Chandra Prakash Choudhary,GIRIDIH(Deputy Commissioner Giridh_IDA),Installation of mask light near bajrangbali mandir in asurbandh.,2024-10-02,150000,2024-12-18,150000,Vendor Identification,Sanctioned - Not Completed,,,,77,,617.0,694.0,0,1.0,,False,False,True,True,True,True,True,True,True,True,True,True,False,False,False,0,100.0
WS/MP334/2024-2025/144873-Lightingofpublicspaces,Normal/Others,Jharkhand,GIRIDIH,Shri Chandra Prakash Choudhary,GIRIDIH(Deputy Commissioner Giridh_IDA),Installation of mask light near atki chowk in atki panchayat,2024-10-02,150000,2024-12-18,150000,Vendor Identification,Sanctioned - Not Completed,,,,77,,617.0,694.0,0,1.0,,False,False,True,True,True,True,True,True,True,True,True,True,False,False,False,0,100.0
WS/MP334/2024-2025/144874-Lightingofpublicspaces,Normal/Others,Jharkhand,GIRIDIH,Shri Chandra Prakash Choudhary,GIRIDIH(Deputy Commissioner Giridh_IDA),Installation of mask light in badki bergi panchayat: 1)Near raghu mandal house in basokando village 2)Near vinod thakur shop in badki bergi,2024-10-02,300000,2025-02-10,300000,Physical Inspection,Sanctioned - Not Completed,,,,131,,563.0,694.0,0,1.0,,False,False,True,True,True,True,True,True,True,True,True,True,False,False,False,0,100.0
WS/MP334/2024-2025/144875-Lightingofpublicspaces,Normal/Others,Jharkhand,GIRIDIH,Shri Chandra Prakash Choudhary,GIRIDIH(Deputy Commissioner Giridh_IDA),Installation of mask light in balthariya panchayat: 1)Near ram mandir baltharia 2)Near sahu mohalla i baltharia 3)Near mahavir gupta house in koriyadih,2024-10-02,450000,2025-02-10,450000,Vendor Identification,Sanctioned - Not Completed,,,,131,,563.0,694.0,0,1.0,,False,False,True,True,True,True,True,True,True,True,True,True,False,False,False,0,100.0
WS/MP334/2024-2025/144876-Lightingofpublicspaces,Normal/Others,Jharkhand,GIRIDIH,Shri Chandra Prakash Choudhary,GIRIDIH(Deputy Commissioner Giridh_IDA),Installation of mask light in berha suiyadih panchayat: 1)Near bishunpur chowk in berha suiyadih,2024-10-02,150000,2024-12-18,150000,Vendor Identification,Sanctioned - Not Completed,,,,77,,617.0,694.0,0,1.0,,False,False,True,True,True,True,True,True,True,True,True,True,False,False,False,0,100.0
WS/MP334/2024-2025/144877-Lightingofpublicspaces,Normal/Others,Jharkhand,GIRIDIH,Shri Chandra Prakash Choudhary,GIRIDIH(Deputy Commissioner Giridh_IDA),Installation of mask light near kailash turi house in chhachando panchayat,2024-10-02,150000,2024-12-18,150000,Vendor Identification,Sanctioned - Not Completed,,,,77,,617.0,694.0,0,1.0,,False,False,True,True,True,True,True,True,True,True,True,True,False,False,False,0,100.0
WS/MP334/2024-2025/144878-Lightingofpublicspaces,Normal/Others,Jharkhand,GIRIDIH,Shri Chandra Prakash Choudhary,GIRIDIH(Deputy Commissioner Giridh_IDA),Installation of mask light in chino panchayat: 1)Near tuladih club bhawan in tuladih 2)Near shiv mandir in samda chino,2024-10-02,300000,2025-02-10,300000,Sanction,Sanctioned - Not Completed,,,,131,,563.0,694.0,0,1.0,,False,False,True,True,True,True,True,True,True,True,True,True,False,False,False,0,100.0
WS/MP334/2024-2025/144879-Lightingofpublicspaces,Normal/Others,Jharkhand,GIRIDIH,Shri Chandra Prakash Choudhary,GIRIDIH(Deputy Commissioner Giridh_IDA),Installation of mask light in chegro panchayat: 1)Near mahadev pandit house  2)chegro mod mei go shala,2024-10-02,300000,2025-02-10,300000,Vendor Identification,Sanctioned - Not Completed,,,,131,,563.0,694.0,0,1.0,,False,False,True,True,True,True,True,True,True,True,True,True,False,False,False,0,100.0
WS/MP334/2024-2025/144880-Lightingofpublicspaces,Normal/Others,Jharkhand,GIRIDIH,Shri Chandra Prakash Choudhary,GIRIDIH(Deputy Commissioner Giridh_IDA),Installation of mask light in isri dakshini panchayat: 1)Near bus tand hanuman mandir 2)Near argaghat road,2024-10-02,300000,2025-02-10,300000,Vendor Identification,Sanctioned - Not Completed,,,,131,,563.0,694.0,0,1.0,,False,False,True,True,True,True,True,True,True,True,True,True,False,False,False,0,100.0
WS/MP334/2024-2025/144881-Lightingofpublicspaces,Normal/Others,Jharkhand,GIRIDIH,Shri Chandra Prakash Choudhary,GIRIDIH(Deputy Commissioner Giridh_IDA),Installation of mask light in isri uttari panchayat: 1)Near durga mandir 2)Near hanuman mandir in punjabi tola,2024-10-02,300000,2025-02-10,300000,Vendor Identification,Sanctioned - Not Completed,,,,131,,563.0,694.0,0,1.0,,False,False,True,True,True,True,True,True,True,True,True,True,False,False,False,0,100.0
WS/MP334/2024-2025/144882-Lightingofpublicspaces,Normal/Others,Jharkhand,GIRIDIH,Shri Chandra Prakash Choudhary,GIRIDIH(Deputy Commissioner Giridh_IDA),Installation of mask light in jamtara panchayat: 1)Near durga mandir  2)Near bishwarkarma mandir 3)Near hanuman mandir in pipradih,2024-10-02,450000,2025-02-10,450000,Physical Inspection,Sanctioned - Not Completed,,,,131,,563.0,694.0,0,1.0,,False,False,True,True,True,True,True,True,True,True,True,True,False,False,False,0,100.0
WS/MP334/2024-2025/144883-Lightingofpublicspaces,Normal/Others,Jharkhand,GIRIDIH,Shri Chandra Prakash Choudhary,GIRIDIH(Deputy Commissioner Giridh_IDA),Installation of mask light near bhavanand mod in jamtara village of jamtara panchayat.,2024-10-02,150000,2025-03-01,150000,Sanction,Sanctioned - Not Completed,,,,150,,544.0,694.0,0,1.0,,False,False,True,True,True,True,True,True,True,True,True,True,False,False,False,0,100.0
WS/MP334/2024-2025/144884-Lightingofpublicspaces,Normal/Others,Jharkhand,GIRIDIH,Shri Chandra Prakash Choudhary,GIRIDIH(Deputy Commissioner Giridh_IDA),Installation of mask light in jitkundi panchayat: 1)Near durga mandir chowk 2)Near bich tola mod me,2024-10-02,300000,2025-02-10,300000,Physical Inspection,Sanctioned - Not Completed,,,,131,,563.0,694.0,0,1.0,,False,False,True,True,True,True,True,True,True,True,True,True,False,False,False,0,100.0
WS/MP334/2024-2025/144885-Lightingofpublicspaces,Normal/Others,Jharkhand,GIRIDIH,Shri Chandra Prakash Choudhary,GIRIDIH(Deputy Commissioner Giridh_IDA),Installation of mask light in khairatunda panchayat: 1)Near hanuman mandir in boratola of khairatunda 2)Near hanumandir of teliyatunda 3)Near ranghari chabutra in khairatunda,2024-10-02,450000,2025-02-10,450000,Sanction,Sanctioned - Not Completed,,,,131,,563.0,694.0,0,1.0,,False,False,True,True,True,True,True,True,True,True,True,True,False,False,False,0,100.0
WS/MP334/2024-2025/144886-Lightingofpublicspaces,Normal/Others,Jharkhand,GIRIDIH,Shri Chandra Prakash Choudhary,GIRIDIH(Deputy Commissioner Giridh_IDA),Installation of mask light near durga mandap in nawadih village of khudisar panchayat.,2024-10-02,150000,2025-01-08,150000,Vendor Identification,Sanctioned - Not Completed,,,,98,,596.0,694.0,0,1.0,,False,False,True,True,True,True,True,True,True,True,True,True,False,False,False,0,100.0
WS/MP334/2024-2025/144887-Lightingofpublicspaces,Normal/Others,Jharkhand,GIRIDIH,Shri Chandra Prakash Choudhary,GIRIDIH(Deputy Commissioner Giridh_IDA),Installation of mask light near kulgo dakshini main road .,2024-10-02,150000,2024-12-18,150000,Sanction,Sanctioned - Not Completed,,,,77,,617.0,694.0,0,1.0,,False,False,True,True,True,True,True,True,True,True,True,True,False,False,False,0,100.0
WS/MP334/2024-2025/144888-Lightingofpublicspaces,Normal/Others,Jharkhand,GIRIDIH,Shri Chandra Prakash Choudhary,GIRIDIH(Deputy Commissioner Giridh_IDA),Installation of mask light near pacs in kulgo uttari panchayat.,2024-10-02,150000,2024-12-18,150000,Vendor Identification,Sanctioned - Not Completed,,,,77,,617.0,694.0,0,1.0,,False,False,True,True,True,True,True,True,True,True,True,True,False,False,False,0,100.0
WS/MP334/2024-2025/144889-Lightingofpublicspaces,Normal/Others,Jharkhand,GIRIDIH,Shri Chandra Prakash Choudhary,GIRIDIH(Deputy Commissioner Giridh_IDA),Installation of mask light in laxmantunda panchayat: 1)Near Om vidyalay 2)Near mansa mandir chowk,2024-10-02,300000,2025-02-10,300000,Physical Inspection,Sanctioned - Not Completed,,,,131,,563.0,694.0,0,1.0,,False,False,True,True,True,True,True,True,True,True,True,True,False,False,False,0,100.0
WS/MP334/2024-2025/144891-Lightingofpublicspaces,Normal/Others,Jharkhand,GIRIDIH,Shri Chandra Prakash Choudhary,GIRIDIH(Deputy Commissioner Giridh_IDA),Installation of mask light in madhgopali panchayat: 1)Near madhgopali chowk 2)Near simarbeda hanuman mandir 3)Near hanuman mandir ghutwali,2024-10-02,450000,2025-02-10,450000,Sanction,Sanctioned - Not Completed,,,,131,,563.0,694.0,0,1.0,,False,False,True,True,True,True,True,True,True,True,True,True,False,False,False,0,100.0
WS/MP334/2024-2025/144892-Lightingofpublicspaces,Normal/Others,Jharkhand,GIRIDIH,Shri Chandra Prakash Choudhary,GIRIDIH(Deputy Commissioner Giridh_IDA),Installation of mask light near ambedkar chowk in nagabad.,2024-10-02,150000,2025-01-08,150000,Vendor Identification,Sanctioned - Not Completed,,,,98,,596.0,694.0,0,1.0,,False,False,True,True,True,True,True,True,True,True,True,True,False,False,False,0,100.0
WS/MP334/2024-2025/144893-Lightingofpublicspaces,Normal/Others,Jharkhand,GIRIDIH,Shri Chandra Prakash Choudhary,GIRIDIH(Deputy Commissioner Giridh_IDA),Installation of mask light in nagri panchayat: 1)Near shiv mandir in nagri 2)Near mahuwa ped in jolhadih of nagri panchayat,2024-10-02,300000,2025-02-10,300000,Work Completed,Sanctioned - Not Completed,,,,131,,563.0,694.0,0,1.0,,False,False,True,True,True,True,True,True,True,True,True,True,False,False,False,0,100.0
WS/MP334/2024-2025/144894-Lightingofpublicspaces,Normal/Others,Jharkhand,GIRIDIH,Shri Chandra Prakash Choudhary,GIRIDIH(Deputy Commissioner Giridh_IDA),Installation of mask light in parsabeda panchayat: 1)Near durga mandir of gosai tilaiya 2)Near durga mandir pipradih of parsabeda,2024-10-02,300000,2025-02-10,300000,Vendor Identification,Sanctioned - Not Completed,,,,131,,563.0,694.0,0,1.0,,False,False,True,True,True,True,True,True,True,True,True,True,False,False,False,0,100.0
WS/MP334/2024-2025/144895-Lightingofpublicspaces,Normal/Others,Jharkhand,GIRIDIH,Shri Chandra Prakash Choudhary,GIRIDIH(Deputy Commissioner Giridh_IDA),Installation of mask light in rangamati panchayat: 1)Near bajrang bali mandir in ghutwe 2)Near shiv mandir railway gate 3)Near hanuman mandir taalab,2024-10-02,450000,2025-02-10,450000,Physical Inspection,Sanctioned - Not Completed,,,,131,,563.0,694.0,0,1.0,,False,False,True,True,True,True,True,True,True,True,True,True,False,False,False,0,100.0
WS/MP334/2024-2025/144896-Lightingofpublicspaces,Normal/Others,Jharkhand,GIRIDIH,Shri Chandra Prakash Choudhary,GIRIDIH(Deputy Commissioner Giridh_IDA),Installation of mask light in roshnatunda panchayat: 1)Near thakurbadi mandir 2)Near dom tola chagarbarai,2024-10-02,149710,2025-02-10,149710,Physical Inspection,Sanctioned - Not Completed,,,,131,,563.0,694.0,0,1.0,,False,False,True,True,True,True,True,True,True,True,True,True,False,False,False,0,100.0
WS/MP334/2024-2025/144897-Lightingofpublicspaces,Normal/Others,Jharkhand,GIRIDIH,Shri Chandra Prakash Choudhary,GIRIDIH(Deputy Commissioner Giridh_IDA),Installation of mask light in sasarkho panchayat: 1)near mahavir mod 2)Near durga mandir in nurango village 3)Near bajrang bali mandir mandal tola in narangi sasarkho,2024-10-02,450000,2025-02-10,450000,Physical Inspection,Sanctioned - Not Completed,,,,131,,563.0,694.0,0,1.0,,False,False,True,True,True,True,True,True,True,True,True,True,False,False,False,0,100.0
WS/MP334/2024-2025/144898-Lightingofpublicspaces,Normal/Others,Jharkhand,GIRIDIH,Shri Chandra Prakash Choudhary,GIRIDIH(Deputy Commissioner Giridh_IDA),Installation of mask light in shankardih panchayat: 1)Near mansa mandir ramnagar in shankardih 2)Near guddu ansari house in madhupur shankardih,2024-10-02,300000,2025-02-10,300000,Vendor Identification,Sanctioned - Not Completed,,,,131,,563.0,694.0,0,1.0,,False,False,True,True,True,True,True,True,True,True,True,True,False,False,False,0,100.0
WS/MP334/2024-2025/144899-Lightingofpublicspaces,Normal/Others,Jharkhand,GIRIDIH,Shri Chandra Prakash Choudhary,GIRIDIH(Deputy Commissioner Giridh_IDA),Installation of mask light in thakurchak panchayat: 1)Near bajrang bali mandir 2)Near masjid,2024-10-02,300000,2025-02-10,300000,Vendor Identification,Sanctioned - Not Completed,,,,131,,563.0,694.0,0,1.0,,False,False,True,True,True,True,True,True,True,True,True,True,False,False,False,0,100.0
WS/MP435/2024-2025/145625-Constructionofpublicstaircase/stairghatforpublicconvenience,Normal/Others,Jharkhand,RANCHI,Sanjay Seth,RANCHI(DEPUTY COMMISSIONER RANCHI_IDA),"Construction of Stair at Bonas Pond Chat Ghat at Village-Bijuliya under Bijuliya Panchayat, Ratu block.",2024-10-05,791200,2024-12-31,791200,Vendor Identification,Sanctioned - Not Completed,,,,87,,604.0,691.0,0,1.0,,False,False,True,True,True,True,True,True,True,True,True,True,False,False,False,0,100.0
WS/MP435/2024-2025/145626-Constructionofcommunitycentersandcommunityhalls,Normal/Others,Jharkhand,RANCHI,Sanjay Seth,RANCHI(DEPUTY COMMISSIONER RANCHI_IDA),"Construction of Community Hall at ward no.-36, Nayatoli, Dibdih, Ranchi.",2024-10-05,1461500,2024-12-31,1461500,Vendor Identification,Sanctioned - Not Completed,,,,87,,604.0,691.0,0,1.0,,False,False,True,True,True,True,True,True,True,True,True,True,False,False,False,0,100.0
WS/MP435/2024-2025/145863-Constructionofcommonworksheds/commoncoveredsittingarea,Normal/Others,Jharkhand,RANCHI,Sanjay Seth,RANCHI(DEPUTY COMMISSIONER RANCHI_IDA),"Construction of Platfrom and Shed at Shaheed Jagdeo Jan Kalyan Parishad's courtyard, Adarsh Nagar, Dhurwa, Ranchi.",2024-10-08,436400,2024-12-31,436400,Vendor Identification,Sanctioned - Not Completed,,,,84,,604.0,688.0,0,1.0,,False,False,True,True,True,True,True,True,True,True,True,True,False,False,False,0,100.0
WS/MP435/2024-2025/145864-Constructionofcommonworksheds/commoncoveredsittingarea,Normal/Others,Jharkhand,RANCHI,Sanjay Seth,RANCHI(DEPUTY COMMISSIONER RANCHI_IDA),"Construction of Umbrella at  Late Harath Nath Mahto's Statue at Village Angara, under Angara Panchayat.",2024-10-08,345200,2024-12-31,345200,Vendor Identification,Sanctioned - Not Completed,,,,84,,604.0,688.0,0,1.0,,False,False,True,True,True,True,True,True,True,True,True,True,False,False,False,0,100.0
WS/MP435/2024-2025/145865-Constructionofcommonworksheds/commoncoveredsittingarea,Normal/Others,Jharkhand,RANCHI,Sanjay Seth,RANCHI(DEPUTY COMMISSIONER RANCHI_IDA),"Construction of Umbrella at Late Nirmal Mahto's Statue at Village Angara, under Angara Panchayat.",2024-10-08,287500,2024-12-31,287500,Vendor Identification,Sanctioned - Not Completed,,,,84,,604.0,688.0,0,1.0,,False,False,True,True,True,True,True,True,True,True,True,True,False,False,False,0,100.0
WS/MP435/2024-2025/145973-Constructionofcommunitycentersandcommunityhalls,Normal/Others,Jharkhand,RANCHI,Sanjay Seth,RANCHI(DEPUTY COMMISSIONER RANCHI_IDA),"Construction of Community Hall at Kamla Khataal, Dhurwa, Ranchi.",2024-10-08,1074900,2024-12-31,1074900,Vendor Identification,Sanctioned - Not Completed,,,,84,,604.0,688.0,0,1.0,,False,False,True,True,True,True,True,True,True,True,True,True,False,False,False,0,100.0
"WS/MP435/2024-2025/145997-Constructionofroads,linkroads,pathwaysoranyotherroadwithorwithoutdrainagesystem",Normal/Others,Jharkhand,RANCHI,Sanjay Seth,RANCHI(DEPUTY COMMISSIONER RANCHI_IDA),"Construction of PCC road (780 ft.) through Green Heritage Apartment from Sushila Kumari's house via Santosh Nayak's house at Kanke Road, Jagatpuram Colony, near Hot Lips Restaurent, Ranchi.",2024-10-08,888400,2024-12-31,888400,Vendor Identification,Sanctioned - Not Completed,,,,84,,604.0,688.0,0,1.0,,False,False,True,True,True,True,True,True,True,True,True,True,False,False,False,0,100.0
WS/MP435/2024-2025/146303-Constructionofcommunitycentersandcommunityhalls,Normal/Others,Jharkhand,RANCHI,Sanjay Seth,RANCHI(DEPUTY COMMISSIONER RANCHI_IDA),"Construction of Community Hall at Bazar Tand, Vikash, Neuri Panchayat under Kanke block.",2024-10-09,1461500,2024-12-31,1461500,Vendor Identification,Sanctioned - Not Completed,,,,83,,604.0,687.0,0,1.0,,False,False,True,True,True,True,True,True,True,True,True,True,False,False,False,0,100.0
WS/MP435/2024-2025/146444-Constructionofcommonworksheds/commoncoveredsittingarea,Normal/Others,Jharkhand,RANCHI,Sanjay Seth,RANCHI(DEPUTY COMMISSIONER RANCHI_IDA),"Construction of Watch Tower at Vaina Hill, Kocha, village-Obar/Obar under Nawagarh Panchayat, Angara block.",2024-10-09,505500,2024-12-31,505500,Vendor Identification,Sanctioned - Not Completed,,,,83,,604.0,687.0,0,1.0,,False,False,True,True,True,True,True,True,True,True,True,True,False,False,False,0,100.0
WS/MP435/2024-2025/146445-Constructionofcommonworksheds/commoncoveredsittingarea,Normal/Others,Jharkhand,RANCHI,Sanjay Seth,RANCHI(DEPUTY COMMISSIONER RANCHI_IDA),"Construction of Watch Tower at Dumar Toli, village-Obar/Obar under Nawagarh Panchayat, Angara block.",2024-10-09,505500,2024-12-31,505500,Vendor Identification,Sanctioned - Not Completed,,,,83,,604.0,687.0,0,1.0,,False,False,True,True,True,True,True,True,True,True,True,True,False,False,False,0,100.0
WS/MP435/2024-2025/146446-Constructionofcommonworksheds/commoncoveredsittingarea,Normal/Others,Jharkhand,RANCHI,Sanjay Seth,RANCHI(DEPUTY COMMISSIONER RANCHI_IDA),"Construction of Watch Tower at Jamri Tand, village-Obar/Obar under Nawagarh Panchayat, Angara block.",2024-10-09,505500,2024-12-31,505500,Vendor Identification,Sanctioned - Not Completed,,,,83,,604.0,687.0,0,1.0,,False,False,True,True,True,True,True,True,True,True,True,True,False,False,False,0,100.0
WS/MP435/2024-2025/146447-Constructionofcommonworksheds/commoncoveredsittingarea,Normal/Others,Jharkhand,RANCHI,Sanjay Seth,RANCHI(DEPUTY COMMISSIONER RANCHI_IDA),"Construction of Watch Tower at  village-Rangamati under Nawagarh Panchayat, Angara block.",2024-10-09,505500,2024-12-31,505500,Vendor Identification,Sanctioned - Not Completed,,,,83,,604.0,687.0,0,1.0,,False,False,True,True,True,True,True,True,True,True,True,True,False,False,False,0,100.0
WS/MP435/2024-2025/146448-Constructionofcommonworksheds/commoncoveredsittingarea,Normal/Others,Jharkhand,RANCHI,Sanjay Seth,RANCHI(DEPUTY COMMISSIONER RANCHI_IDA),"Construction of Watch Tower at village-Nawagarh under Nawagarh Panchayat, Angara block.",2024-10-09,505500,2024-12-31,505500,Vendor Identification,Sanctioned - Not Completed,,,,83,,604.0,687.0,0,1.0,,False,False,True,True,True,True,True,True,True,True,True,True,False,False,False,0,100.0
WS/MP435/2024-2025/146457-Constructionofcommonworksheds/commoncoveredsittingarea,Normal/Others,Jharkhand,RANCHI,Sanjay Seth,RANCHI(DEPUTY COMMISSIONER RANCHI_IDA),"Construction of Shed near Martyr Jeetram Bedia Memorial Place at Piska Chowk, under Ichadag Panchayat, Ormanjhi Block.",2024-10-09,1499500,2024-12-31,1499500,Vendor Identification,Sanctioned - Not Completed,,,,83,,604.0,687.0,0,1.0,,False,False,True,True,True,True,True,True,True,True,True,True,False,False,False,0,100.0
WS/MP435/2024-2025/146460-Constructionofculvertsandbridges,Normal/Others,Jharkhand,RANCHI,Sanjay Seth,RANCHI(DEPUTY COMMISSIONER RANCHI_IDA),"Construction of Culvert at Patra Gonda, Kanke Dam Side under ward-01, Ranchi.",2024-10-09,1298900,2024-12-31,1298900,Vendor Identification,Sanctioned - Not Completed,,,,83,,604.0,687.0,0,1.0,,False,False,True,True,True,True,True,True,True,True,True,True,False,False,False,0,100.0
WS/MP435/2024-2025/146545-Constructionofcommunitycentersandcommunityhalls,Normal/Others,Jharkhand,RANCHI,Sanjay Seth,RANCHI(DEPUTY COMMISSIONER RANCHI_IDA),"Construction of Community Hall at Akhil Bhartiya Shrotri Brahman Mahasabha, Karamtoli, Lalgutuwa, under Nagri Block.",2024-10-09,1461500,2024-12-31,1461500,Vendor Identification,Sanctioned - Not Completed,,,,83,,604.0,687.0,0,1.0,,False,False,True,True,True,True,True,True,True,True,True,True,False,False,False,0,100.0
WS/MP435/2024-2025/146546-Constructionofcommonworksheds/commoncoveredsittingarea,Normal/Others,Jharkhand,RANCHI,Sanjay Seth,RANCHI(DEPUTY COMMISSIONER RANCHI_IDA),"Beautification of Netaji Subhash Chandra Bose's Statue, Near Hawan Kund Mandir at ward-18, Sradhanand road, Near Congres office, Ranchi.",2024-10-09,255800,2024-12-31,255800,Vendor Identification,Sanctioned - Not Completed,,,,83,,604.0,687.0,0,1.0,,False,False,True,True,True,True,True,True,True,True,True,True,False,False,False,0,100.0
WS/MP435/2024-2025/146547-Constructionofcommunitycentersandcommunityhalls,Normal/Others,Jharkhand,RANCHI,Sanjay Seth,RANCHI(DEPUTY COMMISSIONER RANCHI_IDA),"Construction of Community Hall at Sarna Place under ward-24, kadru Ranchi.",2024-10-09,1478800,2024-12-26,1478800,Vendor Identification,Sanctioned - Not Completed,,,,78,,609.0,687.0,0,1.0,,False,False,True,True,True,True,True,True,True,True,True,True,False,False,False,0,100.0
"WS/MP435/2024-2025/146549-Constructionofroads,linkroads,pathwaysoranyotherroadwithorwithoutdrainagesystem",Normal/Others,Jharkhand,RANCHI,Sanjay Seth,RANCHI(DEPUTY COMMISSIONER RANCHI_IDA),"Construction of PCC Road near Raj kishore Sahu's house at village-Chandewe, kera Kona Chowk, under Kanke block.",2024-10-09,602100,2024-12-26,602100,Vendor Identification,Sanctioned - Not Completed,,,,78,,609.0,687.0,0,1.0,,False,False,True,True,True,True,True,True,True,True,True,True,False,False,False,0,100.0
WS/MP435/2024-2025/147145-Constructionofcommunitycentersandcommunityhalls,Normal/Others,Jharkhand,RANCHI,Sanjay Seth,RANCHI(DEPUTY COMMISSIONER RANCHI_IDA),"Construction of Community Hall (Atal Vachnalaya) at Kanke Chowk, under Kanke Block, Ranchi.",2024-10-15,1461500,2024-12-26,1461500,Vendor Identification,Sanctioned - Not Completed,,,,72,,609.0,681.0,0,1.0,,False,False,True,True,True,True,True,True,True,True,True,True,False,False,False,0,100.0
WS/MP435/2024-2025/147148-Constructionofcommonworksheds/commoncoveredsittingarea,Normal/Others,Jharkhand,RANCHI,Sanjay Seth,RANCHI(DEPUTY COMMISSIONER RANCHI_IDA),"Construction of Cremation Shed at Village-Baraudi under Khakhra Panchayat, Burmu Block, Ranchi.",2024-10-15,463600,2024-12-26,463600,Vendor Identification,Sanctioned - Not Completed,,,,72,,609.0,681.0,0,1.0,,False,False,True,True,True,True,True,True,True,True,True,True,False,False,False,0,100.0
WS/MP435/2024-2025/147149-Constructionofcommonworksheds/commoncoveredsittingarea,Normal/Others,Jharkhand,RANCHI,Sanjay Seth,RANCHI(DEPUTY COMMISSIONER RANCHI_IDA),"Construction of Shed at Jatra Maidaan (Field), Village- Malmandu under Puriyo Panchayat, Ratu Block, Ranchi.",2024-10-15,967800,2024-12-26,967800,Vendor Identification,Sanctioned - Not Completed,,,,72,,609.0,681.0,0,1.0,,False,False,True,True,True,True,True,True,True,True,True,True,False,False,False,0,100.0
"WS/MP18111/2025-2026/144098-Constructionofroads,linkroads,pathwaysoranyotherroadwithorwithoutdrainagesystem",Normal/Others,Maharashtra,AKOLA,ANUP SANJAY DHOTRE,AKOLA(DISTRICT COLLECTOR AKOLA_IDA),Construction of Cement Concrete Road with iron grid and culvert at Kothari Vatika No.2 from Tayade's house to Kalaskar's house.,2025-03-31,400000,2025-04-03,400000,Physical Inspection,Completed,2025-04-03,396568.0,Images,3,0.0,,3.0,0,1.0,0.99142,True,True,True,True,True,True,True,True,True,True,True,True,False,False,False,1,100.0
"WS/MP18117/2024-2025/142021-Purchaseofsmartboards,visualdisplayunitsandprojectors",Normal/Others,Maharashtra,DHULE,BACHHAV SHOBHA DINESH,DHULE(DISTRICT COLLECTOR DHULE_IDA),"Supply interactive board , computer , vc camera (for two class room)  at   shri kapileshwar madhymik vidhyalay mudavad tal shindkheda",2024-09-20,1000000,2024-12-02,1000000,Physical Inspection,Completed,2024-12-19,1000000.0,Images,73,17.0,,90.0,0,1.0,1.0,True,True,True,True,True,True,True,True,True,True,True,True,False,False,False,1,100.0
"WS/MP18117/2024-2025/142022-Purchaseofsmartboards,visualdisplayunitsandprojectors",Normal/Others,Maharashtra,DHULE,BACHHAV SHOBHA DINESH,DHULE(DISTRICT COLLECTOR DHULE_IDA),"Supply interactive board , computer , vc camera (for two class room) at priyadarshani indira gandhi madhymik vidhyalay v kanisth mahavidhyaly betavad tal shindhkheda",2024-09-20,1000000,2024-12-02,1000000,Physical Inspection,Completed,2024-12-19,1000000.0,Images,73,17.0,,90.0,0,1.0,1.0,True,True,True,True,True,True,True,True,True,True,True,True,False,False,False,1,100.0
WS/MP18121/2024-2025/146649-Providingdrainsandguttersforpublicdrainage,Normal/Others,Maharashtra,JALGAON,SMITA UDAY WAGH,JALGAON(DISTRICT COLLECTOR JALGAON_IDA),"Construction of RCC drain from the house of Mr. Bapu Kamble to the house of Ayub Rasul Khan in the slum area on Ghat Road, Chalisgaon city",2024-10-10,699000,2025-01-28,699000,Physical Inspection,Completed,2025-01-29,699000.0,Images,110,1.0,,111.0,0,1.0,1.0,True,True,True,True,True,True,True,True,True,True,True,True,False,False,False,1,100.0
WS/MP18121/2024-2025/146654-Providingdrainsandguttersforpublicdrainage,Normal/Others,Maharashtra,JALGAON,SMITA UDAY WAGH,JALGAON(DISTRICT COLLECTOR JALGAON_IDA),"Construction of RCC drain from the house of Mr. Deepak Kumawat to the house of Mr. Manohar Patil in Shahunagar, Ward No. 3, Chalisgaon city",2024-10-10,699551,2025-03-18,699551,Physical Inspection,Completed,2025-03-18,699551.0,Images,159,0.0,,159.0,0,1.0,1.0,True,True,True,True,True,True,True,True,True,True,True,True,False,False,False,1,100.0
"WS/MP18121/2024-2025/146671-Constructionofroads,linkroads,pathwaysoranyotherroadwithorwithoutdrainagesystem",Normal/Others,Maharashtra,JALGAON,SMITA UDAY WAGH,JALGAON(DISTRICT COLLECTOR JALGAON_IDA),"Construction of the road from Nandra Bu. to Pilkheda to Nandgaon, Taluka Jalgaon",2024-10-10,2945320,2024-10-14,2945320,Physical Inspection,Completed,2025-01-09,2945320.0,Images,4,87.0,,91.0,0,1.0,1.0,True,True,True,True,True,True,True,True,True,True,True,True,False,False,False,1,100.0
WS/MP18121/2024-2025/146766-Constructionofcommunitycentersandcommunityhalls,Normal/Others,Maharashtra,JALGAON,SMITA UDAY WAGH,JALGAON(DISTRICT COLLECTOR JALGAON_IDA),"Construction of a community hall at Pohare, Taluka Chalisgaon",2024-10-11,1998833,2025-03-12,1998833,Physical Inspection,Completed,2025-03-12,1998833.0,Images,152,0.0,,152.0,0,1.0,1.0,True,True,True,True,True,True,True,True,True,True,True,True,False,False,False,1,100.0
WS/MP661/2024-2025/137790-Constructionofcommunitycentersandcommunityhalls,Normal/Others,Maharashtra,SHIRUR,Amol Ramsing Kolhe,PUNE(DISTRICT COLLECTOR PUNE_IDA),Construction of community hall near kalbhairv mandir At. Mandoshi Tq. Khed Dist. Pune.,2024-08-30,399922,2024-09-12,399922,Physical Inspection,Completed,2025-01-24,,Images,13,134.0,,147.0,0,1.0,,True,True,True,True,True,True,True,True,True,True,True,True,False,False,False,1,92.9
WS/MP661/2024-2025/137791-Constructionofcommunitycentersandcommunityhalls,Normal/Others,Maharashtra,SHIRUR,Amol Ramsing Kolhe,PUNE(DISTRICT COLLECTOR PUNE_IDA),Construction of community hall Near Maruti temple At Tokavade Tq. Khed Dist. Pune,2024-08-30,499493,2024-09-12,499493,Physical Inspection,Completed,2025-01-23,,Images,13,133.0,,146.0,0,1.0,,True,True,True,True,True,True,True,True,True,True,True,True,False,False,False,1,92.9
WS/MP672/2024-2025/136731-Lightingofpublicspaces,Normal/Others,Maharashtra,NAGPUR,Nitin Jairam Gadkari,NAGPUR(DISTRICT COLLECTOR NAGPUR_IDA),"Installation of Highmast light and electric poles with light at Gosavi Ghat, Binaki, Nagpur",2024-08-22,999600,2024-08-23,999600,Work Completed,Completed,2024-08-23,963514.0,Images,1,0.0,,1.0,0,1.0,0.9638995598239296,True,False,True,True,True,True,True,True,True,True,True,True,False,False,False,0,100.0
WS/MP672/2024-2025/144101-Purchaseofhospitalequipment,Normal/Others,Maharashtra,NAGPUR,Nitin Jairam Gadkari,NAGPUR(DISTRICT COLLECTOR NAGPUR_IDA),"Upgrading of Prosthetic & Orthotics unit at CRC, Nagpur.",2024-09-27,152300,2024-09-30,152300,Work Completed,Completed,2024-10-04,152300.0,Images,3,4.0,,7.0,0,1.0,1.0,True,False,True,True,True,True,True,True,True,True,True,True,False,False,False,0,100.0
WS/MP672/2024-2025/144103-Purchaseofhospitalequipment,Normal/Others,Maharashtra,NAGPUR,Nitin Jairam Gadkari,NAGPUR(DISTRICT COLLECTOR NAGPUR_IDA),"Purchasing of Solar (Battery Operated) tricycle at CRC, Nagpur.",2024-09-27,555000,2024-09-30,555000,Physical Inspection,Completed,2024-10-01,555000.0,Images,3,1.0,,4.0,0,1.0,1.0,True,True,True,True,True,True,True,True,True,True,True,True,False,False,False,1,100.0
WS/MP672/2024-2025/144104-Purchaseofhospitalequipment,Normal/Others,Maharashtra,NAGPUR,Nitin Jairam Gadkari,NAGPUR(DISTRICT COLLECTOR NAGPUR_IDA),Purchasing of Speech and Language disorder assesment and intervention software for speech and hearing disabilities.,2024-09-27,670000,2024-09-30,670000,Physical Inspection,Completed,2024-09-30,670000.0,Images,3,0.0,,3.0,0,1.0,1.0,True,True,True,True,True,True,True,True,True,True,True,True,False,False,False,1,100.0
"WS/MP672/2024-2025/144105-Constructionofroads,linkroads,pathwaysoranyotherroadwithorwithoutdrainagesystem",Normal/Others,Maharashtra,NAGPUR,Nitin Jairam Gadkari,NAGPUR(DISTRICT COLLECTOR NAGPUR_IDA),"Construction of Cement Concerete Road from house of Durga Vikas Dharange to house of Sunita Hedaoo at Galli No.24, Vinoba Bhave Nagar.",2024-09-27,458593,2024-09-30,458593,Physical Inspection,Completed,2024-09-30,458593.0,Images,3,0.0,,3.0,0,1.0,1.0,True,True,True,True,True,True,True,True,True,True,True,True,False,False,False,1,100.0
WS/MP673/2024-2025/139034-Constructionofbus-shedsorbus-stops,Normal/Others,Maharashtra,OSMANABAD,Omprakash Bhupalsinh Alias Pawan Rajenimbalkar,Dharashiv(DISTRICT COLLECTOR OSMANABAD_IDA),Construction of bus shed opposite Janseva School.,2024-09-05,300000,2025-03-03,300000,Physical Inspection,Completed,2025-03-11,300000.0,Images,179,8.0,,187.0,0,1.0,1.0,True,True,True,True,True,True,True,True,True,True,True,True,False,False,False,1,100.0
"WS/MP673/2025-2026/143160-Constructionofroads,linkroads,pathwaysoranyotherroadwithorwithoutdrainagesystem",Normal/Others,Maharashtra,OSMANABAD,Omprakash Bhupalsinh Alias Pawan Rajenimbalkar,Dharashiv(DISTRICT COLLECTOR OSMANABAD_IDA),Construction of road in public space from Canal Road to Barate Vasti,2024-09-24,500000,2025-04-16,500000,Physical Inspection,Completed,2025-05-07,500000.0,,204,21.0,,225.0,0,1.0,1.0,True,True,True,True,True,True,True,True,True,True,True,True,False,False,False,1,92.9
WS/MP681/2024-2025/134798-Constructionofcommunitycentersandcommunityhalls,Normal/Others,Maharashtra,PARBHANI,Sanjay Haribhau Jadhav,PARBHANI(DISTRICT COLLECTOR PARBHANI_IDA),Construction of Sabhamandap at Kawaddhan Tal. Sailu Dist. Parbhani (under SC fund),2024-08-06,998788,2024-10-03,998788,Physical Inspection,Completed,2025-03-20,998788.0,Images,58,168.0,,226.0,0,1.0,1.0,True,True,True,True,True,True,True,True,True,True,True,True,False,False,False,1,100.0
WS/MP681/2024-2025/134804-Constructionofcommunitycentersandcommunityhalls,Normal/Others,Maharashtra,PARBHANI,Sanjay Haribhau Jadhav,PARBHANI(DISTRICT COLLECTOR PARBHANI_IDA),Construction of Sabhamandap at Sakhartala Tal. Jintur  Dist. Parbhani (under ST fund),2024-08-06,999896,2024-10-03,999896,Physical Inspection,Completed,2025-04-11,999896.0,Images,58,190.0,,248.0,0,1.0,1.0,True,True,True,True,True,True,True,True,True,True,True,True,False,False,False,1,100.0
"WS/MP681/2024-2025/143976-Constructionofroads,linkroads,pathwaysoranyotherroadwithorwithoutdrainagesystem",Normal/Others,Maharashtra,PARBHANI,Sanjay Haribhau Jadhav,PARBHANI(DISTRICT COLLECTOR PARBHANI_IDA),"Construction of CC road and Drains at Mamdapur, tal.purna. (SC)",2024-10-03,699760,2024-10-11,699760,Physical Inspection,Completed,2025-04-22,699760.0,Images,8,193.0,,201.0,0,1.0,1.0,True,True,True,True,True,True,True,True,True,True,True,True,False,False,False,1,100.0
"WS/MP685/2024-2025/143363-Providingsportsequipment,exceptconsumableitems",Normal/Others,Maharashtra,MAVAL,Shrirang Appa Barne,PUNE(DISTRICT COLLECTOR PUNE_IDA),Installing Open Jim At Kivle Mamurdi Near PCMC Water Tank,2024-09-25,998243,2025-03-27,998243,Physical Inspection,Completed,2025-04-07,998243.0,Images,183,11.0,,194.0,0,1.0,1.0,True,True,True,True,True,True,True,True,True,True,True,True,False,False,False,1,100.0
"WS/MP685/2024-2025/143365-Providingsportsequipment,exceptconsumableitems",Normal/Others,Maharashtra,MAVAL,Shrirang Appa Barne,PUNE(DISTRICT COLLECTOR PUNE_IDA),Installing Open Jim At Ravaet BRT Road Near Ghoravdeshvar Pratishthan,2024-09-25,995777,2025-03-31,995777,Physical Inspection,Completed,2025-04-07,995777.0,Images,187,7.0,,194.0,0,1.0,1.0,True,True,True,True,True,True,True,True,True,True,True,True,False,False,False,1,100.0
"WS/MP685/2024-2025/143366-Providingsportsequipment,exceptconsumableitems",Normal/Others,Maharashtra,MAVAL,Shrirang Appa Barne,PUNE(DISTRICT COLLECTOR PUNE_IDA),Installing Open Jim At Nigdi Sec 24 In Dada Dadi Park Garden Pcmc,2024-09-25,996227,2025-03-31,996227,Physical Inspection,Completed,2025-04-07,996227.0,Images,187,7.0,,194.0,0,1.0,1.0,True,True,True,True,True,True,True,True,True,True,True,True,False,False,False,1,100.0
"WS/MP685/2024-2025/143367-Providingsportsequipment,exceptconsumableitems",Normal/Others,Maharashtra,MAVAL,Shrirang Appa Barne,PUNE(DISTRICT COLLECTOR PUNE_IDA),Installing Open Jim Nigdi Sec 24 Near chintamani Mandir Nigdi,2024-09-25,996227,2025-03-31,996227,Physical Inspection,Completed,2025-04-07,996227.0,Images,187,7.0,,194.0,0,1.0,1.0,True,True,True,True,True,True,True,True,True,True,True,True,False,False,False,1,100.0
"WS/MP685/2024-2025/143368-Providingsportsequipment,exceptconsumableitems",Normal/Others,Maharashtra,MAVAL,Shrirang Appa Barne,PUNE(DISTRICT COLLECTOR PUNE_IDA),Installing Open Jim At Ravet Mhaske Vasti Near DP Road,2024-09-25,997319,2025-03-31,997319,Physical Inspection,Completed,2025-04-07,997319.0,Images,187,7.0,,194.0,0,1.0,1.0,True,True,True,True,True,True,True,True,True,True,True,True,False,False,False,1,100.0
"WS/MP685/2024-2025/143369-Providingsportsequipment,exceptconsumableitems",Normal/Others,Maharashtra,MAVAL,Shrirang Appa Barne,PUNE(DISTRICT COLLECTOR PUNE_IDA),Installing Open Jim At Vikas Nagar Kiwale On Foot Path PCMC,2024-09-25,996227,2025-03-31,996227,Physical Inspection,Completed,2025-04-07,996227.0,Images,187,7.0,,194.0,0,1.0,1.0,True,True,True,True,True,True,True,True,True,True,True,True,False,False,False,1,100.0
"WS/MP685/2024-2025/143370-Providingsportsequipment,exceptconsumableitems",Normal/Others,Maharashtra,MAVAL,Shrirang Appa Barne,PUNE(DISTRICT COLLECTOR PUNE_IDA),Installing Open Jim At Near SB Patil School Ravet Pcmc,2024-09-25,996010,2025-03-31,996010,Physical Inspection,Completed,2025-04-07,996010.0,Images,187,7.0,,194.0,0,1.0,1.0,True,True,True,True,True,True,True,True,True,True,True,True,False,False,False,1,100.0
WS/MP691/2024-2025/140096-FittingofSittingRCCBenchesinPublicPlaces,Normal/Others,Maharashtra,RAVER,Smt Raksha Nikhil Khadse,JALGAON(DISTRICT COLLECTOR JALGAON_IDA),Mauje Bodwad Bodwad District  Seating Arrangment at various places for inner city citizens in Jalgaon.,2024-09-09,2999928,2024-09-09,2999928,Physical Inspection,Completed,2024-09-11,2974718.0,Images,0,2.0,,2.0,0,1.0,0.9915964649818262,True,True,True,True,True,True,True,True,True,True,True,True,False,False,False,1,100.0
"WS/MP18111/2025-2026/144099-Constructionofroads,linkroads,pathwaysoranyotherroadwithorwithoutdrainagesystem",Normal/Others,Maharashtra,AKOLA,ANUP SANJAY DHOTRE,AKOLA(DISTRICT COLLECTOR AKOLA_IDA),Construction of Cement Concrete Road from Mahendra Tayade's house to Sandip Tayade's house at Kaulkhed Jahagir.,2025-03-31,483603,2025-05-29,483603,Physical Inspection,Sanctioned - Not Completed,,,,59,,455.0,514.0,0,1.0,,False,False,True,True,True,True,True,True,True,True,True,True,False,False,False,0,100.0
WS/MP18111/2026-2027/143961-Constructionofcommunitycentersandcommunityhalls,Normal/Others,Maharashtra,AKOLA,ANUP SANJAY DHOTRE,AKOLA(DISTRICT COLLECTOR AKOLA_IDA),Construction of Community hall at Matang Vasti Kaulkhed Bahadalpur,2025-03-31,1000000,2026-04-22,1000000,Sanction,Sanctioned - Not Completed,,,,387,,127.0,514.0,0,1.0,,False,False,True,True,True,True,True,True,True,True,True,True,False,False,False,0,100.0
WS/MP18112/2024-2025/136520-Constructionofcommunitycentersandcommunityhalls,Normal/Others,Maharashtra,AMRAVATI(SC),BALWANT BASWANT WANKHADE,AMRAVATI(DISTRICT COLLECTOR AMRAVATI_IDA),"CONSTRUCTION OF COMMUNITY HALL , AT GAGLANI NAGAR , PRABHAG NO 9 AMRAVATI CITY",2024-08-20,2000000,2025-01-21,2000000,Work Completed,Sanctioned - Not Completed,,,,154,,583.0,737.0,0,1.0,,False,False,True,True,True,True,True,True,True,True,True,True,False,False,False,0,100.0
WS/MP18112/2024-2025/136522-Constructionofcommunitycentersandcommunityhalls,Normal/Others,Maharashtra,AMRAVATI(SC),BALWANT BASWANT WANKHADE,AMRAVATI(DISTRICT COLLECTOR AMRAVATI_IDA),"CONSTRUCTION OF COMMUNITY HALL , AT RAMABAI AMBEDKAR NAGAR , DARYAPUR DIST AMRAVATI",2024-08-20,1500000,2025-02-18,1500000,Physical Inspection,Sanctioned - Not Completed,,,,182,,555.0,737.0,0,1.0,,False,False,True,True,True,True,True,True,True,True,True,True,False,False,False,0,100.0
WS/MP18112/2024-2025/136532-Constructionofcommunitycentersandcommunityhalls,Normal/Others,Maharashtra,AMRAVATI(SC),BALWANT BASWANT WANKHADE,AMRAVATI(DISTRICT COLLECTOR AMRAVATI_IDA),"CONSTRUCTION COMMUNITY HALL AT  WARD NO 9 WALMIKI NAGAR , DARYAPUR , DIST AMRAVATI",2024-08-20,1500000,2024-12-13,1500000,Work Completed,Sanctioned - Not Completed,,,,115,,622.0,737.0,0,1.0,,False,False,True,True,True,True,True,True,True,True,True,True,False,False,False,0,100.0
WS/MP18112/2024-2025/136716-Constructionofboundarywallsofexistingpublicandcommunitybuildings,Normal/Others,Maharashtra,AMRAVATI(SC),BALWANT BASWANT WANKHADE,AMRAVATI(DISTRICT COLLECTOR AMRAVATI_IDA),CONSTRUCTION OF BOUNDRY WALL AT KOTAMI GRAAMPANCHAYAT DAHENDRI TAQ. CHIKHALDARA DIST AMRAVATI,2024-08-21,1000000,2025-01-21,1000000,Work Completed,Sanctioned - Not Completed,,,,153,,583.0,736.0,0,1.0,,False,False,True,True,True,True,True,True,True,True,True,True,False,False,False,0,100.0
WS/MP18112/2024-2025/136967-Constructionofcommunitycentersandcommunityhalls,Normal/Others,Maharashtra,AMRAVATI(SC),BALWANT BASWANT WANKHADE,AMRAVATI(DISTRICT COLLECTOR AMRAVATI_IDA),Construction of community hall at landi ta. Daryapur DIst Amravati,2024-08-25,1200000,2024-10-14,1200000,Sanction,Sanctioned - Not Completed,,,,50,,682.0,732.0,0,1.0,,False,False,True,True,True,True,True,True,True,True,True,True,False,False,False,0,100.0
WS/MP18112/2024-2025/136975-Crematoriums/energyefficientcrematoriumsorstructuresonburial/cremationground,Normal/Others,Maharashtra,AMRAVATI(SC),BALWANT BASWANT WANKHADE,AMRAVATI(DISTRICT COLLECTOR AMRAVATI_IDA),Construction Of Cremation Shed At Dighi Ta. Daryapur Dist Amravati,2024-08-25,600000,2024-10-14,600000,Work Completed,Sanctioned - Not Completed,,,,50,,682.0,732.0,0,1.0,,False,False,True,True,True,True,True,True,True,True,True,True,False,False,False,0,100.0
WS/MP18112/2024-2025/136982-Crematoriums/energyefficientcrematoriumsorstructuresonburial/cremationground,Normal/Others,Maharashtra,AMRAVATI(SC),BALWANT BASWANT WANKHADE,AMRAVATI(DISTRICT COLLECTOR AMRAVATI_IDA),Construction of cremation shed at Wadura Ta. Daryapur Dist Amravati,2024-08-25,600000,2024-10-14,600000,Sanction,Sanctioned - Not Completed,,,,50,,682.0,732.0,0,1.0,,False,False,True,True,True,True,True,True,True,True,True,True,False,False,False,0,100.0
WS/MP18112/2024-2025/136983-Crematoriums/energyefficientcrematoriumsorstructuresonburial/cremationground,Normal/Others,Maharashtra,AMRAVATI(SC),BALWANT BASWANT WANKHADE,AMRAVATI(DISTRICT COLLECTOR AMRAVATI_IDA),Construction of cremation shed at Lotwada Ta. Daryapur Dist Amravati,2024-08-25,600000,2024-12-13,600000,Work partially Completed,Sanctioned - Not Completed,,,,110,,622.0,732.0,0,1.0,,False,False,True,True,True,True,True,True,True,True,True,True,False,False,False,0,100.0
WS/MP18112/2024-2025/136984-Constructionofcommunitycentersandcommunityhalls,Normal/Others,Maharashtra,AMRAVATI(SC),BALWANT BASWANT WANKHADE,AMRAVATI(DISTRICT COLLECTOR AMRAVATI_IDA),Construction Of Community Hall At Chincholi Rahimapur (Kh)Ta. Anjangaon Surji Dist Amravati,2024-08-25,1500000,2024-10-14,1500000,Work Completed,Sanctioned - Not Completed,,,,50,,682.0,732.0,0,1.0,,False,False,True,True,True,True,True,True,True,True,True,True,False,False,False,0,100.0
"WS/MP18112/2024-2025/136991-Constructionofroads,linkroads,pathwaysoranyotherroadwithorwithoutdrainagesystem",Normal/Others,Maharashtra,AMRAVATI(SC),BALWANT BASWANT WANKHADE,AMRAVATI(DISTRICT COLLECTOR AMRAVATI_IDA),"Construction of Road At Muslim kabrasthan ,Ward No 8 Babhali , Daryapur Dist. Amravati",2024-08-25,1200000,2025-03-11,1200000,Work partially Completed,Sanctioned - Not Completed,,,,198,,534.0,732.0,0,1.0,,False,False,True,True,True,True,True,True,True,True,True,True,False,False,False,0,100.0
WS/MP18112/2024-2025/136992-Constructionofboundarywallsofexistingpublicandcommunitybuildings,Normal/Others,Maharashtra,AMRAVATI(SC),BALWANT BASWANT WANKHADE,AMRAVATI(DISTRICT COLLECTOR AMRAVATI_IDA),"Construction Of Boundry Wall Near Ekvira English School , Chandur Ta. Daryapur Dist Amravati",2024-08-25,2000000,2024-12-13,2000000,Physical Inspection,Sanctioned - Not Completed,,,,110,,622.0,732.0,0,1.0,,False,False,True,True,True,True,True,True,True,True,True,True,False,False,False,0,100.0
WS/MP18112/2024-2025/136993-Providingdrainsandguttersforpublicdrainage,Normal/Others,Maharashtra,AMRAVATI(SC),BALWANT BASWANT WANKHADE,AMRAVATI(DISTRICT COLLECTOR AMRAVATI_IDA),"Construction Of Drain From Vishwanath Khope's house near Najma Patel Urdu School , ward no 8 daryapur dist amravati",2024-08-25,1000000,2024-12-13,1000000,Physical Inspection,Sanctioned - Not Completed,,,,110,,622.0,732.0,0,1.0,,False,False,True,True,True,True,True,True,True,True,True,True,False,False,False,0,100.0
"WS/MP18112/2024-2025/136994-Constructionofroads,linkroads,pathwaysoranyotherroadwithorwithoutdrainagesystem",Normal/Others,Maharashtra,AMRAVATI(SC),BALWANT BASWANT WANKHADE,AMRAVATI(DISTRICT COLLECTOR AMRAVATI_IDA),Construction of road and drain leading from Ambadas Kshirsagar's house to Shamraoji Pawar's house at khartalegaon ta. Bhatkuli dist amravati,2024-08-25,800000,2024-10-14,800000,Physical Inspection,Sanctioned - Not Completed,,,,50,,682.0,732.0,0,1.0,,False,False,True,True,True,True,True,True,True,True,True,True,False,False,False,0,100.0
WS/MP18112/2024-2025/143947-Constructionofcommunitycentersandcommunityhalls,Normal/Others,Maharashtra,AMRAVATI(SC),BALWANT BASWANT WANKHADE,AMRAVATI(DISTRICT COLLECTOR AMRAVATI_IDA),Construction Of Community Hall At Hirur Purna Ta. Chandur Bazar,2024-09-27,1441000,2024-10-14,1441000,Work Completed,Sanctioned - Not Completed,,,,17,,682.0,699.0,0,1.0,,False,False,True,True,True,True,True,True,True,True,True,True,False,False,False,0,100.0
"WS/MP18112/2024-2025/145331-Constructionofroads,linkroads,pathwaysoranyotherroadwithorwithoutdrainagesystem",Normal/Others,Maharashtra,AMRAVATI(SC),BALWANT BASWANT WANKHADE,AMRAVATI(DISTRICT COLLECTOR AMRAVATI_IDA),construction of road at Khartalegaon Ta.Bhatkuli From Gunwant Kuche Home To Dnyaneshvar Navare Home,2024-10-04,700000,2025-03-28,700000,Physical Inspection,Sanctioned - Not Completed,,,,175,,517.0,692.0,0,1.0,,False,False,True,True,True,True,True,True,True,True,True,True,False,False,False,0,100.0
WS/MP18112/2024-2025/145333-Constructionofcommunitycentersandcommunityhalls,Normal/Others,Maharashtra,AMRAVATI(SC),BALWANT BASWANT WANKHADE,AMRAVATI(DISTRICT COLLECTOR AMRAVATI_IDA),Construction Of Community Hall at Kalamgavhan Ta. Daryapur near Dr Babasaheb Ambedkar Statue,2024-10-04,1500000,2024-12-13,1500000,Sanction,Sanctioned - Not Completed,,,,70,,622.0,692.0,0,1.0,,False,False,True,True,True,True,True,True,True,True,True,True,False,False,False,0,100.0
"WS/MP18112/2025-2026/144100-Constructionofroads,linkroads,pathwaysoranyotherroadwithorwithoutdrainagesystem",Normal/Others,Maharashtra,AMRAVATI(SC),BALWANT BASWANT WANKHADE,AMRAVATI(DISTRICT COLLECTOR AMRAVATI_IDA),Construction of road At Bhiwapur Ta Tiosa,2024-09-27,700000,2025-05-15,700000,Vendor Identification,Sanctioned - Not Completed,,,,230,,469.0,699.0,0,1.0,,False,False,True,True,True,True,True,True,True,True,True,True,False,False,False,0,100.0
"WS/MP18121/2024-2025/146636-Constructionofroads,linkroads,pathwaysoranyotherroadwithorwithoutdrainagesystem",Normal/Others,Maharashtra,JALGAON,SMITA UDAY WAGH,JALGAON(DISTRICT COLLECTOR JALGAON_IDA),"Construction of Concrete road in Ward No.5,at Patonda,Ta. Chalisgaon",2024-10-10,700000,2025-03-26,700000,Work Completed,Sanctioned - Not Completed,,,,167,,519.0,686.0,0,1.0,,False,False,True,True,True,True,True,True,True,True,True,True,False,False,False,0,100.0
WS/MP18121/2024-2025/146767-Constructionofboundarywallsofexistingpublicandcommunitybuildings,Normal/Others,Maharashtra,JALGAON,SMITA UDAY WAGH,JALGAON(DISTRICT COLLECTOR JALGAON_IDA),"Construction of boundary  wall for the community building in front of the onion market on Nagad Road, Chalisgaon",2024-10-11,1999472,2025-03-26,1999472,Physical Inspection,Sanctioned - Not Completed,,,,166,,519.0,685.0,0,1.0,,False,False,True,True,True,True,True,True,True,True,True,True,False,False,False,0,100.0
"WS/MP18121/2024-2025/146782-Constructionofroads,linkroads,pathwaysoranyotherroadwithorwithoutdrainagesystem",Normal/Others,Maharashtra,JALGAON,SMITA UDAY WAGH,JALGAON(DISTRICT COLLECTOR JALGAON_IDA),Concreting work at Dhorwada in Ward No. 5 of Chalisgaon city,2024-10-11,998933,2025-03-26,998933,Physical Inspection,Sanctioned - Not Completed,,,,166,,519.0,685.0,0,1.0,,False,False,True,True,True,True,True,True,True,True,True,True,False,False,False,0,100.0
"WS/MP18121/2025-2026/146783-Constructionofroads,linkroads,pathwaysoranyotherroadwithorwithoutdrainagesystem",Normal/Others,Maharashtra,JALGAON,SMITA UDAY WAGH,JALGAON(DISTRICT COLLECTOR JALGAON_IDA),Construction of a drainage system and concreting along Malegaon Road in Chalisgaon city,2024-10-11,2000000,2025-05-22,2000000,Sanction,Sanctioned - Not Completed,,,,223,,462.0,685.0,0,1.0,,False,False,True,True,True,True,True,True,True,True,True,True,False,False,False,0,100.0
WS/MP18126/2025-2026/136436-Constructionofbus-shedsorbus-stops,Normal/Others,Maharashtra,NANDURBAR(ST),ADV GOWAAL KAGADA PADAVI,NANDURBAR(DISTRICT COLLECTOR NANDURBAR_IDA),Construction of Ranala Bus stop shed,2024-08-19,1199000,2025-08-21,1199000,Sanction,Sanctioned - Not Completed,,,,367,,371.0,738.0,0,1.0,,False,False,True,True,True,True,True,True,True,True,True,True,False,False,False,0,100.0
"WS/MP18133/2024-2025/148464-Constructionofroads,linkroads,pathwaysoranyotherroadwithorwithoutdrainagesystem",Normal/Others,Maharashtra,SATARA,SHRIMANT CHH UDAYANRAJE PRATAPSINHAMAHARAJ BHONSLE,SATARA(DISTRICT COLLECTOR SATARA_IDA),Constructing of concrete road anc closed drainage at Beghar Vasti at Satara Road,2025-01-02,1000000,2025-02-28,1000000,Physical Inspection,Sanctioned - Not Completed,,,,57,,545.0,602.0,0,1.0,,False,False,True,True,True,True,True,True,True,True,True,True,False,False,False,0,100.0
WS/MP18133/2024-2025/148465-Constructionofcommunitycentersandcommunityhalls,Normal/Others,Maharashtra,SATARA,SHRIMANT CHH UDAYANRAJE PRATAPSINHAMAHARAJ BHONSLE,SATARA(DISTRICT COLLECTOR SATARA_IDA),Construction of Community hall for Nabhik Samaj at Jalgaon,2025-01-02,1000000,2025-02-28,1000000,Sanction,Sanctioned - Not Completed,,,,57,,545.0,602.0,0,1.0,,False,False,True,True,True,True,True,True,True,True,True,True,False,False,False,0,100.0
WS/MP18133/2024-2025/148466-Constructionofcommunitycentersandcommunityhalls,Normal/Others,Maharashtra,SATARA,SHRIMANT CHH UDAYANRAJE PRATAPSINHAMAHARAJ BHONSLE,SATARA(DISTRICT COLLECTOR SATARA_IDA),Construction of Community hall at Ramoshi Vasti at Aajhadpur Nhavi Khurd,2025-01-02,1000000,2025-02-28,1000000,Sanction,Sanctioned - Not Completed,,,,57,,545.0,602.0,0,1.0,,False,False,True,True,True,True,True,True,True,True,True,True,False,False,False,0,100.0
WS/MP18133/2025-2026/148450-Constructionofcommunitycentersandcommunityhalls,Repair and Renovation,Maharashtra,SATARA,SHRIMANT CHH UDAYANRAJE PRATAPSINHAMAHARAJ BHONSLE,SATARA(DISTRICT COLLECTOR SATARA_IDA),Repair/Construction of Community hall at Kaloshi,2025-01-02,1000000,2025-04-22,1000000,Sanction,Sanctioned - Not Completed,,,,110,,492.0,602.0,0,1.0,,False,False,True,True,True,True,True,True,True,True,True,True,False,False,False,0,100.0
WS/MP18133/2025-2026/148451-Constructionofcommunitycentersandcommunityhalls,Normal/Others,Maharashtra,SATARA,SHRIMANT CHH UDAYANRAJE PRATAPSINHAMAHARAJ BHONSLE,SATARA(DISTRICT COLLECTOR SATARA_IDA),Construction of Community hall adjacent to Hanuman Mandir,2025-01-02,1000000,2025-04-22,1000000,Sanction,Sanctioned - Not Completed,,,,110,,492.0,602.0,0,1.0,,False,False,True,True,True,True,True,True,True,True,True,True,False,False,False,0,100.0
"WS/MP18133/2025-2026/148452-Constructionofroads,linkroads,pathwaysoranyotherroadwithorwithoutdrainagesystem",Normal/Others,Maharashtra,SATARA,SHRIMANT CHH UDAYANRAJE PRATAPSINHAMAHARAJ BHONSLE,SATARA(DISTRICT COLLECTOR SATARA_IDA),Construction of concrete road from Pimpaleshwar Mandir to house of Datta Chikane and Vasant Chikane Ho0use and closed drainage,2025-01-02,1000000,2025-04-22,1000000,Sanction,Sanctioned - Not Completed,,,,110,,492.0,602.0,0,1.0,,False,False,True,True,True,True,True,True,True,True,True,True,False,False,False,0,100.0
"WS/MP18133/2025-2026/148453-Constructionofroads,linkroads,pathwaysoranyotherroadwithorwithoutdrainagesystem",Normal/Others,Maharashtra,SATARA,SHRIMANT CHH UDAYANRAJE PRATAPSINHAMAHARAJ BHONSLE,SATARA(DISTRICT COLLECTOR SATARA_IDA),Construction of concrete road at Gajraj Chowk in front of Bank of Maharashtra branch in Kudal,2025-01-02,1000000,2025-04-22,1000000,Physical Inspection,Sanctioned - Not Completed,,,,110,,492.0,602.0,0,1.0,,False,False,True,True,True,True,True,True,True,True,True,True,False,False,False,0,100.0
"WS/MP18133/2025-2026/148454-Constructionofroads,linkroads,pathwaysoranyotherroadwithorwithoutdrainagesystem",Normal/Others,Maharashtra,SATARA,SHRIMANT CHH UDAYANRAJE PRATAPSINHAMAHARAJ BHONSLE,SATARA(DISTRICT COLLECTOR SATARA_IDA),Construction of concrete road from house of Suresh Bhiku Pharande to Vishwas Ramchandra Pharande property  in Anewadi,2025-01-02,1000000,2025-04-22,1000000,Sanction,Sanctioned - Not Completed,,,,110,,492.0,602.0,0,1.0,,False,False,True,True,True,True,True,True,True,True,True,True,False,False,False,0,100.0
"WS/MP18133/2025-2026/148457-Constructionofroads,linkroads,pathwaysoranyotherroadwithorwithoutdrainagesystem",Normal/Others,Maharashtra,SATARA,SHRIMANT CHH UDAYANRAJE PRATAPSINHAMAHARAJ BHONSLE,SATARA(DISTRICT COLLECTOR SATARA_IDA),Construction of Road and Closed drainage Behind Vitthal Ward Mandir,2025-01-02,1000000,2025-04-22,1000000,Physical Inspection,Sanctioned - Not Completed,,,,110,,492.0,602.0,0,1.0,,False,False,True,True,True,True,True,True,True,True,True,True,False,False,False,0,100.0
WS/MP18133/2025-2026/148459-Constructionofcommunitycentersandcommunityhalls,Normal/Others,Maharashtra,SATARA,SHRIMANT CHH UDAYANRAJE PRATAPSINHAMAHARAJ BHONSLE,SATARA(DISTRICT COLLECTOR SATARA_IDA),Construction of Community hall in front of open space opposite Gram Panchyat,2025-01-02,1000000,2025-04-22,1000000,Sanction,Sanctioned - Not Completed,,,,110,,492.0,602.0,0,1.0,,False,False,True,True,True,True,True,True,True,True,True,True,False,False,False,0,100.0
WS/MP18133/2025-2026/148462-Constructionofcommunitycentersandcommunityhalls,Normal/Others,Maharashtra,SATARA,SHRIMANT CHH UDAYANRAJE PRATAPSINHAMAHARAJ BHONSLE,SATARA(DISTRICT COLLECTOR SATARA_IDA),Construction of Community hall in front of open space near Sant Goroba Mandir at Jihe,2025-01-02,1000000,2025-04-22,1000000,Sanction,Sanctioned - Not Completed,,,,110,,492.0,602.0,0,1.0,,False,False,True,True,True,True,True,True,True,True,True,True,False,False,False,0,100.0
WS/MP18133/2025-2026/148463-Constructionofcommunitycentersandcommunityhalls,Normal/Others,Maharashtra,SATARA,SHRIMANT CHH UDAYANRAJE PRATAPSINHAMAHARAJ BHONSLE,SATARA(DISTRICT COLLECTOR SATARA_IDA),Construction of Community hall for Lingayat Samaj at Diskal,2025-01-02,1000000,2025-08-12,1000000,Sanction,Sanctioned - Not Completed,,,,222,,380.0,602.0,0,1.0,,False,False,True,True,True,True,True,True,True,True,True,True,False,False,False,0,100.0
WS/MP18133/2025-2026/148475-Constructionofcommunitycentersandcommunityhalls,Normal/Others,Maharashtra,SATARA,SHRIMANT CHH UDAYANRAJE PRATAPSINHAMAHARAJ BHONSLE,SATARA(DISTRICT COLLECTOR SATARA_IDA),Construction of Community hall at Masur (Brahmpuri) adjacent to Savata Mali Mandir,2025-01-02,1000000,2025-04-22,1000000,Work partially Completed,Sanctioned - Not Completed,,,,110,,492.0,602.0,0,1.0,,False,False,True,True,True,True,True,True,True,True,True,True,False,False,False,0,100.0
WS/MP18133/2025-2026/148476-Constructionofcommunitycentersandcommunityhalls,Normal/Others,Maharashtra,SATARA,SHRIMANT CHH UDAYANRAJE PRATAPSINHAMAHARAJ BHONSLE,SATARA(DISTRICT COLLECTOR SATARA_IDA),Construction of Community Centre adjacent to Narsinha Mandir.,2025-01-02,1000000,2025-04-22,1000000,Sanction,Sanctioned - Not Completed,,,,110,,492.0,602.0,0,1.0,,False,False,True,True,True,True,True,True,True,True,True,True,False,False,False,0,100.0
"WS/MP18133/2025-2026/148477-Constructionofroads,linkroads,pathwaysoranyotherroadwithorwithoutdrainagesystem",Normal/Others,Maharashtra,SATARA,SHRIMANT CHH UDAYANRAJE PRATAPSINHAMAHARAJ BHONSLE,SATARA(DISTRICT COLLECTOR SATARA_IDA),Construction of concrete road at Andharwadi.,2025-01-02,700000,2025-04-22,700000,Physical Inspection,Sanctioned - Not Completed,,,,110,,492.0,602.0,0,1.0,,False,False,True,True,True,True,True,True,True,True,True,True,False,False,False,0,100.0
WS/MP18133/2025-2026/148479-Constructionofcommunitycentersandcommunityhalls,Normal/Others,Maharashtra,SATARA,SHRIMANT CHH UDAYANRAJE PRATAPSINHAMAHARAJ BHONSLE,SATARA(DISTRICT COLLECTOR SATARA_IDA),construction of community hall at Sonapur,2025-01-02,1000000,2025-08-12,1000000,Sanction,Sanctioned - Not Completed,,,,222,,380.0,602.0,0,1.0,,False,False,True,True,True,True,True,True,True,True,True,True,False,False,False,0,100.0
WS/MP18133/2025-2026/148480-Providingdrainsandguttersforpublicdrainage,Normal/Others,Maharashtra,SATARA,SHRIMANT CHH UDAYANRAJE PRATAPSINHAMAHARAJ BHONSLE,SATARA(DISTRICT COLLECTOR SATARA_IDA),Construction of Closed drain at Hirai Garden at Shiwade,2025-01-02,700000,2025-04-22,700000,Physical Inspection,Sanctioned - Not Completed,,,,110,,492.0,602.0,0,1.0,,False,False,True,True,True,True,True,True,True,True,True,True,False,False,False,0,100.0
WS/MP18133/2025-2026/148481-Constructionofcommunitycentersandcommunityhalls,Normal/Others,Maharashtra,SATARA,SHRIMANT CHH UDAYANRAJE PRATAPSINHAMAHARAJ BHONSLE,SATARA(DISTRICT COLLECTOR SATARA_IDA),Construction of Community hall at Ramoshi Vasti at Kamathi,2025-01-02,700000,2025-08-18,700000,Sanction,Sanctioned - Not Completed,,,,228,,374.0,602.0,0,1.0,,False,False,True,True,True,True,True,True,True,True,True,True,False,False,False,0,100.0
"WS/MP18133/2025-2026/148482-Constructionofroads,linkroads,pathwaysoranyotherroadwithorwithoutdrainagesystem",Normal/Others,Maharashtra,SATARA,SHRIMANT CHH UDAYANRAJE PRATAPSINHAMAHARAJ BHONSLE,SATARA(DISTRICT COLLECTOR SATARA_IDA),construction of concrete road and closed drain at Tembhu,2025-01-02,600000,2025-04-22,600000,Sanction,Sanctioned - Not Completed,,,,110,,492.0,602.0,0,1.0,,False,False,True,True,True,True,True,True,True,True,True,True,False,False,False,0,100.0
WS/MP18133/2025-2026/148483-Constructionofcommunitycentersandcommunityhalls,Normal/Others,Maharashtra,SATARA,SHRIMANT CHH UDAYANRAJE PRATAPSINHAMAHARAJ BHONSLE,SATARA(DISTRICT COLLECTOR SATARA_IDA),Construction of left over portion of community hall at Jaigaon,2025-01-02,500000,2025-08-12,500000,Sanction,Sanctioned - Not Completed,,,,222,,380.0,602.0,0,1.0,,False,False,True,True,True,True,True,True,True,True,True,True,False,False,False,0,100.0
WS/MP18133/2025-2026/148485-Constructionofcommunitycentersandcommunityhalls,Normal/Others,Maharashtra,SATARA,SHRIMANT CHH UDAYANRAJE PRATAPSINHAMAHARAJ BHONSLE,SATARA(DISTRICT COLLECTOR SATARA_IDA),Construction of Community hall at Kanherkhed (Katewadi),2025-01-02,1000000,2025-08-12,1000000,Sanction,Sanctioned - Not Completed,,,,222,,380.0,602.0,0,1.0,,False,False,True,True,True,True,True,True,True,True,True,True,False,False,False,0,100.0
WS/MP18133/2025-2026/148486-Constructionofcommunitycentersandcommunityhalls,Normal/Others,Maharashtra,SATARA,SHRIMANT CHH UDAYANRAJE PRATAPSINHAMAHARAJ BHONSLE,SATARA(DISTRICT COLLECTOR SATARA_IDA),Construction of Community hall at Koparde,2025-01-02,1000000,2025-08-12,1000000,Sanction,Sanctioned - Not Completed,,,,222,,380.0,602.0,0,1.0,,False,False,True,True,True,True,True,True,True,True,True,True,False,False,False,0,100.0
WS/MP18133/2025-2026/148507-Constructionofcommunitycentersandcommunityhalls,Normal/Others,Maharashtra,SATARA,SHRIMANT CHH UDAYANRAJE PRATAPSINHAMAHARAJ BHONSLE,SATARA(DISTRICT COLLECTOR SATARA_IDA),Construction of community hall adjacent to Balsiddha Mandir,2025-01-02,1500000,2025-04-22,1500000,Physical Inspection,Sanctioned - Not Completed,,,,110,,492.0,602.0,0,1.0,,False,False,True,True,True,True,True,True,True,True,True,True,False,False,False,0,100.0
WS/MP18133/2025-2026/148508-Constructionofcommunitycentersandcommunityhalls,Normal/Others,Maharashtra,SATARA,SHRIMANT CHH UDAYANRAJE PRATAPSINHAMAHARAJ BHONSLE,SATARA(DISTRICT COLLECTOR SATARA_IDA),Repair/Construction of Community hall adjacent to Biroba Mandir at Vathar,2025-01-02,1000000,2025-04-22,1000000,Sanction,Sanctioned - Not Completed,,,,110,,492.0,602.0,0,1.0,,False,False,True,True,True,True,True,True,True,True,True,True,False,False,False,0,100.0
WS/MP18133/2025-2026/148509-Constructionofcommunitycentersandcommunityhalls,Normal/Others,Maharashtra,SATARA,SHRIMANT CHH UDAYANRAJE PRATAPSINHAMAHARAJ BHONSLE,SATARA(DISTRICT COLLECTOR SATARA_IDA),Construction of Community hall adjacent to Vitthal Rukmini Mandir,2025-01-02,1000000,2025-04-22,1000000,Sanction,Sanctioned - Not Completed,,,,110,,492.0,602.0,0,1.0,,False,False,True,True,True,True,True,True,True,True,True,True,False,False,False,0,100.0
WS/MP18133/2025-2026/148510-Constructionofadditionalroomsandhallsintheexistingpublicandcommunitybuilding,Normal/Others,Maharashtra,SATARA,SHRIMANT CHH UDAYANRAJE PRATAPSINHAMAHARAJ BHONSLE,SATARA(DISTRICT COLLECTOR SATARA_IDA),Extension and beautification of Grampanchyat Office at Govare,2025-01-02,1000000,2025-04-22,1000000,Sanction,Sanctioned - Not Completed,,,,110,,492.0,602.0,0,1.0,,False,False,True,True,True,True,True,True,True,True,True,True,False,False,False,0,100.0
WS/MP18133/2025-2026/148511-Crematoriums/energyefficientcrematoriumsorstructuresonburial/cremationground,Normal/Others,Maharashtra,SATARA,SHRIMANT CHH UDAYANRAJE PRATAPSINHAMAHARAJ BHONSLE,SATARA(DISTRICT COLLECTOR SATARA_IDA),Creation of Crematorium shed and cremation Dahini,2025-01-02,1000000,2025-04-22,1000000,Sanction,Sanctioned - Not Completed,,,,110,,492.0,602.0,0,1.0,,False,False,True,True,True,True,True,True,True,True,True,True,False,False,False,0,100.0
WS/MP18133/2025-2026/148512-Crematoriums/energyefficientcrematoriumsorstructuresonburial/cremationground,Normal/Others,Maharashtra,SATARA,SHRIMANT CHH UDAYANRAJE PRATAPSINHAMAHARAJ BHONSLE,SATARA(DISTRICT COLLECTOR SATARA_IDA),Creation of Crematorium shed and Smashan Bhumi Dahini at Jadhav Mali at Atake.,2025-01-02,1000000,2025-04-22,1000000,Physical Inspection,Sanctioned - Not Completed,,,,110,,492.0,602.0,0,1.0,,False,False,True,True,True,True,True,True,True,True,True,True,False,False,False,0,100.0
WS/MP18133/2025-2026/148513-Crematoriums/energyefficientcrematoriumsorstructuresonburial/cremationground,Normal/Others,Maharashtra,SATARA,SHRIMANT CHH UDAYANRAJE PRATAPSINHAMAHARAJ BHONSLE,SATARA(DISTRICT COLLECTOR SATARA_IDA),Creation of Crematiorium and Smashanbhumi Dahini at Malkhed,2025-01-02,1000000,2025-04-22,1000000,Sanction,Sanctioned - Not Completed,,,,110,,492.0,602.0,0,1.0,,False,False,True,True,True,True,True,True,True,True,True,True,False,False,False,0,100.0
WS/MP18133/2025-2026/148514-Crematoriums/energyefficientcrematoriumsorstructuresonburial/cremationground,Normal/Others,Maharashtra,SATARA,SHRIMANT CHH UDAYANRAJE PRATAPSINHAMAHARAJ BHONSLE,SATARA(DISTRICT COLLECTOR SATARA_IDA),Repair/creation of Mali Community crematorium at Kole,2025-01-02,500000,2025-04-22,500000,Sanction,Sanctioned - Not Completed,,,,110,,492.0,602.0,0,1.0,,False,False,True,True,True,True,True,True,True,True,True,True,False,False,False,0,100.0
"WS/MP18133/2025-2026/148515-Constructionofroads,linkroads,pathwaysoranyotherroadwithorwithoutdrainagesystem",Normal/Others,Maharashtra,SATARA,SHRIMANT CHH UDAYANRAJE PRATAPSINHAMAHARAJ BHONSLE,SATARA(DISTRICT COLLECTOR SATARA_IDA),creation of paver block road adjacent to Mahadev Mandir Khochrewadi,2025-01-02,500000,2025-04-22,500000,Physical Inspection,Sanctioned - Not Completed,,,,110,,492.0,602.0,0,1.0,,False,False,True,True,True,True,True,True,True,True,True,True,False,False,False,0,100.0
"WS/MP18133/2025-2026/148516-Constructionofroads,linkroads,pathwaysoranyotherroadwithorwithoutdrainagesystem",Normal/Others,Maharashtra,SATARA,SHRIMANT CHH UDAYANRAJE PRATAPSINHAMAHARAJ BHONSLE,SATARA(DISTRICT COLLECTOR SATARA_IDA),creation of paver block road adjacent to jyotirling mandir at Gharalwadi,2025-01-02,500000,2025-04-22,500000,Physical Inspection,Sanctioned - Not Completed,,,,110,,492.0,602.0,0,1.0,,False,False,True,True,True,True,True,True,True,True,True,True,False,False,False,0,100.0
WS/MP18133/2025-2026/148557-Constructionofcommunitycentersandcommunityhalls,Normal/Others,Maharashtra,SATARA,SHRIMANT CHH UDAYANRAJE PRATAPSINHAMAHARAJ BHONSLE,SATARA(DISTRICT COLLECTOR SATARA_IDA),Construction of community hall at Sakhari,2025-01-02,1000000,2025-04-22,1000000,Sanction,Sanctioned - Not Completed,,,,110,,492.0,602.0,0,1.0,,False,False,True,True,True,True,True,True,True,True,True,True,False,False,False,0,100.0
"WS/MP18133/2025-2026/148558-Constructionofroads,linkroads,pathwaysoranyotherroadwithorwithoutdrainagesystem",Normal/Others,Maharashtra,SATARA,SHRIMANT CHH UDAYANRAJE PRATAPSINHAMAHARAJ BHONSLE,SATARA(DISTRICT COLLECTOR SATARA_IDA),Creation of Concrete road at Vaichalwadi (Gudhe),2025-01-02,1000000,2025-04-22,1000000,Sanction,Sanctioned - Not Completed,,,,110,,492.0,602.0,0,1.0,,False,False,True,True,True,True,True,True,True,True,True,True,False,False,False,0,100.0
"WS/MP18133/2025-2026/148559-Constructionofroads,linkroads,pathwaysoranyotherroadwithorwithoutdrainagesystem",Normal/Others,Maharashtra,SATARA,SHRIMANT CHH UDAYANRAJE PRATAPSINHAMAHARAJ BHONSLE,SATARA(DISTRICT COLLECTOR SATARA_IDA),creation of Concrete road at Vekhandwadi,2025-01-02,700000,2025-04-22,700000,Physical Inspection,Sanctioned - Not Completed,,,,110,,492.0,602.0,0,1.0,,False,False,True,True,True,True,True,True,True,True,True,True,False,False,False,0,100.0
"WS/MP18133/2025-2026/148560-Constructionofroads,linkroads,pathwaysoranyotherroadwithorwithoutdrainagesystem",Normal/Others,Maharashtra,SATARA,SHRIMANT CHH UDAYANRAJE PRATAPSINHAMAHARAJ BHONSLE,SATARA(DISTRICT COLLECTOR SATARA_IDA),creation of concrete road from Waghoshi Road to Bahgwat Kolekar Road,2025-01-02,999677,2025-04-22,999677,Physical Inspection,Sanctioned - Not Completed,,,,110,,492.0,602.0,0,1.0,,False,False,True,True,True,True,True,True,True,True,True,True,False,False,False,0,100.0
WS/MP18133/2025-2026/148561-Constructionofpubliclibrariesandreadingrooms,Normal/Others,Maharashtra,SATARA,SHRIMANT CHH UDAYANRAJE PRATAPSINHAMAHARAJ BHONSLE,SATARA(DISTRICT COLLECTOR SATARA_IDA),Creattion of Reading room  (Abhyasika) at Grampanchyat Property Number 2607,2025-01-02,1000000,2025-08-12,1000000,Sanction,Sanctioned - Not Completed,,,,222,,380.0,602.0,0,1.0,,False,False,True,True,True,True,True,True,True,True,True,True,False,False,False,0,100.0
"WS/MP18133/2025-2026/148562-Constructionofroads,linkroads,pathwaysoranyotherroadwithorwithoutdrainagesystem",Normal/Others,Maharashtra,SATARA,SHRIMANT CHH UDAYANRAJE PRATAPSINHAMAHARAJ BHONSLE,SATARA(DISTRICT COLLECTOR SATARA_IDA),Creation of Concrete road at Haripur,2025-01-02,999000,2025-04-22,999000,Physical Inspection,Sanctioned - Not Completed,,,,110,,492.0,602.0,0,1.0,,False,False,True,True,True,True,True,True,True,True,True,True,False,False,False,0,100.0
"WS/MP18133/2025-2026/148563-Constructionofroads,linkroads,pathwaysoranyotherroadwithorwithoutdrainagesystem",Normal/Others,Maharashtra,SATARA,SHRIMANT CHH UDAYANRAJE PRATAPSINHAMAHARAJ BHONSLE,SATARA(DISTRICT COLLECTOR SATARA_IDA),Concrete road from Grampanchyat Office to Shivaji Baburao Pangare House,2025-01-02,500000,2025-04-22,500000,Sanction,Sanctioned - Not Completed,,,,110,,492.0,602.0,0,1.0,,False,False,True,True,True,True,True,True,True,True,True,True,False,False,False,0,100.0
"WS/MP18133/2025-2026/148564-Constructionofroads,linkroads,pathwaysoranyotherroadwithorwithoutdrainagesystem",Normal/Others,Maharashtra,SATARA,SHRIMANT CHH UDAYANRAJE PRATAPSINHAMAHARAJ BHONSLE,SATARA(DISTRICT COLLECTOR SATARA_IDA),creation of concrete road of janani Mata Mandir,2025-01-02,500000,2025-04-25,500000,Work Completed,Sanctioned - Not Completed,,,,113,,489.0,602.0,0,1.0,,False,False,True,True,True,True,True,True,True,True,True,True,False,False,False,0,100.0
"WS/MP18133/2025-2026/148565-Constructionofroads,linkroads,pathwaysoranyotherroadwithorwithoutdrainagesystem",Normal/Others,Maharashtra,SATARA,SHRIMANT CHH UDAYANRAJE PRATAPSINHAMAHARAJ BHONSLE,SATARA(DISTRICT COLLECTOR SATARA_IDA),creation of tar road from Residence of Popat Appa to Chilai Devi Road,2025-01-02,1000000,2025-04-22,1000000,Sanction,Sanctioned - Not Completed,,,,110,,492.0,602.0,0,1.0,,False,False,True,True,True,True,True,True,True,True,True,True,False,False,False,0,100.0
"WS/MP18133/2025-2026/148566-Constructionofroads,linkroads,pathwaysoranyotherroadwithorwithoutdrainagesystem",Normal/Others,Maharashtra,SATARA,SHRIMANT CHH UDAYANRAJE PRATAPSINHAMAHARAJ BHONSLE,SATARA(DISTRICT COLLECTOR SATARA_IDA),Creation of Concrete Road at Kalambe,2025-01-02,1000000,2025-04-22,1000000,Physical Inspection,Sanctioned - Not Completed,,,,110,,492.0,602.0,0,1.0,,False,False,True,True,True,True,True,True,True,True,True,True,False,False,False,0,100.0
WS/MP18133/2025-2026/148567-Constructionofboundarywallsofexistingpublicandcommunitybuildings,Normal/Others,Maharashtra,SATARA,SHRIMANT CHH UDAYANRAJE PRATAPSINHAMAHARAJ BHONSLE,SATARA(DISTRICT COLLECTOR SATARA_IDA),creation of retention wall from Main road to Cremation ground,2025-01-02,1000000,2025-04-22,1000000,Physical Inspection,Sanctioned - Not Completed,,,,110,,492.0,602.0,0,1.0,,False,False,True,True,True,True,True,True,True,True,True,True,False,False,False,0,100.0
"WS/MP18133/2025-2026/148569-Constructionofroads,linkroads,pathwaysoranyotherroadwithorwithoutdrainagesystem",Normal/Others,Maharashtra,SATARA,SHRIMANT CHH UDAYANRAJE PRATAPSINHAMAHARAJ BHONSLE,SATARA(DISTRICT COLLECTOR SATARA_IDA),Creation of concrete road from House of Babaso Koli to House of Raghunath Bhosale,2025-01-02,500000,2025-04-22,500000,Sanction,Sanctioned - Not Completed,,,,110,,492.0,602.0,0,1.0,,False,False,True,True,True,True,True,True,True,True,True,True,False,False,False,0,100.0
"WS/MP18133/2025-2026/148571-Constructionofroads,linkroads,pathwaysoranyotherroadwithorwithoutdrainagesystem",Normal/Others,Maharashtra,SATARA,SHRIMANT CHH UDAYANRAJE PRATAPSINHAMAHARAJ BHONSLE,SATARA(DISTRICT COLLECTOR SATARA_IDA),creation of concrete road from house of Vamanrao Salunkhe to Prakash Thorat House,2025-01-02,500000,2025-04-22,500000,Physical Inspection,Sanctioned - Not Completed,,,,110,,492.0,602.0,0,1.0,,False,False,True,True,True,True,True,True,True,True,True,True,False,False,False,0,100.0
WS/MP18133/2025-2026/148572-Providingdrainsandguttersforpublicdrainage,Normal/Others,Maharashtra,SATARA,SHRIMANT CHH UDAYANRAJE PRATAPSINHAMAHARAJ BHONSLE,SATARA(DISTRICT COLLECTOR SATARA_IDA),Provision of RCC Drain at Sabalwadi,2025-01-02,500000,2025-04-22,500000,Physical Inspection,Sanctioned - Not Completed,,,,110,,492.0,602.0,0,1.0,,False,False,True,True,True,True,True,True,True,True,True,True,False,False,False,0,100.0
WS/MP18133/2025-2026/148598-Constructionofcommunitycentersandcommunityhalls,Normal/Others,Maharashtra,SATARA,SHRIMANT CHH UDAYANRAJE PRATAPSINHAMAHARAJ BHONSLE,SATARA(DISTRICT COLLECTOR SATARA_IDA),Construction of community hall Adjacent to Jyotirling Mandir at Vanzoli,2025-01-02,1000000,2025-08-12,1000000,Sanction,Sanctioned - Not Completed,,,,222,,380.0,602.0,0,1.0,,False,False,True,True,True,True,True,True,True,True,True,True,False,False,False,0,100.0
WS/MP18133/2025-2026/148915-Constructionofboundarywallsofexistingpublicandcommunitybuildings,Normal/Others,Maharashtra,SATARA,SHRIMANT CHH UDAYANRAJE PRATAPSINHAMAHARAJ BHONSLE,SATARA(DISTRICT COLLECTOR SATARA_IDA),Construction of Boundary Wall and laying of Paver Block at Vithlai Mandir at Hanumantwadi (Yevati),2025-01-02,500000,2025-05-13,500000,Physical Inspection,Sanctioned - Not Completed,,,,131,,471.0,602.0,0,1.0,,False,False,True,True,True,True,True,True,True,True,True,True,False,False,False,0,100.0
WS/MP18133/2025-2026/148916-Constructionofroomsandhallsinschoolandcolleges,Normal/Others,Maharashtra,SATARA,SHRIMANT CHH UDAYANRAJE PRATAPSINHAMAHARAJ BHONSLE,SATARA(DISTRICT COLLECTOR SATARA_IDA),Construction of 02 additional rooms at Padmavati Secondary School at Kathi.,2025-01-02,800000,2025-04-22,800000,Sanction,Sanctioned - Not Completed,,,,110,,492.0,602.0,0,1.0,,False,False,True,True,True,True,True,True,True,True,True,True,False,False,False,0,100.0
WS/MP18133/2025-2026/148917-Constructionofcommunitycentersandcommunityhalls,Normal/Others,Maharashtra,SATARA,SHRIMANT CHH UDAYANRAJE PRATAPSINHAMAHARAJ BHONSLE,SATARA(DISTRICT COLLECTOR SATARA_IDA),Construction of community hall at Chorgewadi (Borgaon),2025-01-02,500000,2025-08-12,500000,Sanction,Sanctioned - Not Completed,,,,222,,380.0,602.0,0,1.0,,False,False,True,True,True,True,True,True,True,True,True,True,False,False,False,0,100.0
WS/MP18307/2025-2026/143526-Constructionofroomsandhallsinschoolandcolleges,Normal/Others,Maharashtra,MUMBAI NORTH,Piyush Vedprakash Goyal,MUMBAI SUBURBAN(DISTRICT COLLECTOR MUMBAI SUBURBAN_IDA),"Ward 5  - Reconstruction of Kindergarten at Balkawade Compound, Hanuman Tekdi Road, Kazupada, Borivali East",2024-09-25,4500000,2026-03-25,4500000,Sanction,Sanctioned - Not Completed,,,,546,,155.0,701.0,0,1.0,,False,False,True,True,True,True,True,True,True,True,True,True,False,False,False,0,100.0
WS/MP18307/2025-2026/143600-Treeplantationforcommunity,Normal/Others,Maharashtra,MUMBAI NORTH,Piyush Vedprakash Goyal,MUMBAI SUBURBAN(DISTRICT COLLECTOR MUMBAI SUBURBAN_IDA),Ward 47- Beautification works at Ganga Building Link Road Malad (West),2024-09-25,1500000,2026-03-25,1500000,Work partially Completed,Sanctioned - Not Completed,,,,546,,155.0,701.0,0,1.0,,False,False,True,True,True,True,True,True,True,True,True,True,False,False,False,0,100.0
WS/MP18307/2025-2026/143601-Treeplantationforcommunity,Normal/Others,Maharashtra,MUMBAI NORTH,Piyush Vedprakash Goyal,MUMBAI SUBURBAN(DISTRICT COLLECTOR MUMBAI SUBURBAN_IDA),Ward 47 - Beautification of divider at Mith Chowk to Chincholi Bunder Chowk Link Road Malad West,2024-09-25,2000000,2026-03-25,2000000,Sanction,Sanctioned - Not Completed,,,,546,,155.0,701.0,0,1.0,,False,False,True,True,True,True,True,True,True,True,True,True,False,False,False,0,100.0
WS/MP18307/2025-2026/143602-Treeplantationforcommunity,Normal/Others,Maharashtra,MUMBAI NORTH,Piyush Vedprakash Goyal,MUMBAI SUBURBAN(DISTRICT COLLECTOR MUMBAI SUBURBAN_IDA),Ward 47 -  Beautification work at Swatantrata Veer Savarkar Chowk Malad (West),2024-09-25,2000000,2026-03-25,2000000,Sanction,Sanctioned - Not Completed,,,,546,,155.0,701.0,0,1.0,,False,False,True,True,True,True,True,True,True,True,True,True,False,False,False,0,100.0
"WS/MP18307/2025-2026/143603-Constructionofroads,linkroads,pathwaysoranyotherroadwithorwithoutdrainagesystem",Normal/Others,Maharashtra,MUMBAI NORTH,Piyush Vedprakash Goyal,MUMBAI SUBURBAN(DISTRICT COLLECTOR MUMBAI SUBURBAN_IDA),"Ward 2 -Construction of Drains and footpaths at Sai Kripa Chawl, Sambhaji Nagar, Dubey Chawl, Babli Pada, Tare Compound, Raja Ram Mhatre Chawl  Bharwad Chawl Dahisar",2024-09-25,2500000,2026-01-30,2500000,Work partially Completed,Sanctioned - Not Completed,,,,492,,209.0,701.0,0,1.0,,False,False,True,True,True,True,True,True,True,True,True,True,False,False,False,0,100.0
WS/MP18307/2025-2026/143606-Constructionofpublictoiletsandbathrooms,Normal/Others,Maharashtra,MUMBAI NORTH,Piyush Vedprakash Goyal,MUMBAI SUBURBAN(DISTRICT COLLECTOR MUMBAI SUBURBAN_IDA),Ward 30 - Construction of Toilets at  Iraniwadi Charkop Kandivali (West),2024-09-25,2000000,2026-01-30,2000000,Work partially Completed,Sanctioned - Not Completed,,,,492,,209.0,701.0,0,1.0,,False,False,True,True,True,True,True,True,True,True,True,True,False,False,False,0,100.0
"WS/MP18307/2025-2026/143607-Constructionofroads,linkroads,pathwaysoranyotherroadwithorwithoutdrainagesystem",Normal/Others,Maharashtra,MUMBAI NORTH,Piyush Vedprakash Goyal,MUMBAI SUBURBAN(DISTRICT COLLECTOR MUMBAI SUBURBAN_IDA),"Ward 7 -   Construction of Sewer and CC Passage Loading at Brahmadev Tiwari Chawl, Shagun Hotel, Nawagaon, Dahisar",2024-09-25,2000000,2026-03-25,2000000,Work partially Completed,Sanctioned - Not Completed,,,,546,,155.0,701.0,0,1.0,,False,False,True,True,True,True,True,True,True,True,True,True,False,False,False,0,100.0
WS/MP18307/2025-2026/143608-Constructionofpublictoiletsandbathrooms,Normal/Others,Maharashtra,MUMBAI NORTH,Piyush Vedprakash Goyal,MUMBAI SUBURBAN(DISTRICT COLLECTOR MUMBAI SUBURBAN_IDA),Ward 36- Re-construction of Toilet at near Madras Pada Kandivali (East),2024-09-25,2000000,2026-01-30,2000000,Work partially Completed,Sanctioned - Not Completed,,,,492,,209.0,701.0,0,1.0,,False,False,True,True,True,True,True,True,True,True,True,True,False,False,False,0,100.0
WS/MP18307/2025-2026/143609-Constructionofpublictoiletsandbathrooms,Normal/Others,Maharashtra,MUMBAI NORTH,Piyush Vedprakash Goyal,MUMBAI SUBURBAN(DISTRICT COLLECTOR MUMBAI SUBURBAN_IDA),"Ward 45- Construction of Toilet at Om Sai Welfare (Buddhanagar) Kaccha Road, Malvani Malad (West)",2024-09-25,2000000,2026-03-25,2000000,Sanction,Sanctioned - Not Completed,,,,546,,155.0,701.0,0,1.0,,False,False,True,True,True,True,True,True,True,True,True,True,False,False,False,0,100.0
"WS/MP18307/2025-2026/143610-Constructionofroads,linkroads,pathwaysoranyotherroadwithorwithoutdrainagesystem",Normal/Others,Maharashtra,MUMBAI NORTH,Piyush Vedprakash Goyal,MUMBAI SUBURBAN(DISTRICT COLLECTOR MUMBAI SUBURBAN_IDA),"Ward 13 - Construction of Drainge  and CC Passage, Pavour block at Motiram Mishra Chawl Borivali (East)",2024-09-25,1500000,2026-01-30,1500000,Work partially Completed,Sanctioned - Not Completed,,,,492,,209.0,701.0,0,1.0,,False,False,True,True,True,True,True,True,True,True,True,True,False,False,False,0,100.0
WS/MP18307/2025-2026/143611-Treeplantationforcommunity,Normal/Others,Maharashtra,MUMBAI NORTH,Piyush Vedprakash Goyal,MUMBAI SUBURBAN(DISTRICT COLLECTOR MUMBAI SUBURBAN_IDA),"Ward 21 - Beautification work at  Dahanukarwadi Junction, Charkop Kandivali (West)",2024-09-25,1500000,2026-01-30,1500000,Work partially Completed,Sanctioned - Not Completed,,,,492,,209.0,701.0,0,1.0,,False,False,True,True,True,True,True,True,True,True,True,True,False,False,False,0,100.0
WS/MP18307/2025-2026/143612-Treeplantationforcommunity,Normal/Others,Maharashtra,MUMBAI NORTH,Piyush Vedprakash Goyal,MUMBAI SUBURBAN(DISTRICT COLLECTOR MUMBAI SUBURBAN_IDA),Ward 44  - Beautification  of Square near Raheja Township Malad (East),2024-09-25,1500000,2026-03-25,1500000,Work partially Completed,Sanctioned - Not Completed,,,,546,,155.0,701.0,0,1.0,,False,False,True,True,True,True,True,True,True,True,True,True,False,False,False,0,100.0
"WS/MP18307/2025-2026/143613-Constructionofroads,linkroads,pathwaysoranyotherroadwithorwithoutdrainagesystem",Normal/Others,Maharashtra,MUMBAI NORTH,Piyush Vedprakash Goyal,MUMBAI SUBURBAN(DISTRICT COLLECTOR MUMBAI SUBURBAN_IDA),"Ward 10 - Construction  of drainge and CC passages, Pavour block at Nutan Nagar Dahisar (West)",2024-09-25,1500000,2026-01-30,1500000,Physical Inspection,Sanctioned - Not Completed,,,,492,,209.0,701.0,0,1.0,,False,False,True,True,True,True,True,True,True,True,True,True,False,False,False,0,100.0
"WS/MP18307/2025-2026/146575-Constructionofroads,linkroads,pathwaysoranyotherroadwithorwithoutdrainagesystem",Normal/Others,Maharashtra,MUMBAI NORTH,Piyush Vedprakash Goyal,MUMBAI SUBURBAN(DISTRICT COLLECTOR MUMBAI SUBURBAN_IDA),Ward 27  - Construction of of Sewerage and CC Passage at Nirmal Chawl Kandivali (East),2024-10-09,2000000,2026-01-30,2000000,Work partially Completed,Sanctioned - Not Completed,,,,478,,209.0,687.0,0,1.0,,False,False,True,True,True,True,True,True,True,True,True,True,False,False,False,0,100.0
WS/MP18308/2025-2026/145119-Constructionofbuildingsforcommunityculturalactivities,Normal/Others,Maharashtra,MUMBAI NORTH WEST,RAVINDRA DATTARAM WAIKAR,MUMBAI SUBURBAN(DISTRICT COLLECTOR MUMBAI SUBURBAN_IDA),"Construction of sabhagruha near Brook Heaven Building, Shamnagar, Jogeshwari East, Mumbai.",2024-10-02,1500000,2026-03-25,1500000,Sanction,Sanctioned - Not Completed,,,,539,,155.0,694.0,0,1.0,,False,False,True,True,True,True,True,True,True,True,True,True,False,False,False,0,100.0
"WS/MP18308/2025-2026/145410-Constructionofroads,linkroads,pathwaysoranyotherroadwithorwithoutdrainagesystem",Repair and Renovation,Maharashtra,MUMBAI NORTH WEST,RAVINDRA DATTARAM WAIKAR,MUMBAI SUBURBAN(DISTRICT COLLECTOR MUMBAI SUBURBAN_IDA),"Construction of Road at Umedbhai Patel High School to CDEFRN Unit, Sunder Nagar, Malad (W)",2024-10-04,2000000,2026-01-20,2000000,Vendor Identification,Sanctioned - Not Completed,,,,473,,219.0,692.0,0,1.0,,False,False,True,True,True,True,True,True,True,True,True,True,False,False,False,0,100.0
"WS/MP18308/2025-2026/145411-Constructionofroads,linkroads,pathwaysoranyotherroadwithorwithoutdrainagesystem",Repair and Renovation,Maharashtra,MUMBAI NORTH WEST,RAVINDRA DATTARAM WAIKAR,MUMBAI SUBURBAN(DISTRICT COLLECTOR MUMBAI SUBURBAN_IDA),"Construction of Road at Pawanbaug Society road, Near Chichpokli Fatak, Malad (W), Mumbai",2024-10-08,1500000,2025-08-12,1500000,Vendor Identification,Sanctioned - Not Completed,,,,308,,380.0,688.0,0,1.0,,False,False,True,True,True,True,True,True,True,True,True,True,False,False,False,0,100.0
"WS/MP18308/2025-2026/145414-Constructionofroads,linkroads,pathwaysoranyotherroadwithorwithoutdrainagesystem",Normal/Others,Maharashtra,MUMBAI NORTH WEST,RAVINDRA DATTARAM WAIKAR,MUMBAI SUBURBAN(DISTRICT COLLECTOR MUMBAI SUBURBAN_IDA),"Construction of Road Near Cloud-9 Hospital to Blue Horizon Society, Link Road, Malad (W)",2024-10-08,2000000,2026-03-25,2000000,Vendor Identification,Sanctioned - Not Completed,,,,533,,155.0,688.0,0,1.0,,False,False,True,True,True,True,True,True,True,True,True,True,False,False,False,0,100.0
"WS/MP18308/2025-2026/145418-Constructionofroads,linkroads,pathwaysoranyotherroadwithorwithoutdrainagesystem",Normal/Others,Maharashtra,MUMBAI NORTH WEST,RAVINDRA DATTARAM WAIKAR,MUMBAI SUBURBAN(DISTRICT COLLECTOR MUMBAI SUBURBAN_IDA),"Construction of Road Near Ashish Society to Daffodil Society, Pawanbaug, Malad(W)",2024-10-08,2000000,2025-07-01,2000000,Vendor Identification,Sanctioned - Not Completed,,,,266,,422.0,688.0,0,1.0,,False,False,True,True,True,True,True,True,True,True,True,True,False,False,False,0,100.0
"WS/MP18308/2025-2026/145419-Constructionofroads,linkroads,pathwaysoranyotherroadwithorwithoutdrainagesystem",Normal/Others,Maharashtra,MUMBAI NORTH WEST,RAVINDRA DATTARAM WAIKAR,MUMBAI SUBURBAN(DISTRICT COLLECTOR MUMBAI SUBURBAN_IDA),"Construction of Road at Aakansha Society to Shankar Nagar, front of rustomjee Goregaon (W)",2024-10-08,1500000,2025-07-23,1500000,Vendor Identification,Sanctioned - Not Completed,,,,288,,400.0,688.0,0,1.0,,False,False,True,True,True,True,True,True,True,True,True,True,False,False,False,0,100.0
"WS/MP18308/2025-2026/145420-Constructionofroads,linkroads,pathwaysoranyotherroadwithorwithoutdrainagesystem",Normal/Others,Maharashtra,MUMBAI NORTH WEST,RAVINDRA DATTARAM WAIKAR,MUMBAI SUBURBAN(DISTRICT COLLECTOR MUMBAI SUBURBAN_IDA),"Construction of Road Near Devrukhakarwadi to Aaditya Industrial  Estate, Malad (W)",2024-10-08,2000000,2025-08-06,2000000,Vendor Identification,Sanctioned - Not Completed,,,,302,,386.0,688.0,0,1.0,,False,False,True,True,True,True,True,True,True,True,True,True,False,False,False,0,100.0
WS/MP18308/2025-2026/145422-Constructionofcommunitycentersandcommunityhalls,Normal/Others,Maharashtra,MUMBAI NORTH WEST,RAVINDRA DATTARAM WAIKAR,MUMBAI SUBURBAN(DISTRICT COLLECTOR MUMBAI SUBURBAN_IDA),"Construction of Sabhamandap Near Nagari Niwara Parisad Zone-2, Goregaon (E)",2024-10-08,2500000,2025-07-23,2500000,Vendor Identification,Sanctioned - Not Completed,,,,288,,400.0,688.0,0,1.0,,False,False,True,True,True,True,True,True,True,True,True,True,False,False,False,0,100.0
WS/MP18308/2025-2026/145424-Constructionofcommunitycentersandcommunityhalls,Normal/Others,Maharashtra,MUMBAI NORTH WEST,RAVINDRA DATTARAM WAIKAR,MUMBAI SUBURBAN(DISTRICT COLLECTOR MUMBAI SUBURBAN_IDA),"Construction of Sabhamandap Near Shri Krushna Nagar SRA Parisar, Building No.2, Goregaon (E)",2024-10-08,1800000,2026-01-20,1800000,Vendor Identification,Sanctioned - Not Completed,,,,469,,219.0,688.0,0,1.0,,False,False,True,True,True,True,True,True,True,True,True,True,False,False,False,0,100.0
WS/MP18308/2025-2026/145425-Constructionoftoiletblocks,Normal/Others,Maharashtra,MUMBAI NORTH WEST,RAVINDRA DATTARAM WAIKAR,MUMBAI SUBURBAN(DISTRICT COLLECTOR MUMBAI SUBURBAN_IDA),"Construction of 14 seated Toilet block at Shri Hanuman Tekadi Seva Mandal, Shankar Desai Chawl, Tanaji Nagar, Malad (E)",2024-10-08,2100000,2026-03-25,2100000,Work partially Completed,Sanctioned - Not Completed,,,,533,,155.0,688.0,0,1.0,,False,False,True,True,True,True,True,True,True,True,True,True,False,False,False,0,100.0
WS/MP18308/2025-2026/145426-FittingofSittingRCCBenchesinPublicPlaces,Normal/Others,Maharashtra,MUMBAI NORTH WEST,RAVINDRA DATTARAM WAIKAR,MUMBAI SUBURBAN(DISTRICT COLLECTOR MUMBAI SUBURBAN_IDA),"Construction of Seating benches at Minatai Thakre Kridagan (New Mhada Dindoshi Colony /Nagari Niwara Parisad) Near Bus No.646 last BEST Stop, Goregaon (E)",2024-10-08,1500000,2025-07-23,1500000,Vendor Identification,Sanctioned - Not Completed,,,,288,,400.0,688.0,0,1.0,,False,False,True,True,True,True,True,True,True,True,True,True,False,False,False,0,100.0
"WS/MP18308/2025-2026/145427-Constructionofroads,linkroads,pathwaysoranyotherroadwithorwithoutdrainagesystem",Normal/Others,Maharashtra,MUMBAI NORTH WEST,RAVINDRA DATTARAM WAIKAR,MUMBAI SUBURBAN(DISTRICT COLLECTOR MUMBAI SUBURBAN_IDA),"Construction of Poch Rasta and Shed at Nagsen Chawl, Kranti Nagar, Ward No.39, Malad (E)",2024-10-08,3000000,2026-01-20,3000000,Vendor Identification,Sanctioned - Not Completed,,,,469,,219.0,688.0,0,1.0,,False,False,True,True,True,True,True,True,True,True,True,True,False,False,False,0,100.0
"WS/MP18308/2025-2026/145428-Constructionofroads,linkroads,pathwaysoranyotherroadwithorwithoutdrainagesystem",Normal/Others,Maharashtra,MUMBAI NORTH WEST,RAVINDRA DATTARAM WAIKAR,MUMBAI SUBURBAN(DISTRICT COLLECTOR MUMBAI SUBURBAN_IDA),"Construction of Ladikaran of Parisar at Shivshankar Mandir Parisar, Ward No.39, Malad (E)",2024-10-08,1500000,2025-07-01,1500000,Vendor Identification,Sanctioned - Not Completed,,,,266,,422.0,688.0,0,1.0,,False,False,True,True,True,True,True,True,True,True,True,True,False,False,False,0,100.0
WS/MP18308/2025-2026/145430-Constructionofcommunitycentersandcommunityhalls,Normal/Others,Maharashtra,MUMBAI NORTH WEST,RAVINDRA DATTARAM WAIKAR,MUMBAI SUBURBAN(DISTRICT COLLECTOR MUMBAI SUBURBAN_IDA),"Construction of Samaj Mandir, at Shri Sai Chawl  committee , Tanaji Nagar, Kurar Village, Malad (E)",2024-10-08,2000000,2026-03-25,2000000,Work partially Completed,Sanctioned - Not Completed,,,,533,,155.0,688.0,0,1.0,,False,False,True,True,True,True,True,True,True,True,True,True,False,False,False,0,100.0
"WS/MP18308/2025-2026/145431-Constructionofroads,linkroads,pathwaysoranyotherroadwithorwithoutdrainagesystem",Normal/Others,Maharashtra,MUMBAI NORTH WEST,RAVINDRA DATTARAM WAIKAR,MUMBAI SUBURBAN(DISTRICT COLLECTOR MUMBAI SUBURBAN_IDA),"Consturction of Ladikaran at Mrunaltai Gore, Near Nagari Niwara Parisad, Dindoshi, Goregaon (E)",2024-10-08,4000000,2026-01-20,4000000,Vendor Identification,Sanctioned - Not Completed,,,,469,,219.0,688.0,0,1.0,,False,False,True,True,True,True,True,True,True,True,True,True,False,False,False,0,100.0
WS/MP18308/2025-2026/145433-FittingofSittingRCCBenchesinPublicPlaces,Normal/Others,Maharashtra,MUMBAI NORTH WEST,RAVINDRA DATTARAM WAIKAR,MUMBAI SUBURBAN(DISTRICT COLLECTOR MUMBAI SUBURBAN_IDA),"Construction of Seating arrangement at Minatai Thakre Udyan, Dindoshi, Goregaon (E)",2024-10-08,1500000,2025-08-06,1500000,Vendor Identification,Sanctioned - Not Completed,,,,302,,386.0,688.0,0,1.0,,False,False,True,True,True,True,True,True,True,True,True,True,False,False,False,0,100.0
WS/MP18308/2025-2026/146670-ProvidingCCTVcamerasystemforsecurityofpublicareas,Normal/Others,Maharashtra,MUMBAI NORTH WEST,RAVINDRA DATTARAM WAIKAR,MUMBAI SUBURBAN(DISTRICT COLLECTOR MUMBAI SUBURBAN_IDA),"P/F C.C.T.V. Camera at Majaswadi Sarvoday Nagar, Near M.H.B. Colony, Jogeshwari (E)",2024-10-10,100000,2026-03-25,100000,Sanction,Sanctioned - Not Completed,,,,531,,155.0,686.0,0,1.0,,False,False,True,True,True,True,True,True,True,True,True,True,False,False,False,0,100.0
WS/MP18323/2025-2026/144107-Constructionofcommunitycentersandcommunityhalls,Normal/Others,Maharashtra,LATUR(SC),DR KALGE SHIVAJI BANDAPPA,LATUR(DISTRICT COLLECTOR LATUR_IDA),"Construction of Community Hall at Ward No.17,Lakshminagar,Chakur,District.Latur",2024-09-27,1494640,2026-02-03,1494640,Physical Inspection,Sanctioned - Not Completed,,,,494,,205.0,699.0,0,1.0,,False,False,True,True,True,True,True,True,True,True,True,True,False,False,False,0,100.0
"WS/MP18323/2025-2026/144115-Constructionofroads,linkroads,pathwaysoranyotherroadwithorwithoutdrainagesystem",Normal/Others,Maharashtra,LATUR(SC),DR KALGE SHIVAJI BANDAPPA,LATUR(DISTRICT COLLECTOR LATUR_IDA),"Construction of  road at Prbudhhanagar,Maharanapratap Nagar,Taluka Latur",2024-09-27,995673,2025-11-04,995673,Physical Inspection,Sanctioned - Not Completed,,,,403,,296.0,699.0,0,1.0,,False,False,True,True,True,True,True,True,True,True,True,True,False,False,False,0,100.0
WS/MP18323/2025-2026/144116-Providingdrainsandguttersforpublicdrainage,Normal/Others,Maharashtra,LATUR(SC),DR KALGE SHIVAJI BANDAPPA,LATUR(DISTRICT COLLECTOR LATUR_IDA),"Construction of Public  Gutter /Drainage at Karimnagar,Maharanapratap Nagar,Taluka Latur",2024-09-27,995696,2026-02-03,995696,Physical Inspection,Sanctioned - Not Completed,,,,494,,205.0,699.0,0,1.0,,False,False,True,True,True,True,True,True,True,True,True,True,False,False,False,0,100.0
"WS/MP18323/2025-2026/146706-Constructionofroads,linkroads,pathwaysoranyotherroadwithorwithoutdrainagesystem",Normal/Others,Maharashtra,LATUR(SC),DR KALGE SHIVAJI BANDAPPA,NANDED(DISTRICT COLLECTOR NANDED_IDA),"Construction of internal vilage cement road at Valsangwadi, Nandanwadi, Tq.Kandahar, District Nanded",2024-10-10,500000,2025-05-05,500000,Physical Inspection,Sanctioned - Not Completed,,,,207,,479.0,686.0,0,1.0,,False,False,True,True,True,True,True,True,True,True,True,True,False,False,False,0,100.0
"WS/MP18323/2025-2026/146707-Constructionofroads,linkroads,pathwaysoranyotherroadwithorwithoutdrainagesystem",Normal/Others,Maharashtra,LATUR(SC),DR KALGE SHIVAJI BANDAPPA,NANDED(DISTRICT COLLECTOR NANDED_IDA),"Construction of internal cement concrete road at  Shekapur, Tq.Kandahar, District Nanded",2024-10-10,593000,2025-06-26,593000,Physical Inspection,Sanctioned - Not Completed,,,,259,,427.0,686.0,0,1.0,,False,False,True,True,True,True,True,True,True,True,True,True,False,False,False,0,100.0
"WS/MP18323/2025-2026/146708-Constructionofroads,linkroads,pathwaysoranyotherroadwithorwithoutdrainagesystem",Normal/Others,Maharashtra,LATUR(SC),DR KALGE SHIVAJI BANDAPPA,NANDED(DISTRICT COLLECTOR NANDED_IDA),"Construction of  cement concrete internal road at Balantwadi, Tq.Kandahar, District Nanded",2024-10-10,500000,2025-07-22,500000,Physical Inspection,Sanctioned - Not Completed,,,,285,,401.0,686.0,0,1.0,,False,False,True,True,True,True,True,True,True,True,True,True,False,False,False,0,100.0
WS/MP18323/2025-2026/146710-Constructionofcommunitycentersandcommunityhalls,Normal/Others,Maharashtra,LATUR(SC),DR KALGE SHIVAJI BANDAPPA,NANDED(DISTRICT COLLECTOR NANDED_IDA),"Construction of an auditorium in an open space owned by Gram Panchayat / Government at  Sanguchiwadi, Tq.Kandahar, District Nanded",2024-10-10,695000,2025-06-26,695000,Physical Inspection,Sanctioned - Not Completed,,,,259,,427.0,686.0,0,1.0,,False,False,True,True,True,True,True,True,True,True,True,True,False,False,False,0,100.0
"WS/MP18323/2025-2026/146716-Constructionofroads,linkroads,pathwaysoranyotherroadwithorwithoutdrainagesystem",Normal/Others,Maharashtra,LATUR(SC),DR KALGE SHIVAJI BANDAPPA,LATUR(DISTRICT COLLECTOR LATUR_IDA),"Construction of cement road from Mohsin Sheikh's house, Gafar Sheikh's house to Pasha Attar's house at Pangaon, Tq.Renapur",2024-10-10,797573,2026-03-27,797573,Work Completed,Sanctioned - Not Completed,,,,533,,153.0,686.0,0,1.0,,False,False,True,True,True,True,True,True,True,True,True,True,False,False,False,0,100.0
"WS/MP18323/2025-2026/146867-Constructionofroads,linkroads,pathwaysoranyotherroadwithorwithoutdrainagesystem",Normal/Others,Maharashtra,LATUR(SC),DR KALGE SHIVAJI BANDAPPA,NANDED(DISTRICT COLLECTOR NANDED_IDA),Construction of cement concrete road from Balaji Ugle to Kantabai Chopwad house and from Bandu Pandilwad to Tanaji Vitthal Ugle house at Nurangpura Taluka Kandhar District Nanded,2024-10-11,991000,2026-02-18,991000,Physical Inspection,Sanctioned - Not Completed,,,,495,,190.0,685.0,0,1.0,,False,False,True,True,True,True,True,True,True,True,True,True,False,False,False,0,100.0
"WS/MP18323/2025-2026/147142-Constructionofroads,linkroads,pathwaysoranyotherroadwithorwithoutdrainagesystem",Normal/Others,Maharashtra,LATUR(SC),DR KALGE SHIVAJI BANDAPPA,LATUR(DISTRICT COLLECTOR LATUR_IDA),"Construction of cement road from Shivanand Aniba Jadhav's house to Trimbak Patwari's house at Tondar, Tq.Udgir, District Latur",2024-10-14,991691,2025-04-15,991691,Physical Inspection,Sanctioned - Not Completed,,,,183,,499.0,682.0,0,1.0,,False,False,True,True,True,True,True,True,True,True,True,True,False,False,False,0,100.0
WS/MP18323/2026-2027/144110-Constructionofcommunitycentersandcommunityhalls,Normal/Others,Maharashtra,LATUR(SC),DR KALGE SHIVAJI BANDAPPA,LATUR(DISTRICT COLLECTOR LATUR_IDA),"Construction of  Community centre  Hall in Gram Panchayat / Govt owned open space at  Palsi,  Ta.Renapur",2024-09-27,967593,2026-04-17,967593,Time Estimation,Sanctioned - Not Completed,,,,567,,132.0,699.0,0,1.0,,False,False,True,True,True,True,True,True,True,True,True,True,False,False,False,0,100.0
WS/MP18323/2026-2027/144111-Constructionofcommunitycentersandcommunityhalls,Normal/Others,Maharashtra,LATUR(SC),DR KALGE SHIVAJI BANDAPPA,LATUR(DISTRICT COLLECTOR LATUR_IDA),"Construction of  Community centre  Hall in Gram Panchayat / Govt owned open space at  Kharola,  Ta.Renapur",2024-09-27,998705,2026-05-22,998705,Physical Inspection,Sanctioned - Not Completed,,,,602,,97.0,699.0,0,1.0,,False,False,True,True,True,True,True,True,True,True,True,True,False,False,False,0,100.0
"WS/MP18323/2026-2027/144117-Constructionofroads,linkroads,pathwaysoranyotherroadwithorwithoutdrainagesystem",Normal/Others,Maharashtra,LATUR(SC),DR KALGE SHIVAJI BANDAPPA,LATUR(DISTRICT COLLECTOR LATUR_IDA),"Asphalting of the road leading to Vasantnagar Tanda Vasti in Mahapur,Taluka Latur",2024-09-27,1000000,2026-08-07,1000000,Physical Inspection,Sanctioned - Not Completed,,,,679,,20.0,699.0,0,1.0,,False,False,True,True,True,True,True,True,True,True,True,True,False,False,False,0,100.0
WS/MP18323/2026-2027/144120-Constructionofcommunitycentersandcommunityhalls,Normal/Others,Maharashtra,LATUR(SC),DR KALGE SHIVAJI BANDAPPA,LATUR(DISTRICT COLLECTOR LATUR_IDA),"Construction of  Community centre /Hall in Municipal Corporation / Govt owned open space in front of Rudra Hanuman temple at ward No.02, Rudreshwar Nagar ( E), Latur Municipal Corporation",2024-09-27,1991059,2026-05-22,1991059,Physical Inspection,Sanctioned - Not Completed,,,,602,,97.0,699.0,0,1.0,,False,False,True,True,True,True,True,True,True,True,True,True,False,False,False,0,100.0
"WS/MP18323/2026-2027/146709-Constructionofroads,linkroads,pathwaysoranyotherroadwithorwithoutdrainagesystem",Normal/Others,Maharashtra,LATUR(SC),DR KALGE SHIVAJI BANDAPPA,NANDED(DISTRICT COLLECTOR NANDED_IDA),", Construction Paver Block on internal village road at Palaswadi,Umraj,Tq. Kandahar, Dist.Nanded",2024-10-10,292053,2026-07-13,292053,Physical Inspection,Sanctioned - Not Completed,,,,641,,45.0,686.0,0,1.0,,False,False,True,True,True,True,True,True,True,True,True,True,False,False,False,0,100.0
WS/MP18323/2026-2027/146717-Crematoriums/energyefficientcrematoriumsorstructuresonburial/cremationground,Normal/Others,Maharashtra,LATUR(SC),DR KALGE SHIVAJI BANDAPPA,LATUR(DISTRICT COLLECTOR LATUR_IDA),"Development of cemetery / Kabrastan at Bhadgaon, Tq.Latur",2024-10-10,794104,2026-08-14,794104,Physical Inspection,Sanctioned - Not Completed,,,,673,,13.0,686.0,0,1.0,,False,False,True,True,True,True,True,True,True,True,True,True,False,False,False,0,100.0
WS/MP18327/2025-2026/137670-Streetlights,Normal/Others,Maharashtra,SOLAPUR(SC),PRANITI SUSHILKUMAR SHINDE,SOLAPUR(DISTRICT COLLECTOR SOLAPUR_IDA),Installation of Light in front of Khandoba Temple at Waluj Gaon in Mohol Taluka,2024-08-29,499880,2026-03-09,499880,Physical Inspection,Sanctioned - Not Completed,,,,557,,171.0,728.0,0,1.0,,False,False,True,True,True,True,True,True,True,True,True,True,False,False,False,0,100.0
"WS/MP661/2025-2026/146558-Constructionofroads,linkroads,pathwaysoranyotherroadwithorwithoutdrainagesystem",Normal/Others,Maharashtra,SHIRUR,Amol Ramsing Kolhe,PUNE(DISTRICT COLLECTOR PUNE_IDA),"Construction of roads At. Pashan Mala towords Shivraj Residancy Society Tq. Shirur, Dist. Pune",2024-10-09,1000000,2025-04-21,1000000,Physical Inspection,Sanctioned - Not Completed,,,,194,,493.0,687.0,0,1.0,,False,False,True,True,True,True,True,True,True,True,True,True,False,False,False,0,100.0
"WS/MP661/2025-2026/146559-Constructionofroads,linkroads,pathwaysoranyotherroadwithorwithoutdrainagesystem",Normal/Others,Maharashtra,SHIRUR,Amol Ramsing Kolhe,PUNE(DISTRICT COLLECTOR PUNE_IDA),Construction of road At. Borhade Mala Water Ank To Ajay Poly Company,2024-10-09,1000000,2025-08-21,1000000,Physical Inspection,Sanctioned - Not Completed,,,,316,,371.0,687.0,0,1.0,,False,False,True,True,True,True,True,True,True,True,True,True,False,False,False,0,100.0
"WS/MP661/2025-2026/146560-Constructionofroads,linkroads,pathwaysoranyotherroadwithorwithoutdrainagesystem",Normal/Others,Maharashtra,SHIRUR,Amol Ramsing Kolhe,PUNE(DISTRICT COLLECTOR PUNE_IDA),"Construction of road At. Shivratna Society From Mahajan Mala Road towords House of shaikh  Tq. Shirur, Dist. Pune",2024-10-09,1000000,2025-04-08,1000000,Work Completed,Sanctioned - Not Completed,,,,181,,506.0,687.0,0,1.0,,False,False,True,True,True,True,True,True,True,True,True,True,False,False,False,0,100.0
"WS/MP661/2025-2026/146561-Constructionofroads,linkroads,pathwaysoranyotherroadwithorwithoutdrainagesystem",Normal/Others,Maharashtra,SHIRUR,Amol Ramsing Kolhe,PUNE(DISTRICT COLLECTOR PUNE_IDA),"Construction of road At. Jadhav Mala From House of Bhagat Chaudhari towards house of sandip gavade Tq. Shirur, Dist. Pune",2024-10-09,1000000,2025-04-08,1000000,Physical Inspection,Sanctioned - Not Completed,,,,181,,506.0,687.0,0,1.0,,False,False,True,True,True,True,True,True,True,True,True,True,False,False,False,0,100.0
"WS/MP661/2025-2026/146562-Constructionofroads,linkroads,pathwaysoranyotherroadwithorwithoutdrainagesystem",Normal/Others,Maharashtra,SHIRUR,Amol Ramsing Kolhe,PUNE(DISTRICT COLLECTOR PUNE_IDA),Construction of road At. Baburao nagar from Shevale major Bulding Towards Gurukul Society,2024-10-09,1000000,2025-04-08,1000000,Physical Inspection,Sanctioned - Not Completed,,,,181,,506.0,687.0,0,1.0,,False,False,True,True,True,True,True,True,True,True,True,True,False,False,False,0,100.0
"WS/MP661/2025-2026/146563-Constructionofroads,linkroads,pathwaysoranyotherroadwithorwithoutdrainagesystem",Normal/Others,Maharashtra,SHIRUR,Amol Ramsing Kolhe,PUNE(DISTRICT COLLECTOR PUNE_IDA),"Construction of road  from Sanand road to bharti gold society At. Wagholi Tq. haveli, Dist. Pune",2024-10-09,995405,2025-04-21,995405,Physical Inspection,Sanctioned - Not Completed,,,,194,,493.0,687.0,0,1.0,,False,False,True,True,True,True,True,True,True,True,True,True,False,False,False,0,100.0
"WS/MP661/2025-2026/146564-Constructionofroads,linkroads,pathwaysoranyotherroadwithorwithoutdrainagesystem",Normal/Others,Maharashtra,SHIRUR,Amol Ramsing Kolhe,PUNE(DISTRICT COLLECTOR PUNE_IDA),"Construction of road from oxyi ultima society At. kesnand Road to Siddhant Dewine Society At. Wagholi, Tq. Haveli Dist. Pune",2024-10-09,1000000,2025-04-21,1000000,Physical Inspection,Sanctioned - Not Completed,,,,194,,493.0,687.0,0,1.0,,False,False,True,True,True,True,True,True,True,True,True,True,False,False,False,0,100.0
"WS/MP661/2025-2026/146565-Constructionofroads,linkroads,pathwaysoranyotherroadwithorwithoutdrainagesystem",Normal/Others,Maharashtra,SHIRUR,Amol Ramsing Kolhe,PUNE(DISTRICT COLLECTOR PUNE_IDA),Construction of road from Madhunanda Society to yash palace At. Wagholui Tq. Haveli Dist. Pune,2024-10-09,1000000,2025-04-21,1000000,Physical Inspection,Sanctioned - Not Completed,,,,194,,493.0,687.0,0,1.0,,False,False,True,True,True,True,True,True,True,True,True,True,False,False,False,0,100.0
"WS/MP661/2025-2026/146566-Constructionofroads,linkroads,pathwaysoranyotherroadwithorwithoutdrainagesystem",Normal/Others,Maharashtra,SHIRUR,Amol Ramsing Kolhe,PUNE(DISTRICT COLLECTOR PUNE_IDA),"Construction of road from gerasrushti Society to towards chokhi Dhani At. Wagholi, Tq. Haveli Dist. Pune",2024-10-09,1000000,2025-04-21,1000000,Physical Inspection,Sanctioned - Not Completed,,,,194,,493.0,687.0,0,1.0,,False,False,True,True,True,True,True,True,True,True,True,True,False,False,False,0,100.0
WS/MP661/2025-2026/147453-Constructionoffootpathsandpedestrianways,Normal/Others,Maharashtra,SHIRUR,Amol Ramsing Kolhe,PUNE(DISTRICT COLLECTOR PUNE_IDA),installation of Paving Blocks at Kharpudi Bk,2024-10-15,990415,2025-04-22,990415,Physical Inspection,Sanctioned - Not Completed,,,,189,,492.0,681.0,0,1.0,,False,False,True,True,True,True,True,True,True,True,True,True,False,False,False,0,100.0
WS/MP661/2025-2026/147454-Constructionofcommunitycentersandcommunityhalls,Normal/Others,Maharashtra,SHIRUR,Amol Ramsing Kolhe,PUNE(DISTRICT COLLECTOR PUNE_IDA),Construction of Mahila Asmita Bhavan community hall at Siddhagavhan,2024-10-15,1000000,2025-04-22,1000000,Physical Inspection,Sanctioned - Not Completed,,,,189,,492.0,681.0,0,1.0,,False,False,True,True,True,True,True,True,True,True,True,True,False,False,False,0,100.0
WS/MP661/2025-2026/147457-Constructionofcommunitycentersandcommunityhalls,Normal/Others,Maharashtra,SHIRUR,Amol Ramsing Kolhe,PUNE(DISTRICT COLLECTOR PUNE_IDA),construction of community hall front of Dharmaraj Maharaj temple at Wada,2024-10-15,1000000,2025-05-09,1000000,Sanction,Sanctioned - Not Completed,,,,206,,475.0,681.0,0,1.0,,False,False,True,True,True,True,True,True,True,True,True,True,False,False,False,0,100.0
WS/MP661/2025-2026/147465-Constructionofcommunitycentersandcommunityhalls,Normal/Others,Maharashtra,SHIRUR,Amol Ramsing Kolhe,PUNE(DISTRICT COLLECTOR PUNE_IDA),"Construction of community hall at Khairenagar Tq. Ambegaon, Dist. Pune",2024-10-15,999694,2025-10-28,999694,Physical Inspection,Sanctioned - Not Completed,,,,378,,303.0,681.0,0,1.0,,False,False,True,True,True,True,True,True,True,True,True,True,False,False,False,0,100.0
"WS/MP661/2025-2026/147480-Constructionofroads,linkroads,pathwaysoranyotherroadwithorwithoutdrainagesystem",Normal/Others,Maharashtra,SHIRUR,Amol Ramsing Kolhe,PUNE(DISTRICT COLLECTOR PUNE_IDA),construction of ghatrasta at parunde,2024-10-15,995639,2025-04-21,995639,Physical Inspection,Sanctioned - Not Completed,,,,188,,493.0,681.0,0,1.0,,False,False,True,True,True,True,True,True,True,True,True,True,False,False,False,0,100.0
WS/MP661/2026-2027/147464-Lightingofpublicspaces,Normal/Others,Maharashtra,SHIRUR,Amol Ramsing Kolhe,PUNE(DISTRICT COLLECTOR PUNE_IDA),"installation of High Mast Lighting at 4 different public places at nirgoodsar, Tq. Ambegaon, Dist. Pune",2024-10-15,1000000,2026-05-18,1000000,Physical Inspection,Sanctioned - Not Completed,,,,580,,101.0,681.0,0,1.0,,False,False,True,True,True,True,True,True,True,True,True,True,False,False,False,0,100.0
WS/MP664/2025-2026/146325-Constructionofcommunitycentersandcommunityhalls,Normal/Others,Maharashtra,MUMBAI SOUTH,Arvind Ganpat Sawant,MUMBAI(DISTRICT COLLECTOR MUMBAI CITY_IDA),ahok mahadeo palwankar dighenagar socity community hall,2024-10-08,1193715,2025-09-17,1193715,Physical Inspection,Sanctioned - Not Completed,,,,344,,344.0,688.0,0,1.0,,False,False,True,True,True,True,True,True,True,True,True,True,False,False,False,0,100.0
WS/MP664/2025-2026/146326-Constructionofpublictoiletsandbathrooms,Normal/Others,Maharashtra,MUMBAI SOUTH,Arvind Ganpat Sawant,MUMBAI(DISTRICT COLLECTOR MUMBAI CITY_IDA),aarunoday colony public toilet sewri,2024-10-08,994762,2025-09-17,994762,Physical Inspection,Sanctioned - Not Completed,,,,344,,344.0,688.0,0,1.0,,False,False,True,True,True,True,True,True,True,True,True,True,False,False,False,0,100.0
WS/MP664/2025-2026/146327-Constructionofcommunitycentersandcommunityhalls,Normal/Others,Maharashtra,MUMBAI SOUTH,Arvind Ganpat Sawant,MUMBAI(DISTRICT COLLECTOR MUMBAI CITY_IDA),navkranti seva sangh t.j road sewri community hall,2024-10-08,1094240,2025-09-17,1094240,Physical Inspection,Sanctioned - Not Completed,,,,344,,344.0,688.0,0,1.0,,False,False,True,True,True,True,True,True,True,True,True,True,False,False,False,0,100.0
WS/MP664/2025-2026/146328-Providingsupplypipelinesfordrinkingwater,Normal/Others,Maharashtra,MUMBAI SOUTH,Arvind Ganpat Sawant,MUMBAI(DISTRICT COLLECTOR MUMBAI CITY_IDA),hasma jetha chwal zakeria bunder sewri water pipeline,2024-10-08,1196940,2025-09-17,1196940,Physical Inspection,Sanctioned - Not Completed,,,,344,,344.0,688.0,0,1.0,,False,False,True,True,True,True,True,True,True,True,True,True,False,False,False,0,100.0
WS/MP664/2025-2026/146329-Constructionofcommunitycentersandcommunityhalls,Normal/Others,Maharashtra,MUMBAI SOUTH,Arvind Ganpat Sawant,MUMBAI(DISTRICT COLLECTOR MUMBAI CITY_IDA),shivshankar seva mandal wadia road bhoiwada sewri community hall,2024-10-08,1246813,2025-09-17,1246813,Physical Inspection,Sanctioned - Not Completed,,,,344,,344.0,688.0,0,1.0,,False,False,True,True,True,True,True,True,True,True,True,True,False,False,False,0,100.0
WS/MP664/2025-2026/146330-Constructionofcommunitycentersandcommunityhalls,Normal/Others,Maharashtra,MUMBAI SOUTH,Arvind Ganpat Sawant,MUMBAI(DISTRICT COLLECTOR MUMBAI CITY_IDA),vikrant sadan gas pipeline lane sewri community hall,2024-10-08,1496175,2025-09-17,1496175,Physical Inspection,Sanctioned - Not Completed,,,,344,,344.0,688.0,0,1.0,,False,False,True,True,True,True,True,True,True,True,True,True,False,False,False,0,100.0
WS/MP664/2025-2026/146335-Constructionofcommunitycentersandcommunityhalls,Normal/Others,Maharashtra,MUMBAI SOUTH,Arvind Ganpat Sawant,MUMBAI(DISTRICT COLLECTOR MUMBAI CITY_IDA),jay bajrang krida mandal n.m joshi marg sewri community hall,2024-10-08,1494831,2025-09-17,1494831,Physical Inspection,Sanctioned - Not Completed,,,,344,,344.0,688.0,0,1.0,,False,False,True,True,True,True,True,True,True,True,True,True,False,False,False,0,100.0
WS/MP664/2025-2026/146362-Constructionofcommunitycentersandcommunityhalls,Normal/Others,Maharashtra,MUMBAI SOUTH,Arvind Ganpat Sawant,MUMBAI(DISTRICT COLLECTOR MUMBAI CITY_IDA),vishwakamal navratri utsav mandal senapati bapat marg worli community hall,2024-10-08,1093255,2025-09-17,1093255,Physical Inspection,Sanctioned - Not Completed,,,,344,,344.0,688.0,0,1.0,,False,False,True,True,True,True,True,True,True,True,True,True,False,False,False,0,100.0
WS/MP664/2025-2026/146363-Constructionofcommunitycentersandcommunityhalls,Normal/Others,Maharashtra,MUMBAI SOUTH,Arvind Ganpat Sawant,MUMBAI(DISTRICT COLLECTOR MUMBAI CITY_IDA),navhans krida mandal gm bhosle marg worli community hall,2024-10-08,1590188,2025-09-17,1590188,Physical Inspection,Sanctioned - Not Completed,,,,344,,344.0,688.0,0,1.0,,False,False,True,True,True,True,True,True,True,True,True,True,False,False,False,0,100.0
"WS/MP664/2025-2026/146364-Constructionofroads,linkroads,pathwaysoranyotherroadwithorwithoutdrainagesystem",Normal/Others,Maharashtra,MUMBAI SOUTH,Arvind Ganpat Sawant,MUMBAI(DISTRICT COLLECTOR MUMBAI CITY_IDA),bhiwandiwala building construction of road worli,2024-10-08,994762,2025-09-17,994762,Physical Inspection,Sanctioned - Not Completed,,,,344,,344.0,688.0,0,1.0,,False,False,True,True,True,True,True,True,True,True,True,True,False,False,False,0,100.0
WS/MP664/2025-2026/146365-Constructionofcommunitycentersandcommunityhalls,Normal/Others,Maharashtra,MUMBAI SOUTH,Arvind Ganpat Sawant,MUMBAI(DISTRICT COLLECTOR MUMBAI CITY_IDA),engel seva mandal worli naka worli community hall,2024-10-08,2089002,2025-09-17,2089002,Physical Inspection,Sanctioned - Not Completed,,,,344,,344.0,688.0,0,1.0,,False,False,True,True,True,True,True,True,True,True,True,True,False,False,False,0,100.0
WS/MP664/2025-2026/146367-Constructionofcommunitycentersandcommunityhalls,Normal/Others,Maharashtra,MUMBAI SOUTH,Arvind Ganpat Sawant,MUMBAI(DISTRICT COLLECTOR MUMBAI CITY_IDA),janta rahiwasi seva sangh worlikoliwada worli community hall,2024-10-08,2094646,2025-09-17,2094646,Physical Inspection,Sanctioned - Not Completed,,,,344,,344.0,688.0,0,1.0,,False,False,True,True,True,True,True,True,True,True,True,True,False,False,False,0,100.0
WS/MP664/2025-2026/146368-Constructionofcommunitycentersandcommunityhalls,Normal/Others,Maharashtra,MUMBAI SOUTH,Arvind Ganpat Sawant,MUMBAI(DISTRICT COLLECTOR MUMBAI CITY_IDA),uday krida mandal janta colony worlikoliwada worli community hall,2024-10-08,1795410,2025-09-17,1795410,Physical Inspection,Sanctioned - Not Completed,,,,344,,344.0,688.0,0,1.0,,False,False,True,True,True,True,True,True,True,True,True,True,False,False,False,0,100.0
WS/MP664/2026-2027/146582-Providingsupplypipelinesfordrinkingwater,Normal/Others,Maharashtra,MUMBAI SOUTH,Arvind Ganpat Sawant,MUMBAI(DISTRICT COLLECTOR MUMBAI CITY_IDA),manav seva samiti cuff parade colaba providing drinking water pipeline,2024-10-09,2000000,2026-05-18,2000000,Vendor Identification,Sanctioned - Not Completed,,,,586,,101.0,687.0,0,1.0,,False,False,True,True,True,True,True,True,True,True,True,True,False,False,False,0,100.0
WS/MP664/2026-2027/146583-Constructionofcommunitycentersandcommunityhalls,Normal/Others,Maharashtra,MUMBAI SOUTH,Arvind Ganpat Sawant,MUMBAI(DISTRICT COLLECTOR MUMBAI CITY_IDA),near to aashray dharmaday trust khetwadi 5th lane malbarhill,2024-10-09,2500000,2026-05-18,2500000,Vendor Identification,Sanctioned - Not Completed,,,,586,,101.0,687.0,0,1.0,,False,False,True,True,True,True,True,True,True,True,True,True,False,False,False,0,100.0
WS/MP664/2026-2027/146584-Constructionofcommunitycentersandcommunityhalls,Normal/Others,Maharashtra,MUMBAI SOUTH,Arvind Ganpat Sawant,MUMBAI(DISTRICT COLLECTOR MUMBAI CITY_IDA),shivner mitra mandal lokhand bazar community hall mumbadevi,2024-10-09,2000000,2026-05-18,2000000,Vendor Identification,Sanctioned - Not Completed,,,,586,,101.0,687.0,0,1.0,,False,False,True,True,True,True,True,True,True,True,True,True,False,False,False,0,100.0
WS/MP664/2026-2027/146585-Developmentofplayground,Normal/Others,Maharashtra,MUMBAI SOUTH,Arvind Ganpat Sawant,MUMBAI(DISTRICT COLLECTOR MUMBAI CITY_IDA),dadarkar compound tulsiwadi tardeo malbarhill development of playground,2024-10-09,1500000,2026-05-18,1500000,Vendor Identification,Sanctioned - Not Completed,,,,586,,101.0,687.0,0,1.0,,False,False,True,True,True,True,True,True,True,True,True,True,False,False,False,0,100.0
WS/MP673/2024-2025/139059-Installingtube-wellsandborewells,Normal/Others,Maharashtra,OSMANABAD,Omprakash Bhupalsinh Alias Pawan Rajenimbalkar,SOLAPUR(DISTRICT COLLECTOR SOLAPUR_IDA),Installing tube-wells and borewells,2024-09-05,299942,2024-10-21,299942,Physical Inspection,Sanctioned - Not Completed,,,,46,,675.0,721.0,0,1.0,,False,False,True,True,True,True,True,True,True,True,True,True,False,False,False,0,100.0
WS/MP673/2025-2026/145399-Installingtube-wellsandborewells,Normal/Others,Maharashtra,OSMANABAD,Omprakash Bhupalsinh Alias Pawan Rajenimbalkar,Dharashiv(DISTRICT COLLECTOR OSMANABAD_IDA),Installing tube-wells and borewells Jewali ta. Lohara,2024-10-04,299674,2025-10-06,299674,Physical Inspection,Sanctioned - Not Completed,,,,367,,325.0,692.0,0,1.0,,False,False,True,True,True,True,True,True,True,True,True,True,False,False,False,0,100.0
WS/MP673/2025-2026/147093-Constructionofcommunitycentersandcommunityhalls,Normal/Others,Maharashtra,OSMANABAD,Omprakash Bhupalsinh Alias Pawan Rajenimbalkar,SOLAPUR(DISTRICT COLLECTOR SOLAPUR_IDA),Construction of community halls Surdi ta. barshi,2024-10-14,699164,2025-08-22,699164,Physical Inspection,Sanctioned - Not Completed,,,,312,,370.0,682.0,0,1.0,,False,False,True,True,True,True,True,True,True,True,True,True,False,False,False,0,100.0
WS/MP673/2026-2027/145234-Developmentofpublicparks,Normal/Others,Maharashtra,OSMANABAD,Omprakash Bhupalsinh Alias Pawan Rajenimbalkar,Dharashiv(DISTRICT COLLECTOR OSMANABAD_IDA),Development of public parks Punyashlok Rajmata Ahilya Devi Holkar Chowk,2024-10-03,1000000,2026-08-03,1000000,Sanction,Sanctioned - Not Completed,,,,669,,24.0,693.0,0,1.0,,False,False,True,True,True,True,True,True,True,True,True,True,False,False,False,0,100.0
WS/MP673/2026-2027/145737-Developmentofpublicparks,Normal/Others,Maharashtra,OSMANABAD,Omprakash Bhupalsinh Alias Pawan Rajenimbalkar,Dharashiv(DISTRICT COLLECTOR OSMANABAD_IDA),Development of public parks Lahuji Salve Chowk,2024-10-05,750000,2026-08-03,750000,Sanction,Sanctioned - Not Completed,,,,667,,24.0,691.0,0,1.0,,False,False,True,True,True,True,True,True,True,True,True,True,False,False,False,0,100.0
WS/MP681/2024-2025/134797-Constructionofcommunitycentersandcommunityhalls,Normal/Others,Maharashtra,PARBHANI,Sanjay Haribhau Jadhav,PARBHANI(DISTRICT COLLECTOR PARBHANI_IDA),Construction of Sabhamandap at Simangaon Tal. Sailu Dist. Parbhani,2024-08-06,997623,2024-09-09,997623,Physical Inspection,Sanctioned - Not Completed,,,,34,,717.0,751.0,0,1.0,,False,False,True,True,True,True,True,True,True,True,True,True,False,False,False,0,100.0
WS/MP681/2024-2025/134799-Constructionofcommunitycentersandcommunityhalls,Normal/Others,Maharashtra,PARBHANI,Sanjay Haribhau Jadhav,PARBHANI(DISTRICT COLLECTOR PARBHANI_IDA),Construction of Sabhamandap at Mhalsapur Tal. Sailu Dist. Parbhani,2024-08-06,999356,2024-09-27,999356,Work Completed,Sanctioned - Not Completed,,,,52,,699.0,751.0,0,1.0,,False,False,True,True,True,True,True,True,True,True,True,True,False,False,False,0,100.0
WS/MP681/2024-2025/134800-Constructionofcommunitycentersandcommunityhalls,Normal/Others,Maharashtra,PARBHANI,Sanjay Haribhau Jadhav,PARBHANI(DISTRICT COLLECTOR PARBHANI_IDA),Construction of Sabhamandap at Nirwadi Khurd Tal. Sailu Dist. Parbhani,2024-08-06,999753,2024-09-27,999753,Physical Inspection,Sanctioned - Not Completed,,,,52,,699.0,751.0,0,1.0,,False,False,True,True,True,True,True,True,True,True,True,True,False,False,False,0,100.0
WS/MP681/2024-2025/134801-Constructionofcommunitycentersandcommunityhalls,Normal/Others,Maharashtra,PARBHANI,Sanjay Haribhau Jadhav,PARBHANI(DISTRICT COLLECTOR PARBHANI_IDA),Construction of Sabhamandap at at Chicholi Kale Tal.Jintur Dist. Parbhani,2024-08-06,999978,2024-10-11,999978,Physical Inspection,Sanctioned - Not Completed,,,,66,,685.0,751.0,0,1.0,,False,False,True,True,True,True,True,True,True,True,True,True,False,False,False,0,100.0
WS/MP681/2024-2025/134802-Constructionofcommunitycentersandcommunityhalls,Normal/Others,Maharashtra,PARBHANI,Sanjay Haribhau Jadhav,PARBHANI(DISTRICT COLLECTOR PARBHANI_IDA),Construction of Sabhamandap at Wassa Tal. Jintur Dist. Parbhani (under SC fund),2024-08-06,1493920,2024-09-27,1493920,Physical Inspection,Sanctioned - Not Completed,,,,52,,699.0,751.0,0,1.0,,False,False,True,True,True,True,True,True,True,True,True,True,False,False,False,0,100.0
WS/MP681/2024-2025/134803-Constructionofcommunitycentersandcommunityhalls,Normal/Others,Maharashtra,PARBHANI,Sanjay Haribhau Jadhav,PARBHANI(DISTRICT COLLECTOR PARBHANI_IDA),Construction of Sabhamandap at Itoli  Tal. Jintur Dist. Parbhani (under SC fund),2024-08-06,999904,2024-09-27,999904,Physical Inspection,Sanctioned - Not Completed,,,,52,,699.0,751.0,0,1.0,,False,False,True,True,True,True,True,True,True,True,True,True,False,False,False,0,100.0
WS/MP681/2024-2025/134805-Constructionofcommunitycentersandcommunityhalls,Normal/Others,Maharashtra,PARBHANI,Sanjay Haribhau Jadhav,PARBHANI(DISTRICT COLLECTOR PARBHANI_IDA),"Construction of Sabhamandap at Ayasha Colony, Sailu  Tal. Sailu Dist. Parbhani",2024-08-06,999711,2024-10-09,999711,Vendor Identification,Sanctioned - Not Completed,,,,64,,687.0,751.0,0,1.0,,False,False,True,True,True,True,True,True,True,True,True,True,False,False,False,0,100.0
"WS/MP681/2024-2025/143646-Constructionofroads,linkroads,pathwaysoranyotherroadwithorwithoutdrainagesystem",Normal/Others,Maharashtra,PARBHANI,Sanjay Haribhau Jadhav,JALNA(DISTRICT COLLECTOR JALNA_IDA),"Construction of CC road and Drainage at Gaytri Nagar, Mahakala, Tal.Ambad,Dist.Jalna.(ST)",2024-09-25,799000,2024-10-08,799000,Vendor Identification,Sanctioned - Not Completed,,,,13,,688.0,701.0,0,1.0,,False,False,True,True,True,True,True,True,True,True,True,True,False,False,False,0,100.0
"WS/MP681/2024-2025/143647-Constructionofroads,linkroads,pathwaysoranyotherroadwithorwithoutdrainagesystem",Normal/Others,Maharashtra,PARBHANI,Sanjay Haribhau Jadhav,JALNA(DISTRICT COLLECTOR JALNA_IDA),"Construction of simmet road and drain within the village at Antewali Tembhi, Tal.Ghansawangi,Dist.Jalna.(ST)",2024-09-25,799000,2024-10-08,799000,Vendor Identification,Sanctioned - Not Completed,,,,13,,688.0,701.0,0,1.0,,False,False,True,True,True,True,True,True,True,True,True,True,False,False,False,0,100.0
WS/MP681/2024-2025/143648-Constructionofcommunitycentersandcommunityhalls,Normal/Others,Maharashtra,PARBHANI,Sanjay Haribhau Jadhav,JALNA(DISTRICT COLLECTOR JALNA_IDA),"Construction of social hall in Bhil settlement at Chitli, Tal.Jalna. (ST)",2024-09-25,899000,2024-10-08,899000,Vendor Identification,Sanctioned - Not Completed,,,,13,,688.0,701.0,0,1.0,,False,False,True,True,True,True,True,True,True,True,True,True,False,False,False,0,100.0
WS/MP681/2024-2025/143649-Constructionofcommunitycentersandcommunityhalls,Normal/Others,Maharashtra,PARBHANI,Sanjay Haribhau Jadhav,JALNA(DISTRICT COLLECTOR JALNA_IDA),"Construction of Sabha mandap at Chitli Putli, Tal.Jalna",2024-09-25,999000,2024-10-08,999000,Vendor Identification,Sanctioned - Not Completed,,,,13,,688.0,701.0,0,1.0,,False,False,True,True,True,True,True,True,True,True,True,True,False,False,False,0,100.0
"WS/MP681/2024-2025/143650-Constructionofroads,linkroads,pathwaysoranyotherroadwithorwithoutdrainagesystem",Normal/Others,Maharashtra,PARBHANI,Sanjay Haribhau Jadhav,JALNA(DISTRICT COLLECTOR JALNA_IDA),"Construction of CC roads and drains in Dalit settlements at Paduli Bk, Tal.Ghansawangi, Dist.jalna",2024-09-25,799000,2024-10-08,799000,Vendor Identification,Sanctioned - Not Completed,,,,13,,688.0,701.0,0,1.0,,False,False,True,True,True,True,True,True,True,True,True,True,False,False,False,0,100.0
"WS/MP681/2024-2025/143651-Constructionofroads,linkroads,pathwaysoranyotherroadwithorwithoutdrainagesystem",Normal/Others,Maharashtra,PARBHANI,Sanjay Haribhau Jadhav,JALNA(DISTRICT COLLECTOR JALNA_IDA),Strengthening of road leading to Maruti Mandir to Dr. Babasaheb Ambedkar Statue at Argadegachan Tal.Ghansawangi Dist.jalna. (SC),2024-09-25,899000,2024-10-08,899000,Vendor Identification,Sanctioned - Not Completed,,,,13,,688.0,701.0,0,1.0,,False,False,True,True,True,True,True,True,True,True,True,True,False,False,False,0,100.0
WS/MP681/2024-2025/143652-Constructionofcommunitycentersandcommunityhalls,Normal/Others,Maharashtra,PARBHANI,Sanjay Haribhau Jadhav,JALNA(DISTRICT COLLECTOR JALNA_IDA),Construction of Sabha mandap at Bor Ranjani Tal.Ghansawangi Dist.Jalna. (SC),2024-09-25,799000,2024-10-08,799000,Vendor Identification,Sanctioned - Not Completed,,,,13,,688.0,701.0,0,1.0,,False,False,True,True,True,True,True,True,True,True,True,True,False,False,False,0,100.0
WS/MP681/2024-2025/143654-Constructionofcommunitycentersandcommunityhalls,Normal/Others,Maharashtra,PARBHANI,Sanjay Haribhau Jadhav,JALNA(DISTRICT COLLECTOR JALNA_IDA),"Construction of Sabha mandap at Paradaon, Tal.Ghansawangi Dist.Jalna",2024-09-25,999000,2024-10-08,999000,Vendor Identification,Sanctioned - Not Completed,,,,13,,688.0,701.0,0,1.0,,False,False,True,True,True,True,True,True,True,True,True,True,False,False,False,0,100.0
"WS/MP681/2024-2025/143655-Constructionofroads,linkroads,pathwaysoranyotherroadwithorwithoutdrainagesystem",Normal/Others,Maharashtra,PARBHANI,Sanjay Haribhau Jadhav,JALNA(DISTRICT COLLECTOR JALNA_IDA),"Construction of internal cement roads and drains within the village at Chandanpuri kh, tal.Ambad dist.Jalna.",2024-09-25,999000,2024-10-08,999000,Vendor Identification,Sanctioned - Not Completed,,,,13,,688.0,701.0,0,1.0,,False,False,True,True,True,True,True,True,True,True,True,True,False,False,False,0,100.0
"WS/MP681/2024-2025/143657-Constructionofroads,linkroads,pathwaysoranyotherroadwithorwithoutdrainagesystem",Normal/Others,Maharashtra,PARBHANI,Sanjay Haribhau Jadhav,JALNA(DISTRICT COLLECTOR JALNA_IDA),Construction of internal cement roads and drains within the village at Gandhari Tal.Ambad Dist.Jalna.,2024-09-25,1000000,2024-10-08,1000000,Sanction,Sanctioned - Not Completed,,,,13,,688.0,701.0,0,1.0,,False,False,True,True,True,True,True,True,True,True,True,True,False,False,False,0,100.0
"WS/MP681/2024-2025/143658-Constructionofroads,linkroads,pathwaysoranyotherroadwithorwithoutdrainagesystem",Normal/Others,Maharashtra,PARBHANI,Sanjay Haribhau Jadhav,JALNA(DISTRICT COLLECTOR JALNA_IDA),Construction of internal cement roads and drains within the village at Taka tal.Ambad dist.Jalna.,2024-09-25,1000000,2024-10-08,1000000,Vendor Identification,Sanctioned - Not Completed,,,,13,,688.0,701.0,0,1.0,,False,False,True,True,True,True,True,True,True,True,True,True,False,False,False,0,100.0
"WS/MP681/2024-2025/143809-Constructionofroads,linkroads,pathwaysoranyotherroadwithorwithoutdrainagesystem",Normal/Others,Maharashtra,PARBHANI,Sanjay Haribhau Jadhav,PARBHANI(DISTRICT COLLECTOR PARBHANI_IDA),"Construction of CC road and drain from Manoj Soape's house to Ramesh Kadam's house in Ward No.01. at chatori, Tal.Palam ,Dist.Parbhani. (SC)",2024-09-26,999464,2024-10-11,999464,Physical Inspection,Sanctioned - Not Completed,,,,15,,685.0,700.0,0,1.0,,False,False,True,True,True,True,True,True,True,True,True,True,False,False,False,0,100.0
"WS/MP681/2024-2025/143971-Constructionofroads,linkroads,pathwaysoranyotherroadwithorwithoutdrainagesystem",Normal/Others,Maharashtra,PARBHANI,Sanjay Haribhau Jadhav,PARBHANI(DISTRICT COLLECTOR PARBHANI_IDA),Construction of CC Road at Wadi Kh. Tal.Palam. (SC),2024-10-03,498686,2024-10-09,498686,Physical Inspection,Sanctioned - Not Completed,,,,6,,687.0,693.0,0,1.0,,False,False,True,True,True,True,True,True,True,True,True,True,False,False,False,0,100.0
WS/MP681/2024-2025/143972-Constructionofcommunitycentersandcommunityhalls,Normal/Others,Maharashtra,PARBHANI,Sanjay Haribhau Jadhav,PARBHANI(DISTRICT COLLECTOR PARBHANI_IDA),"Construction of Cultural Hall at Mahagaon, tal.Purna.",2024-10-03,999768,2025-01-15,999768,Sanction,Sanctioned - Not Completed,,,,104,,589.0,693.0,0,1.0,,False,False,True,True,True,True,True,True,True,True,True,True,False,False,False,0,100.0
WS/MP681/2024-2025/143974-Constructionofcommunitycentersandcommunityhalls,Normal/Others,Maharashtra,PARBHANI,Sanjay Haribhau Jadhav,PARBHANI(DISTRICT COLLECTOR PARBHANI_IDA),"Construction of sabha mandap at Suki, tal.purna. (ST)",2024-10-03,699926,2024-10-11,699926,Physical Inspection,Sanctioned - Not Completed,,,,8,,685.0,693.0,0,1.0,,False,False,True,True,True,True,True,True,True,True,True,True,False,False,False,0,100.0
"WS/MP681/2024-2025/143975-Constructionofroads,linkroads,pathwaysoranyotherroadwithorwithoutdrainagesystem",Normal/Others,Maharashtra,PARBHANI,Sanjay Haribhau Jadhav,PARBHANI(DISTRICT COLLECTOR PARBHANI_IDA),"Construction of CC road and Drains at Regaon, tal.Purna.",2024-10-03,699957,2024-10-14,699957,Physical Inspection,Sanctioned - Not Completed,,,,11,,682.0,693.0,0,1.0,,False,False,True,True,True,True,True,True,True,True,True,True,False,False,False,0,100.0
"WS/MP681/2024-2025/143979-Constructionofroads,linkroads,pathwaysoranyotherroadwithorwithoutdrainagesystem",Normal/Others,Maharashtra,PARBHANI,Sanjay Haribhau Jadhav,PARBHANI(DISTRICT COLLECTOR PARBHANI_IDA),Construction of CC road and Drains at penur tal.purna. (SC),2024-10-03,699426,2024-10-09,699426,Physical Inspection,Sanctioned - Not Completed,,,,6,,687.0,693.0,0,1.0,,False,False,True,True,True,True,True,True,True,True,True,True,False,False,False,0,100.0
"WS/MP681/2024-2025/143980-Constructionofroads,linkroads,pathwaysoranyotherroadwithorwithoutdrainagesystem",Normal/Others,Maharashtra,PARBHANI,Sanjay Haribhau Jadhav,PARBHANI(DISTRICT COLLECTOR PARBHANI_IDA),"Construction of CC road and Drains at satephal, tal.purna.",2024-10-03,699603,2024-10-09,699603,Physical Inspection,Sanctioned - Not Completed,,,,6,,687.0,693.0,0,1.0,,False,False,True,True,True,True,True,True,True,True,True,True,False,False,False,0,100.0
"WS/MP681/2024-2025/143981-Constructionofroads,linkroads,pathwaysoranyotherroadwithorwithoutdrainagesystem",Normal/Others,Maharashtra,PARBHANI,Sanjay Haribhau Jadhav,PARBHANI(DISTRICT COLLECTOR PARBHANI_IDA),"Construction of CC road and Drains at tadkalas, tal.purna",2024-10-03,694100,2024-10-11,694100,Physical Inspection,Sanctioned - Not Completed,,,,8,,685.0,693.0,0,1.0,,False,False,True,True,True,True,True,True,True,True,True,True,False,False,False,0,100.0
"WS/MP681/2024-2025/143982-Constructionofroads,linkroads,pathwaysoranyotherroadwithorwithoutdrainagesystem",Normal/Others,Maharashtra,PARBHANI,Sanjay Haribhau Jadhav,PARBHANI(DISTRICT COLLECTOR PARBHANI_IDA),"Construction of CC road and Drains at Khandala, tal.purna.",2024-10-03,694100,2024-10-14,694100,Physical Inspection,Sanctioned - Not Completed,,,,11,,682.0,693.0,0,1.0,,False,False,True,True,True,True,True,True,True,True,True,True,False,False,False,0,100.0
"WS/MP681/2024-2025/143983-Constructionofroads,linkroads,pathwaysoranyotherroadwithorwithoutdrainagesystem",Normal/Others,Maharashtra,PARBHANI,Sanjay Haribhau Jadhav,PARBHANI(DISTRICT COLLECTOR PARBHANI_IDA),"Construction of CC road and Drains at dhanora kale,tal.purna.",2024-10-03,699851,2024-10-14,699851,Physical Inspection,Sanctioned - Not Completed,,,,11,,682.0,693.0,0,1.0,,False,False,True,True,True,True,True,True,True,True,True,True,False,False,False,0,100.0
"WS/MP681/2024-2025/144038-Constructionofroads,linkroads,pathwaysoranyotherroadwithorwithoutdrainagesystem",Normal/Others,Maharashtra,PARBHANI,Sanjay Haribhau Jadhav,JALNA(DISTRICT COLLECTOR JALNA_IDA),"construction of cc road at Shewga, tal.Partur.",2024-10-03,1000000,2025-01-03,1000000,Vendor Identification,Sanctioned - Not Completed,,,,92,,601.0,693.0,0,1.0,,False,False,True,True,True,True,True,True,True,True,True,True,False,False,False,0,100.0
"WS/MP681/2024-2025/144040-Constructionofroads,linkroads,pathwaysoranyotherroadwithorwithoutdrainagesystem",Normal/Others,Maharashtra,PARBHANI,Sanjay Haribhau Jadhav,JALNA(DISTRICT COLLECTOR JALNA_IDA),"construction of cc road at Hanwat Kheda, Tal.Mantha.",2024-10-03,700000,2025-01-07,700000,Vendor Identification,Sanctioned - Not Completed,,,,96,,597.0,693.0,0,1.0,,False,False,True,True,True,True,True,True,True,True,True,True,False,False,False,0,100.0
"WS/MP681/2024-2025/144041-Constructionofroads,linkroads,pathwaysoranyotherroadwithorwithoutdrainagesystem",Normal/Others,Maharashtra,PARBHANI,Sanjay Haribhau Jadhav,JALNA(DISTRICT COLLECTOR JALNA_IDA),"construction of cc road at Bhagde sawargaon, tal.mantha.",2024-10-03,1000000,2025-01-03,1000000,Vendor Identification,Sanctioned - Not Completed,,,,92,,601.0,693.0,0,1.0,,False,False,True,True,True,True,True,True,True,True,True,True,False,False,False,0,100.0
"WS/MP681/2024-2025/144067-Constructionofroads,linkroads,pathwaysoranyotherroadwithorwithoutdrainagesystem",Normal/Others,Maharashtra,PARBHANI,Sanjay Haribhau Jadhav,JALNA(DISTRICT COLLECTOR JALNA_IDA),"construction of cc road wakadi, tal.Mantha.",2024-10-03,500000,2025-01-07,500000,Vendor Identification,Sanctioned - Not Completed,,,,96,,597.0,693.0,0,1.0,,False,False,True,True,True,True,True,True,True,True,True,True,False,False,False,0,100.0
"WS/MP681/2024-2025/145252-Constructionofroads,linkroads,pathwaysoranyotherroadwithorwithoutdrainagesystem",Normal/Others,Maharashtra,PARBHANI,Sanjay Haribhau Jadhav,PARBHANI(DISTRICT COLLECTOR PARBHANI_IDA),Construction of CC Road at Balsa tal.Purna.,2024-10-03,999154,2025-01-15,999154,Sanction,Sanctioned - Not Completed,,,,104,,589.0,693.0,0,1.0,,False,False,True,True,True,True,True,True,True,True,True,True,False,False,False,0,100.0
WS/MP681/2024-2025/145255-Constructionofcommunitycentersandcommunityhalls,Normal/Others,Maharashtra,PARBHANI,Sanjay Haribhau Jadhav,PARBHANI(DISTRICT COLLECTOR PARBHANI_IDA),"Construction of cultural hall at deulgaon Dhudhate, tal.Purna.",2024-10-03,999768,2024-10-14,999768,Physical Inspection,Sanctioned - Not Completed,,,,11,,682.0,693.0,0,1.0,,False,False,True,True,True,True,True,True,True,True,True,True,False,False,False,0,100.0
"WS/MP681/2025-2026/143978-Constructionofroads,linkroads,pathwaysoranyotherroadwithorwithoutdrainagesystem",Normal/Others,Maharashtra,PARBHANI,Sanjay Haribhau Jadhav,PARBHANI(DISTRICT COLLECTOR PARBHANI_IDA),"Construction of CC road and Drains at kantheshwar, tal.purna.",2024-10-03,699809,2025-09-12,699809,Physical Inspection,Sanctioned - Not Completed,,,,344,,349.0,693.0,0,1.0,,False,False,True,True,True,True,True,True,True,True,True,True,False,False,False,0,100.0
"WS/MP681/2025-2026/144039-Constructionofroads,linkroads,pathwaysoranyotherroadwithorwithoutdrainagesystem",Normal/Others,Maharashtra,PARBHANI,Sanjay Haribhau Jadhav,JALNA(DISTRICT COLLECTOR JALNA_IDA),"construction of cc road at Vidoli, tal.Mantha.",2024-10-03,1000000,2025-06-20,1000000,Vendor Identification,Sanctioned - Not Completed,,,,260,,433.0,693.0,0,1.0,,False,False,True,True,True,True,True,True,True,True,True,True,False,False,False,0,100.0
"WS/MP681/2025-2026/144068-Constructionofroads,linkroads,pathwaysoranyotherroadwithorwithoutdrainagesystem",Normal/Others,Maharashtra,PARBHANI,Sanjay Haribhau Jadhav,JALNA(DISTRICT COLLECTOR JALNA_IDA),"construction of cc road at nansi, tal.Mantha.",2024-10-03,700000,2025-10-15,700000,Vendor Identification,Sanctioned - Not Completed,,,,377,,316.0,693.0,0,1.0,,False,False,True,True,True,True,True,True,True,True,True,True,False,False,False,0,100.0
"WS/MP685/2025-2026/143374-Providingsportsequipment,exceptconsumableitems",Normal/Others,Maharashtra,MAVAL,Shrirang Appa Barne,PUNE(DISTRICT COLLECTOR PUNE_IDA),Installing Open Jim At Bophkhel Near Armi Public School,2024-09-25,996226,2025-04-07,996226,Physical Inspection,Sanctioned - Not Completed,,,,194,,507.0,701.0,0,1.0,,False,False,True,True,True,True,True,True,True,True,True,True,False,False,False,0,100.0
WS/MP18138/2024-2025/143306-Constructionofcommonworksheds/commoncoveredsittingarea,Normal/Others,Mizoram,MIZORAM (ST),RICHARD VANLALHMANGAIHA,KOLASIB(Deputy Commissioner Kolasib),Construction of road side market,2024-09-24,500000,2025-01-13,500000,Physical Inspection,Completed,2026-02-15,500000.0,Images,111,398.0,,509.0,0,1.0,1.0,True,True,True,True,True,True,True,True,True,True,True,True,False,False,False,1,100.0
WS/MP18138/2024-2025/143307-Crematoriums/energyefficientcrematoriumsorstructuresonburial/cremationground,Normal/Others,Mizoram,MIZORAM (ST),RICHARD VANLALHMANGAIHA,KOLASIB(Deputy Commissioner Kolasib),Cemetery House,2024-09-24,250000,2025-01-13,250000,Physical Inspection,Completed,2026-02-15,250000.0,Images,111,398.0,,509.0,0,1.0,1.0,True,True,True,True,True,True,True,True,True,True,True,True,False,False,False,1,100.0
WS/MP18138/2024-2025/143308-Constructionofadditionalroomsandhallsintheexistingpublicandcommunitybuilding,Normal/Others,Mizoram,MIZORAM (ST),RICHARD VANLALHMANGAIHA,KOLASIB(Deputy Commissioner Kolasib),building extension of Higher Secondary School,2024-09-24,500000,2025-01-13,500000,Physical Inspection,Completed,2026-02-15,500000.0,Images,111,398.0,,509.0,0,1.0,1.0,True,True,True,True,True,True,True,True,True,True,True,True,False,False,False,1,100.0
"WS/MP18138/2024-2025/143309-Constructionofroads,linkroads,pathwaysoranyotherroadwithorwithoutdrainagesystem",Normal/Others,Mizoram,MIZORAM (ST),RICHARD VANLALHMANGAIHA,KOLASIB(Deputy Commissioner Kolasib),Upgradation of internal Road,2024-09-24,500000,2025-01-13,500000,Physical Inspection,Completed,2026-02-15,500000.0,,111,398.0,,509.0,0,1.0,1.0,True,True,True,True,True,True,True,True,True,True,True,True,False,False,False,1,92.9
"WS/MP18138/2024-2025/143310-Constructionofroads,linkroads,pathwaysoranyotherroadwithorwithoutdrainagesystem",Normal/Others,Mizoram,MIZORAM (ST),RICHARD VANLALHMANGAIHA,KOLASIB(Deputy Commissioner Kolasib),Construction of PCC Flooring & Side Drain,2024-09-24,250000,2025-01-13,250000,Physical Inspection,Completed,2026-02-14,250000.0,,111,397.0,,508.0,0,1.0,1.0,True,True,True,True,True,True,True,True,True,True,True,True,False,False,False,1,92.9
"WS/MP18138/2024-2025/143311-Constructionofroads,linkroads,pathwaysoranyotherroadwithorwithoutdrainagesystem",Normal/Others,Mizoram,MIZORAM (ST),RICHARD VANLALHMANGAIHA,AIZAWL(DEPUTY COMMISSIONER AIZAWL_IDA),Construction of PCC Flooring,2024-09-24,250000,2025-01-14,250000,Work Completed,Completed,2025-05-16,250000.0,,112,122.0,,234.0,0,1.0,1.0,True,False,True,True,True,True,True,True,True,True,True,True,False,False,False,0,92.9
"WS/MP18138/2024-2025/143312-Constructionofroads,linkroads,pathwaysoranyotherroadwithorwithoutdrainagesystem",Normal/Others,Mizoram,MIZORAM (ST),RICHARD VANLALHMANGAIHA,AIZAWL(DEPUTY COMMISSIONER AIZAWL_IDA),Construction of PCC Flooring at Ramhlun veng,2024-09-24,250000,2025-01-14,250000,Work Completed,Completed,2025-05-16,250000.0,,112,122.0,,234.0,0,1.0,1.0,True,False,True,True,True,True,True,True,True,True,True,True,False,False,False,0,92.9
"WS/MP18138/2024-2025/143313-Constructionofroads,linkroads,pathwaysoranyotherroadwithorwithoutdrainagesystem",Normal/Others,Mizoram,MIZORAM (ST),RICHARD VANLALHMANGAIHA,AIZAWL(DEPUTY COMMISSIONER AIZAWL_IDA),Construction of PCC Flooring at Don Bosco School Road,2024-09-24,250000,2025-01-14,250000,Work Completed,Completed,2025-05-16,250000.0,,112,122.0,,234.0,0,1.0,1.0,True,False,True,True,True,True,True,True,True,True,True,True,False,False,False,0,92.9
"WS/MP18138/2024-2025/143314-Constructionofroads,linkroads,pathwaysoranyotherroadwithorwithoutdrainagesystem",Normal/Others,Mizoram,MIZORAM (ST),RICHARD VANLALHMANGAIHA,AIZAWL(DEPUTY COMMISSIONER AIZAWL_IDA),PCC Flooring at national Highway to Near LH Muanchhana's House,2024-09-24,250000,2025-01-14,250000,Work Completed,Completed,2025-05-16,250000.0,,112,122.0,,234.0,0,1.0,1.0,True,False,True,True,True,True,True,True,True,True,True,True,False,False,False,0,92.9
"WS/MP18138/2024-2025/143315-Constructionofroads,linkroads,pathwaysoranyotherroadwithorwithoutdrainagesystem",Normal/Others,Mizoram,MIZORAM (ST),RICHARD VANLALHMANGAIHA,AIZAWL(DEPUTY COMMISSIONER AIZAWL_IDA),Construction of PCC Flooring on Govt. Middle School Road,2024-09-24,300000,2025-01-14,300000,Work Completed,Completed,2025-05-16,300000.0,,112,122.0,,234.0,0,1.0,1.0,True,False,True,True,True,True,True,True,True,True,True,True,False,False,False,0,92.9
WS/MP18138/2024-2025/143316-Constructionofboundarywallsofexistingpublicandcommunitybuildings,Normal/Others,Mizoram,MIZORAM (ST),RICHARD VANLALHMANGAIHA,AIZAWL(DEPUTY COMMISSIONER AIZAWL_IDA),Construction of Retaining wall Near SS Hall,2024-09-24,250000,2025-01-14,250000,Work Completed,Completed,2025-05-16,250000.0,,112,122.0,,234.0,0,1.0,1.0,True,False,True,True,True,True,True,True,True,True,True,True,False,False,False,0,92.9
"WS/MP18138/2024-2025/143317-Constructionofroads,linkroads,pathwaysoranyotherroadwithorwithoutdrainagesystem",Normal/Others,Mizoram,MIZORAM (ST),RICHARD VANLALHMANGAIHA,AIZAWL(DEPUTY COMMISSIONER AIZAWL_IDA),Construction of PCC Flooring on Tuivai road,2024-09-24,300000,2025-01-14,300000,Physical Inspection,Completed,2025-05-16,300000.0,,112,122.0,,234.0,0,1.0,1.0,True,True,True,True,True,True,True,True,True,True,True,True,False,False,False,1,92.9
WS/MP18138/2024-2025/143318-Constructionofboundarywallsofexistingpublicandcommunitybuildings,Normal/Others,Mizoram,MIZORAM (ST),RICHARD VANLALHMANGAIHA,AIZAWL(DEPUTY COMMISSIONER AIZAWL_IDA),Construction of Retaining Wall near Volleyball Court,2024-09-24,250000,2025-01-14,250000,Work Completed,Completed,2025-05-16,250000.0,,112,122.0,,234.0,0,1.0,1.0,True,False,True,True,True,True,True,True,True,True,True,True,False,False,False,0,92.9
WS/MP18138/2024-2025/143319-Constructionofpubliclibrariesandreadingrooms,Normal/Others,Mizoram,MIZORAM (ST),RICHARD VANLALHMANGAIHA,AIZAWL(DEPUTY COMMISSIONER AIZAWL_IDA),Construction of Information Centre cum Library,2024-09-24,1250000,2025-01-14,1250000,Work Completed,Completed,2025-06-18,1250000.0,,112,155.0,,267.0,0,1.0,1.0,True,False,True,True,True,True,True,True,True,True,True,True,False,False,False,0,92.9
"WS/MP18138/2024-2025/143321-Constructionofroads,linkroads,pathwaysoranyotherroadwithorwithoutdrainagesystem",Normal/Others,Mizoram,MIZORAM (ST),RICHARD VANLALHMANGAIHA,AIZAWL(DEPUTY COMMISSIONER AIZAWL_IDA),Road Extension on Field Peng road,2024-09-24,300000,2025-01-14,300000,Work Completed,Completed,2025-09-23,300000.0,,112,252.0,,364.0,0,1.0,1.0,True,False,True,True,True,True,True,True,True,True,True,True,False,False,False,0,92.9
"WS/MP18138/2024-2025/143322-Constructionofroads,linkroads,pathwaysoranyotherroadwithorwithoutdrainagesystem",Normal/Others,Mizoram,MIZORAM (ST),RICHARD VANLALHMANGAIHA,AIZAWL(DEPUTY COMMISSIONER AIZAWL_IDA),Construction of PCC Flooring at Govt. Primary School Road,2024-09-24,250000,2025-01-14,250000,Work Completed,Completed,2025-07-07,250000.0,,112,174.0,,286.0,0,1.0,1.0,True,False,True,True,True,True,True,True,True,True,True,True,False,False,False,0,92.9
WS/MP18138/2024-2025/143323-Constructionofboundarywallsofexistingpublicandcommunitybuildings,Normal/Others,Mizoram,MIZORAM (ST),RICHARD VANLALHMANGAIHA,AIZAWL(DEPUTY COMMISSIONER AIZAWL_IDA),"Construction of Retaining wall near Sub Centre, Upper Sakawrdai",2024-09-24,250000,2025-01-14,250000,Work Completed,Completed,2025-07-07,250000.0,,112,174.0,,286.0,0,1.0,1.0,True,False,True,True,True,True,True,True,True,True,True,True,False,False,False,0,92.9
"WS/MP18138/2024-2025/143324-Constructionofroads,linkroads,pathwaysoranyotherroadwithorwithoutdrainagesystem",Normal/Others,Mizoram,MIZORAM (ST),RICHARD VANLALHMANGAIHA,AIZAWL(DEPUTY COMMISSIONER AIZAWL_IDA),Construction of PCC Flooring at Tinghmun,2024-09-24,250000,2025-01-14,250000,Work Completed,Completed,2025-05-16,250000.0,,112,122.0,,234.0,0,1.0,1.0,True,False,True,True,True,True,True,True,True,True,True,True,False,False,False,0,92.9
"WS/MP18138/2024-2025/143325-Constructionofroads,linkroads,pathwaysoranyotherroadwithorwithoutdrainagesystem",Normal/Others,Mizoram,MIZORAM (ST),RICHARD VANLALHMANGAIHA,AIZAWL(DEPUTY COMMISSIONER AIZAWL_IDA),"Construction of PCC Flooring at Thlanmual Road, Zokhawthiang",2024-09-24,250000,2025-01-14,250000,Work Completed,Completed,2025-05-16,250000.0,,112,122.0,,234.0,0,1.0,1.0,True,False,True,True,True,True,True,True,True,True,True,True,False,False,False,0,92.9
WS/MP18138/2024-2025/143326-Constructionofcommonworksheds/commoncoveredsittingarea,Normal/Others,Mizoram,MIZORAM (ST),RICHARD VANLALHMANGAIHA,AIZAWL(DEPUTY COMMISSIONER AIZAWL_IDA),Construction of Waiting Shed at Palsang,2024-09-24,250000,2025-01-14,250000,Work Completed,Completed,2025-05-16,250000.0,,112,122.0,,234.0,0,1.0,1.0,True,False,True,True,True,True,True,True,True,True,True,True,False,False,False,0,92.9
"WS/MP18138/2024-2025/143327-Constructionofroads,linkroads,pathwaysoranyotherroadwithorwithoutdrainagesystem",Normal/Others,Mizoram,MIZORAM (ST),RICHARD VANLALHMANGAIHA,AIZAWL(DEPUTY COMMISSIONER AIZAWL_IDA),Construction of road at Barika,2024-09-24,250000,2025-01-14,250000,Work Completed,Completed,2025-07-07,250000.0,,112,174.0,,286.0,0,1.0,1.0,True,False,True,True,True,True,True,True,True,True,True,True,False,False,False,0,92.9
WS/MP18138/2024-2025/143328-Constructionofroadunderbridge,Normal/Others,Mizoram,MIZORAM (ST),RICHARD VANLALHMANGAIHA,AIZAWL(DEPUTY COMMISSIONER AIZAWL_IDA),Approach road to Tuivai River under Tuivai Bridge,2024-09-24,1500000,2025-01-14,1500000,Physical Inspection,Completed,2025-03-13,1500000.0,Images,112,58.0,,170.0,0,1.0,1.0,True,True,True,True,True,True,True,True,True,True,True,True,False,False,False,1,100.0
WS/MP18138/2024-2025/143329-Developmentofplayfieldsandsportsgrounds,Normal/Others,Mizoram,MIZORAM (ST),RICHARD VANLALHMANGAIHA,KOLASIB(Deputy Commissioner Kolasib),Construction of Futsal Ground at Thingdawl,2024-09-24,1500000,2025-01-15,1500000,Physical Inspection,Completed,2025-10-24,1500000.0,Images,113,282.0,,395.0,0,1.0,1.0,True,True,True,True,True,True,True,True,True,True,True,True,False,False,False,1,100.0
"WS/MP18138/2024-2025/143330-Constructionofroads,linkroads,pathwaysoranyotherroadwithorwithoutdrainagesystem",Normal/Others,Mizoram,MIZORAM (ST),RICHARD VANLALHMANGAIHA,KOLASIB(Deputy Commissioner Kolasib),"Theileiki to Tuirial Link Road, 1.5 KMs",2024-09-24,750000,2024-12-30,750000,Physical Inspection,Completed,2025-07-31,750000.0,Images,97,213.0,,310.0,0,1.0,1.0,True,True,True,True,True,True,True,True,True,True,True,True,False,False,False,1,100.0
"WS/MP18138/2024-2025/143742-Constructionofroads,linkroads,pathwaysoranyotherroadwithorwithoutdrainagesystem",Normal/Others,Mizoram,MIZORAM (ST),RICHARD VANLALHMANGAIHA,KOLASIB(Deputy Commissioner Kolasib),Construction of Widening and land levelling of Tialpui Link Road at Kawnpui - III,2024-09-25,1000000,2024-12-30,1000000,Physical Inspection,Completed,2025-04-01,1000000.0,,96,92.0,,188.0,0,1.0,1.0,True,True,True,True,True,True,True,True,True,True,True,True,False,False,False,1,92.9
"WS/MP18138/2024-2025/143748-Constructionofroads,linkroads,pathwaysoranyotherroadwithorwithoutdrainagesystem",Normal/Others,Mizoram,MIZORAM (ST),RICHARD VANLALHMANGAIHA,AIZAWL(DEPUTY COMMISSIONER AIZAWL_IDA),"Internal road PCC Flooring from S. Vanlalvura's house to Vanlalliana House, Zohmun",2024-09-25,350000,2025-01-13,350000,Work Completed,Completed,2025-07-07,350000.0,,110,175.0,,285.0,0,1.0,1.0,True,False,True,True,True,True,True,True,True,True,True,True,False,False,False,0,92.9
WS/MP18138/2024-2025/148101-Constructionofcommunitycentersandcommunityhalls,Normal/Others,Mizoram,MIZORAM (ST),RICHARD VANLALHMANGAIHA,MAMIT(DEPUTY COMMISSIONER MAMIT),Construction of MHIP House at Lengpui,2024-10-17,700000,2025-01-17,700000,Work Completed,Completed,2025-09-24,700000.0,,92,250.0,,342.0,0,1.0,1.0,True,False,True,True,True,True,True,True,True,True,True,True,False,False,False,0,92.9
WS/MP18138/2024-2025/148102-Constructionofboundarywallsofexistingpublicandcommunitybuildings,Normal/Others,Mizoram,MIZORAM (ST),RICHARD VANLALHMANGAIHA,MAMIT(DEPUTY COMMISSIONER MAMIT),Construction of Retaining Wall near B Laltluanga House,2024-10-17,300000,2025-01-17,300000,Work Completed,Completed,2025-09-24,300000.0,,92,250.0,,342.0,0,1.0,1.0,True,False,True,True,True,True,True,True,True,True,True,True,False,False,False,0,92.9
WS/MP18138/2024-2025/148103-Constructionofroomsandhallsinschoolandcolleges,Normal/Others,Mizoram,MIZORAM (ST),RICHARD VANLALHMANGAIHA,MAMIT(DEPUTY COMMISSIONER MAMIT),Renovation of Mamit High School - II,2024-10-17,500000,2025-01-16,500000,Work Completed,Completed,2025-09-18,500000.0,,91,245.0,,336.0,0,1.0,1.0,True,False,True,True,True,True,True,True,True,True,True,True,False,False,False,0,92.9
"WS/MP18138/2024-2025/148104-Constructionofroads,linkroads,pathwaysoranyotherroadwithorwithoutdrainagesystem",Normal/Others,Mizoram,MIZORAM (ST),RICHARD VANLALHMANGAIHA,MAMIT(DEPUTY COMMISSIONER MAMIT),"Constructon of PCC flooring  from BRTF Hall to Community hall, Tuipuibari",2024-10-17,1000000,2025-01-16,1000000,Work Completed,Completed,2026-02-06,1000000.0,,91,386.0,,477.0,0,1.0,1.0,True,False,True,True,True,True,True,True,True,True,True,True,False,False,False,0,92.9
"WS/MP18138/2024-2025/148105-Constructionofroads,linkroads,pathwaysoranyotherroadwithorwithoutdrainagesystem",Normal/Others,Mizoram,MIZORAM (ST),RICHARD VANLALHMANGAIHA,MAMIT(DEPUTY COMMISSIONER MAMIT),Construction of Link road at Tlangkhang,2024-10-17,1000000,2025-01-15,1000000,Work Completed,Completed,2025-05-02,1000000.0,,90,107.0,,197.0,0,1.0,1.0,True,False,True,True,True,True,True,True,True,True,True,True,False,False,False,0,92.9
"WS/MP18138/2024-2025/148106-Constructionofroads,linkroads,pathwaysoranyotherroadwithorwithoutdrainagesystem",Normal/Others,Mizoram,MIZORAM (ST),RICHARD VANLALHMANGAIHA,MAMIT(DEPUTY COMMISSIONER MAMIT),"Construction of PCC flooring at Vaisamtlang , Lengpui venghlui",2024-10-17,1000000,2025-01-16,1000000,Work Completed,Completed,2025-09-24,1000000.0,,91,251.0,,342.0,0,1.0,1.0,True,False,True,True,True,True,True,True,True,True,True,True,False,False,False,0,92.9
"WS/MP18138/2024-2025/148107-Constructionofroads,linkroads,pathwaysoranyotherroadwithorwithoutdrainagesystem",Normal/Others,Mizoram,MIZORAM (ST),RICHARD VANLALHMANGAIHA,MAMIT(DEPUTY COMMISSIONER MAMIT),Construction of Agriculture link road at Sihlui Tuikhur to Mautamlo road. hmunpui,2024-10-17,1000000,2025-01-14,1000000,Work Completed,Completed,2025-04-22,1000000.0,Images,89,98.0,,187.0,0,1.0,1.0,True,False,True,True,True,True,True,True,True,True,True,True,False,False,False,0,100.0
"WS/MP18138/2024-2025/148108-Constructionofroads,linkroads,pathwaysoranyotherroadwithorwithoutdrainagesystem",Normal/Others,Mizoram,MIZORAM (ST),RICHARD VANLALHMANGAIHA,MAMIT(DEPUTY COMMISSIONER MAMIT),Hmun village extention road at Hmunpui,2024-10-17,1000000,2025-01-14,1000000,Work Completed,Completed,2025-09-24,1000000.0,,89,253.0,,342.0,0,1.0,1.0,True,False,True,True,True,True,True,True,True,True,True,True,False,False,False,0,92.9
"WS/MP18138/2024-2025/148109-Constructionofroads,linkroads,pathwaysoranyotherroadwithorwithoutdrainagesystem",Normal/Others,Mizoram,MIZORAM (ST),RICHARD VANLALHMANGAIHA,MAMIT(DEPUTY COMMISSIONER MAMIT),"Upgradation/Renovationof Thaidawr to Zomuantlang road, Phuldungsei, Zampui",2024-10-17,1000000,2025-01-16,1000000,Work Completed,Completed,2026-02-06,1000000.0,,91,386.0,,477.0,0,1.0,1.0,True,False,True,True,True,True,True,True,True,True,True,True,False,False,False,0,92.9
"WS/MP18138/2024-2025/148110-Constructionofroads,linkroads,pathwaysoranyotherroadwithorwithoutdrainagesystem",Normal/Others,Mizoram,MIZORAM (ST),RICHARD VANLALHMANGAIHA,MAMIT(DEPUTY COMMISSIONER MAMIT),"Construction of PCC Flooring for Community at Hall Veng, Thinghlun",2024-10-17,250000,2025-01-15,250000,Work Completed,Completed,2025-05-02,250000.0,,90,107.0,,197.0,0,1.0,1.0,True,False,True,True,True,True,True,True,True,True,True,True,False,False,False,0,92.9
WS/MP18138/2024-2025/148111-Installingtube-wellsandborewells,Normal/Others,Mizoram,MIZORAM (ST),RICHARD VANLALHMANGAIHA,MAMIT(DEPUTY COMMISSIONER MAMIT),Construction of Public well/spring tanky near Pi Rosangchimi house. Luimawi,2024-10-17,250000,2025-01-15,250000,Work Completed,Completed,2025-05-02,250000.0,,90,107.0,,197.0,0,1.0,1.0,True,False,True,True,True,True,True,True,True,True,True,True,False,False,False,0,92.9
"WS/MP18138/2024-2025/148112-Constructionofroads,linkroads,pathwaysoranyotherroadwithorwithoutdrainagesystem",Normal/Others,Mizoram,MIZORAM (ST),RICHARD VANLALHMANGAIHA,MAMIT(DEPUTY COMMISSIONER MAMIT),Construction of link road to Tuikual Zau at bungthuam,2024-10-17,250000,2025-01-15,250000,Work Completed,Completed,2025-04-23,250000.0,,90,98.0,,188.0,0,1.0,1.0,True,False,True,True,True,True,True,True,True,True,True,True,False,False,False,0,92.9
WS/MP18138/2024-2025/148113-Constructionofcommunitycentersandcommunityhalls,Normal/Others,Mizoram,MIZORAM (ST),RICHARD VANLALHMANGAIHA,MAMIT(DEPUTY COMMISSIONER MAMIT),Construction of PDS/Rice Godown at Kolalian,2024-10-17,250000,2025-01-15,250000,Work Completed,Completed,2025-05-02,250000.0,,90,107.0,,197.0,0,1.0,1.0,True,False,True,True,True,True,True,True,True,True,True,True,False,False,False,0,92.9
WS/MP18138/2024-2025/148114-Constructionofadditionalroomsandhallsintheexistingpublicandcommunitybuilding,Normal/Others,Mizoram,MIZORAM (ST),RICHARD VANLALHMANGAIHA,MAMIT(DEPUTY COMMISSIONER MAMIT),"Renovation of BNRGSK building, saikhawthlir",2024-10-17,250000,2025-01-15,250000,Work Completed,Completed,2025-09-18,250000.0,,90,246.0,,336.0,0,1.0,1.0,True,False,True,True,True,True,True,True,True,True,True,True,False,False,False,0,92.9
WS/MP18138/2024-2025/148115-Constructionofcommunitycentersandcommunityhalls,Normal/Others,Mizoram,MIZORAM (ST),RICHARD VANLALHMANGAIHA,MAMIT(DEPUTY COMMISSIONER MAMIT),Construction of YMA Building at Rengdil South,2024-10-17,250000,2025-01-15,250000,Work Completed,Completed,2025-05-02,250000.0,,90,107.0,,197.0,0,1.0,1.0,True,False,True,True,True,True,True,True,True,True,True,True,False,False,False,0,92.9
WS/MP18138/2024-2025/148116-Constructionofcommunitycentersandcommunityhalls,Normal/Others,Mizoram,MIZORAM (ST),RICHARD VANLALHMANGAIHA,MAMIT(DEPUTY COMMISSIONER MAMIT),Construction of Assam Type Community hall at K Sarali,2024-10-17,250000,2025-01-15,250000,Work Completed,Completed,2025-05-02,250000.0,,90,107.0,,197.0,0,1.0,1.0,True,False,True,True,True,True,True,True,True,True,True,True,False,False,False,0,92.9
WS/MP18138/2024-2025/148117-Constructionofboundarywallsofexistingpublicandcommunitybuildings,Normal/Others,Mizoram,MIZORAM (ST),RICHARD VANLALHMANGAIHA,MAMIT(DEPUTY COMMISSIONER MAMIT),Construction of Retaining wall near Public Water reserved Tanky,2024-10-17,250000,2025-01-16,250000,Work Completed,Completed,2026-02-06,250000.0,,91,386.0,,477.0,0,1.0,1.0,True,False,True,True,True,True,True,True,True,True,True,True,False,False,False,0,92.9
"WS/MP18138/2024-2025/148118-Constructionofroads,linkroads,pathwaysoranyotherroadwithorwithoutdrainagesystem",Normal/Others,Mizoram,MIZORAM (ST),RICHARD VANLALHMANGAIHA,MAMIT(DEPUTY COMMISSIONER MAMIT),Construction of link road from W Mualthuam to W Bunghmun,2024-10-17,250000,2025-01-16,250000,Work Completed,Completed,2026-02-06,250000.0,,91,386.0,,477.0,0,1.0,1.0,True,False,True,True,True,True,True,True,True,True,True,True,False,False,False,0,92.9
"WS/MP18138/2024-2025/148119-Constructionofroads,linkroads,pathwaysoranyotherroadwithorwithoutdrainagesystem",Normal/Others,Mizoram,MIZORAM (ST),RICHARD VANLALHMANGAIHA,MAMIT(DEPUTY COMMISSIONER MAMIT),Construction of PCC Flooring at Darlak,2024-10-17,250000,2025-01-16,250000,Work Completed,Completed,2026-02-06,250000.0,,91,386.0,,477.0,0,1.0,1.0,True,False,True,True,True,True,True,True,True,True,True,True,False,False,False,0,92.9
"WS/MP18138/2024-2025/148120-Constructionofroads,linkroads,pathwaysoranyotherroadwithorwithoutdrainagesystem",Normal/Others,Mizoram,MIZORAM (ST),RICHARD VANLALHMANGAIHA,MAMIT(DEPUTY COMMISSIONER MAMIT),Construction of foothpath PWD Road near near Tlangnawna House. W Phaileng,2024-10-17,250000,2025-01-14,250000,Work Completed,Completed,2026-02-05,250000.0,,89,387.0,,476.0,0,1.0,1.0,True,False,True,True,True,True,True,True,True,True,True,True,False,False,False,0,92.9
"WS/MP18138/2024-2025/148121-Constructionofroads,linkroads,pathwaysoranyotherroadwithorwithoutdrainagesystem",Normal/Others,Mizoram,MIZORAM (ST),RICHARD VANLALHMANGAIHA,MAMIT(DEPUTY COMMISSIONER MAMIT),Construction of Foothpath Kawnmawi Main road Near Society dawr. Kawnmawi,2024-10-17,250000,2025-01-14,250000,Work Completed,Completed,2026-02-05,250000.0,,89,387.0,,476.0,0,1.0,1.0,True,False,True,True,True,True,True,True,True,True,True,True,False,False,False,0,92.9
"WS/MP18138/2024-2025/148122-Constructionofroads,linkroads,pathwaysoranyotherroadwithorwithoutdrainagesystem",Normal/Others,Mizoram,MIZORAM (ST),RICHARD VANLALHMANGAIHA,MAMIT(DEPUTY COMMISSIONER MAMIT),Construction of Foothpaths Lallen Second raod Near Pu Sangluaia house,2024-10-17,250000,2025-01-14,250000,Work Completed,Completed,2026-02-05,250000.0,,89,387.0,,476.0,0,1.0,1.0,True,False,True,True,True,True,True,True,True,True,True,True,False,False,False,0,92.9
"WS/MP18138/2024-2025/148123-Constructionofroads,linkroads,pathwaysoranyotherroadwithorwithoutdrainagesystem",Normal/Others,Mizoram,MIZORAM (ST),RICHARD VANLALHMANGAIHA,MAMIT(DEPUTY COMMISSIONER MAMIT),"Construction of Footpaths Phuldungsei, Phulpui Road Near Pu Sangluia House",2024-10-17,250000,2025-01-14,250000,Work Completed,Completed,2026-02-05,250000.0,,89,387.0,,476.0,0,1.0,1.0,True,False,True,True,True,True,True,True,True,True,True,True,False,False,False,0,92.9
"WS/MP18138/2024-2025/148124-Constructionofroads,linkroads,pathwaysoranyotherroadwithorwithoutdrainagesystem",Normal/Others,Mizoram,MIZORAM (ST),RICHARD VANLALHMANGAIHA,MAMIT(DEPUTY COMMISSIONER MAMIT),Construction of Foothpath Pukzing Main Road Near Pu Samuela House,2024-10-17,250000,2025-01-14,250000,Work Completed,Completed,2026-02-05,150000.0,,89,387.0,,476.0,0,1.0,0.6,True,False,True,True,True,True,True,True,True,True,True,True,False,False,False,0,92.9
"WS/MP18138/2024-2025/148125-Constructionofroads,linkroads,pathwaysoranyotherroadwithorwithoutdrainagesystem",Normal/Others,Mizoram,MIZORAM (ST),RICHARD VANLALHMANGAIHA,MAMIT(DEPUTY COMMISSIONER MAMIT),Construction of Foothpath N West phaileng Tuipuibari Road Near Pu Biakzinga House,2024-10-17,250000,2025-01-14,250000,Work Completed,Completed,2026-02-05,250000.0,,89,387.0,,476.0,0,1.0,1.0,True,False,True,True,True,True,True,True,True,True,True,True,False,False,False,0,92.9
"WS/MP18138/2024-2025/148126-Constructionofroads,linkroads,pathwaysoranyotherroadwithorwithoutdrainagesystem",Normal/Others,Mizoram,MIZORAM (ST),RICHARD VANLALHMANGAIHA,MAMIT(DEPUTY COMMISSIONER MAMIT),"Upgradation/Renovationof Thaidawr to Zomuantlang road, Phuldungsei, Zampui",2024-10-17,990000,2025-01-16,990000,Work Completed,Completed,2026-02-06,990000.0,,91,386.0,,477.0,0,1.0,1.0,True,False,True,True,True,True,True,True,True,True,True,True,False,False,False,0,92.9
"WS/MP18138/2024-2025/148791-Constructionofroads,linkroads,pathwaysoranyotherroadwithorwithoutdrainagesystem",Normal/Others,Mizoram,MIZORAM (ST),RICHARD VANLALHMANGAIHA,KOLASIB(Deputy Commissioner Kolasib),Const of PCC Flooring Kawnpui PS to Vengthar Futsal Ground,2024-10-20,250000,2025-01-10,250000,Physical Inspection,Completed,2025-04-01,250000.0,Images,82,81.0,,163.0,0,1.0,1.0,True,True,True,True,True,True,True,True,True,True,True,True,False,False,False,1,100.0
"WS/MP18138/2024-2025/148792-Constructionofroads,linkroads,pathwaysoranyotherroadwithorwithoutdrainagesystem",Normal/Others,Mizoram,MIZORAM (ST),RICHARD VANLALHMANGAIHA,KOLASIB(Deputy Commissioner Kolasib),Construction of PCC Flooring at  Mualvum Govt. Middle School Road. Mualvum Kawnpui,2024-10-20,1000000,2025-01-10,1000000,Physical Inspection,Completed,2025-04-01,1000000.0,,82,81.0,,163.0,0,1.0,1.0,True,True,True,True,True,True,True,True,True,True,True,True,False,False,False,1,92.9
"WS/MP18138/2024-2025/148793-Constructionofroads,linkroads,pathwaysoranyotherroadwithorwithoutdrainagesystem",Normal/Others,Mizoram,MIZORAM (ST),RICHARD VANLALHMANGAIHA,KOLASIB(Deputy Commissioner Kolasib),Construction of Agriculture linkl road at Archaw Lian Zau at N Chaltlang,2024-10-20,1000000,2025-01-14,1000000,Physical Inspection,Completed,2026-02-05,1000000.0,Images,86,387.0,,473.0,0,1.0,1.0,True,True,True,True,True,True,True,True,True,True,True,True,False,False,False,1,100.0
"WS/MP18138/2024-2025/148794-Constructionofroads,linkroads,pathwaysoranyotherroadwithorwithoutdrainagesystem",Normal/Others,Mizoram,MIZORAM (ST),RICHARD VANLALHMANGAIHA,KOLASIB(Deputy Commissioner Kolasib),Construction of Ragid Pavment at Harmon Veng Vairengte,2024-10-20,1000000,2025-02-25,1000000,Physical Inspection,Completed,2026-02-15,1000000.0,Images,128,355.0,,483.0,0,1.0,1.0,True,True,True,True,True,True,True,True,True,True,True,True,False,False,False,1,100.0
"WS/MP18138/2024-2025/148795-Constructionofroads,linkroads,pathwaysoranyotherroadwithorwithoutdrainagesystem",Normal/Others,Mizoram,MIZORAM (ST),RICHARD VANLALHMANGAIHA,KOLASIB(Deputy Commissioner Kolasib),Construction of Step with chequer tile with railing and side drain and Retaining Wall Near SCI Biak In,2024-10-20,1000000,2025-02-25,1000000,Physical Inspection,Completed,2026-02-14,1000000.0,Images,128,354.0,,482.0,0,1.0,1.0,True,True,True,True,True,True,True,True,True,True,True,True,False,False,False,1,100.0
"WS/MP18138/2024-2025/148796-Constructionofroads,linkroads,pathwaysoranyotherroadwithorwithoutdrainagesystem",Normal/Others,Mizoram,MIZORAM (ST),RICHARD VANLALHMANGAIHA,MAMIT(DEPUTY COMMISSIONER MAMIT),Construction of PCC Flooring at Community Hall road at chuntlang,2024-10-20,250000,2025-01-14,250000,Work Completed,Completed,2025-09-24,250000.0,,86,253.0,,339.0,0,1.0,1.0,True,False,True,True,True,True,True,True,True,True,True,True,False,False,False,0,92.9
"WS/MP18138/2024-2025/148797-Constructionofroads,linkroads,pathwaysoranyotherroadwithorwithoutdrainagesystem",Normal/Others,Mizoram,MIZORAM (ST),RICHARD VANLALHMANGAIHA,MAMIT(DEPUTY COMMISSIONER MAMIT),Construction of BNRGSK Step at Hreichhuk,2024-10-20,250000,2025-01-14,250000,Work Completed,Completed,2025-09-24,250000.0,,86,253.0,,339.0,0,1.0,1.0,True,False,True,True,True,True,True,True,True,True,True,True,False,False,False,0,92.9
"WS/MP18138/2024-2025/148798-Constructionofroads,linkroads,pathwaysoranyotherroadwithorwithoutdrainagesystem",Normal/Others,Mizoram,MIZORAM (ST),RICHARD VANLALHMANGAIHA,MAMIT(DEPUTY COMMISSIONER MAMIT),"Construction of Wating Shed at Leitan, bawngthat",2024-10-20,250000,2025-01-14,250000,Work Completed,Completed,2025-09-24,250000.0,,86,253.0,,339.0,0,1.0,1.0,True,False,True,True,True,True,True,True,True,True,True,True,False,False,False,0,92.9
"WS/MP18138/2024-2025/148799-Constructionofroads,linkroads,pathwaysoranyotherroadwithorwithoutdrainagesystem",Normal/Others,Mizoram,MIZORAM (ST),RICHARD VANLALHMANGAIHA,MAMIT(DEPUTY COMMISSIONER MAMIT),Construction of Footh path at S Sabual Govt. Primary School,2024-10-20,250000,2025-01-14,250000,Work Completed,Completed,2025-09-24,250000.0,,86,253.0,,339.0,0,1.0,1.0,True,False,True,True,True,True,True,True,True,True,True,True,False,False,False,0,92.9
"WS/MP18138/2024-2025/148809-Constructionofroads,linkroads,pathwaysoranyotherroadwithorwithoutdrainagesystem",Normal/Others,Mizoram,MIZORAM (ST),RICHARD VANLALHMANGAIHA,"Siaha(Deputy Commissioner, Siaha)",improvement/Maintenance / clearing Landslip of Road between Zyhno( zawngling) and R.Khemu at Zyhno,2024-10-20,1000000,2025-02-10,1000000,Work Completed,Completed,2026-02-11,1000000.0,,113,366.0,,479.0,0,1.0,1.0,True,False,True,True,True,True,True,True,True,True,True,True,False,False,False,0,92.9
WS/MP18138/2024-2025/148810-Constructionofpublictoiletsandbathrooms,Normal/Others,Mizoram,MIZORAM (ST),RICHARD VANLALHMANGAIHA,"Siaha(Deputy Commissioner, Siaha)",Construction of Urinal Shed at Tipa V-II (Bus stand),2024-10-20,250000,2025-02-10,250000,Work Completed,Completed,2026-02-11,250000.0,,113,366.0,,479.0,0,1.0,1.0,True,False,True,True,True,True,True,True,True,True,True,True,False,False,False,0,92.9
WS/MP18138/2024-2025/148811-Constructionofpublictoiletsandbathrooms,Normal/Others,Mizoram,MIZORAM (ST),RICHARD VANLALHMANGAIHA,"Siaha(Deputy Commissioner, Siaha)",Construction of Urinal Shed at New laty,2024-10-20,250000,2025-02-10,250000,Work Completed,Completed,2026-02-11,250000.0,,113,366.0,,479.0,0,1.0,1.0,True,False,True,True,True,True,True,True,True,True,True,True,False,False,False,0,92.9
WS/MP18138/2024-2025/148812-Constructionofpublictoiletsandbathrooms,Normal/Others,Mizoram,MIZORAM (ST),RICHARD VANLALHMANGAIHA,"Siaha(Deputy Commissioner, Siaha)",Construction of Urinal Shed at Maisa,2024-10-20,250000,2025-02-10,250000,Work Completed,Completed,2026-02-11,250000.0,,113,366.0,,479.0,0,1.0,1.0,True,False,True,True,True,True,True,True,True,True,True,True,False,False,False,0,92.9
WS/MP18138/2024-2025/148813-Constructionoftoiletblocks,Normal/Others,Mizoram,MIZORAM (ST),RICHARD VANLALHMANGAIHA,"Siaha(Deputy Commissioner, Siaha)",Construction of Urinal Shed at Vahia,2024-10-20,250000,2025-02-10,250000,Work Completed,Completed,2026-02-11,250000.0,,113,366.0,,479.0,0,1.0,1.0,True,False,True,True,True,True,True,True,True,True,True,True,False,False,False,0,92.9
WS/MP18138/2024-2025/148814-Constructionoftoiletblocks,Normal/Others,Mizoram,MIZORAM (ST),RICHARD VANLALHMANGAIHA,"Siaha(Deputy Commissioner, Siaha)",Construction of Urinal Shed at Zyhno,2024-10-20,250000,2025-02-10,250000,Work Completed,Completed,2026-02-11,250000.0,,113,366.0,,479.0,0,1.0,1.0,True,False,True,True,True,True,True,True,True,True,True,True,False,False,False,0,92.9
WS/MP18138/2024-2025/148815-Constructionoftoiletblocks,Normal/Others,Mizoram,MIZORAM (ST),RICHARD VANLALHMANGAIHA,"Siaha(Deputy Commissioner, Siaha)",Construction of Urinal Shed at Sialtlai,2024-10-20,250000,2025-02-10,250000,Work Completed,Completed,2026-02-11,250000.0,,113,366.0,,479.0,0,1.0,1.0,True,False,True,True,True,True,True,True,True,True,True,True,False,False,False,0,92.9
WS/MP18138/2024-2025/148816-Constructionoftoiletblocks,Normal/Others,Mizoram,MIZORAM (ST),RICHARD VANLALHMANGAIHA,"Siaha(Deputy Commissioner, Siaha)",Construction of Urinal Shed at Siata,2024-10-20,250000,2025-02-18,250000,Work Completed,Completed,2026-02-13,250000.0,,121,360.0,,481.0,0,1.0,1.0,True,False,True,True,True,True,True,True,True,True,True,True,False,False,False,0,92.9
WS/MP18138/2024-2025/148817-Constructionoftoiletblocks,Normal/Others,Mizoram,MIZORAM (ST),RICHARD VANLALHMANGAIHA,"Siaha(Deputy Commissioner, Siaha)",Construction of Urinal Shed at Theiva,2024-10-20,250000,2025-02-18,250000,Work Completed,Completed,2026-02-13,250000.0,,121,360.0,,481.0,0,1.0,1.0,True,False,True,True,True,True,True,True,True,True,True,True,False,False,False,0,92.9
WS/MP18138/2024-2025/148818-Constructionoftoiletblocks,Normal/Others,Mizoram,MIZORAM (ST),RICHARD VANLALHMANGAIHA,"Siaha(Deputy Commissioner, Siaha)",Construction of Waiting Shed at Iana,2024-10-20,250000,2025-02-18,250000,Work Completed,Completed,2026-02-13,250000.0,,121,360.0,,481.0,0,1.0,1.0,True,False,True,True,True,True,True,True,True,True,True,True,False,False,False,0,92.9
WS/MP18138/2024-2025/148819-Constructionoftoiletblocks,Normal/Others,Mizoram,MIZORAM (ST),RICHARD VANLALHMANGAIHA,"Siaha(Deputy Commissioner, Siaha)",Construction of Urinal Shed at Meisatla,2024-10-20,250000,2025-02-18,250000,Work Completed,Completed,2026-02-13,250000.0,,121,360.0,,481.0,0,1.0,1.0,True,False,True,True,True,True,True,True,True,True,True,True,False,False,False,0,92.9
WS/MP18138/2024-2025/148820-Constructionoftoiletblocks,Normal/Others,Mizoram,MIZORAM (ST),RICHARD VANLALHMANGAIHA,"Siaha(Deputy Commissioner, Siaha)",Construction of Urinal Shed at Thosai,2024-10-20,250000,2025-02-18,250000,Work Completed,Completed,2026-02-13,250000.0,,121,360.0,,481.0,0,1.0,1.0,True,False,True,True,True,True,True,True,True,True,True,True,False,False,False,0,92.9
WS/MP18138/2024-2025/148821-Constructionoftoiletblocks,Normal/Others,Mizoram,MIZORAM (ST),RICHARD VANLALHMANGAIHA,"Siaha(Deputy Commissioner, Siaha)",Construction of Urinal Shed at Old Tisopi,2024-10-20,250000,2025-02-18,250000,Work Completed,Completed,2026-02-13,250000.0,,121,360.0,,481.0,0,1.0,1.0,True,False,True,True,True,True,True,True,True,True,True,True,False,False,False,0,92.9
WS/MP18138/2024-2025/148822-Constructionoftoiletblocks,Normal/Others,Mizoram,MIZORAM (ST),RICHARD VANLALHMANGAIHA,"Siaha(Deputy Commissioner, Siaha)",Construction of Urinal Shed at Amotla,2024-10-20,250000,2025-02-18,250000,Work Completed,Completed,2026-02-13,250000.0,,121,360.0,,481.0,0,1.0,1.0,True,False,True,True,True,True,True,True,True,True,True,True,False,False,False,0,92.9
WS/MP18138/2024-2025/148823-Constructionofpublictoiletsandbathrooms,Normal/Others,Mizoram,MIZORAM (ST),RICHARD VANLALHMANGAIHA,"Siaha(Deputy Commissioner, Siaha)",Construction of Common toilet at  GHSS High school section Lobo II,2024-10-20,500000,2025-02-18,500000,Work Completed,Completed,2026-02-13,500000.0,,121,360.0,,481.0,0,1.0,1.0,True,False,True,True,True,True,True,True,True,True,True,True,False,False,False,0,92.9
WS/MP18138/2024-2025/148824-Constructionoftoiletblocks,Normal/Others,Mizoram,MIZORAM (ST),RICHARD VANLALHMANGAIHA,"Siaha(Deputy Commissioner, Siaha)",Construction of Urinal Shed at Chhaolo III,2024-10-20,250000,2025-02-18,250000,Work Completed,Completed,2026-02-13,250000.0,,121,360.0,,481.0,0,1.0,1.0,True,False,True,True,True,True,True,True,True,True,True,True,False,False,False,0,92.9
WS/MP18138/2024-2025/148825-Constructionoftoiletblocks,Normal/Others,Mizoram,MIZORAM (ST),RICHARD VANLALHMANGAIHA,"Siaha(Deputy Commissioner, Siaha)",Construction of Urinal Shed at Lobo II,2024-10-20,250000,2025-02-12,250000,Work Completed,Completed,2026-02-13,250000.0,,115,366.0,,481.0,0,1.0,1.0,True,False,True,True,True,True,True,True,True,True,True,True,False,False,False,0,92.9
"WS/MP18138/2024-2025/148826-Constructionofroads,linkroads,pathwaysoranyotherroadwithorwithoutdrainagesystem",Normal/Others,Mizoram,MIZORAM (ST),RICHARD VANLALHMANGAIHA,"Siaha(Deputy Commissioner, Siaha)",Construction of RCC pavement at New Siaha Thlanmual,2024-10-20,500000,2025-02-12,500000,Work Completed,Completed,2026-02-13,500000.0,,115,366.0,,481.0,0,1.0,1.0,True,False,True,True,True,True,True,True,True,True,True,True,False,False,False,0,92.9
WS/MP18138/2024-2025/148827-Constructionofboundarywallsofexistingpublicandcommunitybuildings,Normal/Others,Mizoram,MIZORAM (ST),RICHARD VANLALHMANGAIHA,"Siaha(Deputy Commissioner, Siaha)",Construction of retaining wall Near Pu C Siko BuildingNew Siaha West II,2024-10-20,250000,2025-02-12,250000,Work Completed,Completed,2026-02-16,250000.0,,115,369.0,,484.0,0,1.0,1.0,True,False,True,True,True,True,True,True,True,True,True,True,False,False,False,0,92.9
WS/MP18138/2024-2025/149616-Constructionofbuildingsforsportsfacilities,Normal/Others,Mizoram,MIZORAM (ST),RICHARD VANLALHMANGAIHA,AIZAWL(DEPUTY COMMISSIONER AIZAWL_IDA),Construction of Pehlawn Volleyball Court,2024-10-27,1000000,2025-01-13,1000000,Work Completed,Completed,2025-06-18,1000000.0,,78,156.0,,234.0,0,1.0,1.0,True,False,True,True,True,True,True,True,True,True,True,True,False,False,False,0,92.9
WS/MP18138/2024-2025/149617-Constructionofpubliclibrariesandreadingrooms,Normal/Others,Mizoram,MIZORAM (ST),RICHARD VANLALHMANGAIHA,"CHAMPHAI(DEPUTY COMMISIONER, CHAMPHAI)",Construction of Library cum Office,2024-10-27,1200000,2025-01-17,1200000,Work Completed,Completed,2026-01-12,1200000.0,,82,360.0,,442.0,0,1.0,1.0,True,False,True,True,True,True,True,True,True,True,True,True,False,False,False,0,92.9
WS/MP18138/2024-2025/149618-Lightingofpublicspaces,Normal/Others,Mizoram,MIZORAM (ST),RICHARD VANLALHMANGAIHA,"CHAMPHAI(DEPUTY COMMISIONER, CHAMPHAI)",Construction of Electric Highmast,2024-10-27,250000,2025-01-17,250000,Work Completed,Completed,2026-02-13,250000.0,,82,392.0,,474.0,0,1.0,1.0,True,False,True,True,True,True,True,True,True,True,True,True,False,False,False,0,92.9
"WS/MP18138/2024-2025/149619-Constructionofroads,linkroads,pathwaysoranyotherroadwithorwithoutdrainagesystem",Normal/Others,Mizoram,MIZORAM (ST),RICHARD VANLALHMANGAIHA,"CHAMPHAI(DEPUTY COMMISIONER, CHAMPHAI)",Construction of PCC Flooring at Lalpianga kawt,2024-10-27,250000,2025-01-17,250000,Work Completed,Completed,2026-02-13,250000.0,,82,392.0,,474.0,0,1.0,1.0,True,False,True,True,True,True,True,True,True,True,True,True,False,False,False,0,92.9
"WS/MP18138/2024-2025/149620-Constructionofroads,linkroads,pathwaysoranyotherroadwithorwithoutdrainagesystem",Normal/Others,Mizoram,MIZORAM (ST),RICHARD VANLALHMANGAIHA,"CHAMPHAI(DEPUTY COMMISIONER, CHAMPHAI)",Construction of PCC Flooring Playground to Lalhnemi's House,2024-10-27,250000,2025-01-17,250000,Work Completed,Completed,2026-02-13,250000.0,,82,392.0,,474.0,0,1.0,1.0,True,False,True,True,True,True,True,True,True,True,True,True,False,False,False,0,92.9
"WS/MP18138/2024-2025/149621-Constructionofroads,linkroads,pathwaysoranyotherroadwithorwithoutdrainagesystem",Normal/Others,Mizoram,MIZORAM (ST),RICHARD VANLALHMANGAIHA,"CHAMPHAI(DEPUTY COMMISIONER, CHAMPHAI)",Construction of Steps from lalpekduhawma House to Lalthangmawii's house,2024-10-27,250000,2025-01-17,250000,Work Completed,Completed,2026-02-13,250000.0,,82,392.0,,474.0,0,1.0,1.0,True,False,True,True,True,True,True,True,True,True,True,True,False,False,False,0,92.9
WS/MP18138/2024-2025/149622-Constructionofbuildingsforsportsfacilities,Normal/Others,Mizoram,MIZORAM (ST),RICHARD VANLALHMANGAIHA,"CHAMPHAI(DEPUTY COMMISIONER, CHAMPHAI)",Construction of Khankawn Volleyball Court,2024-10-27,250000,2025-01-17,250000,Work Completed,Completed,2026-02-13,250000.0,,82,392.0,,474.0,0,1.0,1.0,True,False,True,True,True,True,True,True,True,True,True,True,False,False,False,0,92.9
"WS/MP18138/2024-2025/149623-Constructionofroads,linkroads,pathwaysoranyotherroadwithorwithoutdrainagesystem",Normal/Others,Mizoram,MIZORAM (ST),RICHARD VANLALHMANGAIHA,"CHAMPHAI(DEPUTY COMMISIONER, CHAMPHAI)",Construction of PCC Flooring at Thekpui Internal Road,2024-10-27,250000,2025-01-17,250000,Work Completed,Completed,2026-02-13,250000.0,,82,392.0,,474.0,0,1.0,1.0,True,False,True,True,True,True,True,True,True,True,True,True,False,False,False,0,92.9
WS/MP18138/2024-2025/149624-Constructionofboundarywallsofexistingpublicandcommunitybuildings,Normal/Others,Mizoram,MIZORAM (ST),RICHARD VANLALHMANGAIHA,"CHAMPHAI(DEPUTY COMMISIONER, CHAMPHAI)",Construction of retaining wall at Khuangthing field,2024-10-27,500000,2025-01-17,500000,Work Completed,Completed,2026-02-13,500000.0,,82,392.0,,474.0,0,1.0,1.0,True,False,True,True,True,True,True,True,True,True,True,True,False,False,False,0,92.9
"WS/MP18138/2024-2025/143320-Constructionofroads,linkroads,pathwaysoranyotherroadwithorwithoutdrainagesystem",Normal/Others,Mizoram,MIZORAM (ST),RICHARD VANLALHMANGAIHA,AIZAWL(DEPUTY COMMISSIONER AIZAWL_IDA),Construction of Govt. Upper Primary School Road PCC Flooring,2024-09-24,250000,2025-01-14,250000,Work partially Completed,Sanctioned - Not Completed,,,,112,,590.0,702.0,0,1.0,,False,False,True,True,True,True,True,True,True,True,True,True,False,False,False,0,100.0
"WS/MP18138/2024-2025/148127-Purchaseofambulances(Four,threeandtwowheelers)",Normal/Others,Mizoram,MIZORAM (ST),RICHARD VANLALHMANGAIHA,AIZAWL(DEPUTY COMMISSIONER AIZAWL_IDA),Purchase of Mini bus for Association for Voluntary Blood Donor,2024-10-17,1807115,2025-03-28,1807115,Work Completed,Sanctioned - Not Completed,,,,162,,517.0,679.0,0,1.0,,False,False,True,True,True,True,True,True,True,True,True,True,False,False,False,0,100.0
WS/MP18138/2024-2025/148828-Constructionofadditionalroomsandhallsintheexistingpublicandcommunitybuilding,Normal/Others,Mizoram,MIZORAM (ST),RICHARD VANLALHMANGAIHA,AIZAWL(DEPUTY COMMISSIONER AIZAWL_IDA),Renovation of Computer class romm at MZP Building,2024-10-20,250000,2025-03-25,250000,Work Completed,Sanctioned - Not Completed,,,,156,,520.0,676.0,0,1.0,,False,False,True,True,True,True,True,True,True,True,True,True,False,False,False,0,100.0
"WS/MP18138/2025-2026/148800-Constructionofroads,linkroads,pathwaysoranyotherroadwithorwithoutdrainagesystem",Normal/Others,Mizoram,MIZORAM (ST),RICHARD VANLALHMANGAIHA,"LUNGLEI(Deputy Commissioner, Lunglei)",PCC pavement of Internal Road at Sesawm(Zarzoliana house to Anganwadi Centre III: 40 Metres),2024-10-20,250000,2025-04-16,250000,Work Completed,Sanctioned - Not Completed,,,,178,,498.0,676.0,0,1.0,,False,False,True,True,True,True,True,True,True,True,True,True,False,False,False,0,100.0
"WS/MP18138/2025-2026/148801-Constructionofroads,linkroads,pathwaysoranyotherroadwithorwithoutdrainagesystem",Normal/Others,Mizoram,MIZORAM (ST),RICHARD VANLALHMANGAIHA,"LUNGLEI(Deputy Commissioner, Lunglei)",Construction of internal Road at Marpara South Marpara South,2024-10-20,250000,2025-04-16,250000,Work Completed,Sanctioned - Not Completed,,,,178,,498.0,676.0,0,1.0,,False,False,True,True,True,True,True,True,True,True,True,True,False,False,False,0,100.0
"WS/MP18138/2025-2026/148802-Constructionofroads,linkroads,pathwaysoranyotherroadwithorwithoutdrainagesystem",Normal/Others,Mizoram,MIZORAM (ST),RICHARD VANLALHMANGAIHA,"LUNGLEI(Deputy Commissioner, Lunglei)",PCC pavement of Internal Road at New Khawlek(Pu Lawma's house to Baptist Church: 40 mtres),2024-10-20,250000,2025-04-16,250000,Work Completed,Sanctioned - Not Completed,,,,178,,498.0,676.0,0,1.0,,False,False,True,True,True,True,True,True,True,True,True,True,False,False,False,0,100.0
"WS/MP18138/2025-2026/148803-Constructionofroads,linkroads,pathwaysoranyotherroadwithorwithoutdrainagesystem",Normal/Others,Mizoram,MIZORAM (ST),RICHARD VANLALHMANGAIHA,"LUNGLEI(Deputy Commissioner, Lunglei)",PCC pavement of Internal Road at Dengsur(Pu Lawma's house to Anganwadi Centre: 40 mtres),2024-10-20,250000,2025-04-16,250000,Work Completed,Sanctioned - Not Completed,,,,178,,498.0,676.0,0,1.0,,False,False,True,True,True,True,True,True,True,True,True,True,False,False,False,0,100.0
"WS/MP18138/2025-2026/148804-Constructionofroads,linkroads,pathwaysoranyotherroadwithorwithoutdrainagesystem",Normal/Others,Mizoram,MIZORAM (ST),RICHARD VANLALHMANGAIHA,"LUNGLEI(Deputy Commissioner, Lunglei)",PCC pavement of Internal Road at Putlungasih(Pu Zarzoliana's house to Pu Lallunghnema's house: 40 mtres),2024-10-20,250000,2025-04-25,250000,Physical Inspection,Sanctioned - Not Completed,,,,187,,489.0,676.0,0,1.0,,False,False,True,True,True,True,True,True,True,True,True,True,False,False,False,0,100.0
WS/MP18138/2025-2026/148805-Constructionofcommunitycentersandcommunityhalls,Normal/Others,Mizoram,MIZORAM (ST),RICHARD VANLALHMANGAIHA,"LUNGLEI(Deputy Commissioner, Lunglei)","Construction of waiting shed near Health Sub Centre, Zawlpui",2024-10-20,250000,2025-04-25,250000,Physical Inspection,Sanctioned - Not Completed,,,,187,,489.0,676.0,0,1.0,,False,False,True,True,True,True,True,True,True,True,True,True,False,False,False,0,100.0
WS/MP18138/2025-2026/148806-Constructionofboundarywallsofexistingpublicandcommunitybuildings,Normal/Others,Mizoram,MIZORAM (ST),RICHARD VANLALHMANGAIHA,"LUNGLEI(Deputy Commissioner, Lunglei)",Construction of Retaining wall and RCC Side drain 55mtrs near Sawiveli’s house at Bunghmun,2024-10-20,500000,2025-04-16,500000,Work Completed,Sanctioned - Not Completed,,,,178,,498.0,676.0,0,1.0,,False,False,True,True,True,True,True,True,True,True,True,True,False,False,False,0,100.0
WS/MP18138/2025-2026/148807-Developmentofplayfieldsandsportsgrounds,Normal/Others,Mizoram,MIZORAM (ST),RICHARD VANLALHMANGAIHA,"LUNGLEI(Deputy Commissioner, Lunglei)",Construction of pavilion at Public Playground at Chhumkhum,2024-10-20,250000,2025-04-25,250000,Physical Inspection,Sanctioned - Not Completed,,,,187,,489.0,676.0,0,1.0,,False,False,True,True,True,True,True,True,True,True,True,True,False,False,False,0,100.0
"WS/MP18138/2025-2026/148808-Constructionofroads,linkroads,pathwaysoranyotherroadwithorwithoutdrainagesystem",Normal/Others,Mizoram,MIZORAM (ST),RICHARD VANLALHMANGAIHA,"LUNGLEI(Deputy Commissioner, Lunglei)",PCC pavement of Internal Road at Rangte(Main Road to RMSA High School: 50 mtres),2024-10-20,250000,2025-04-25,250000,Physical Inspection,Sanctioned - Not Completed,,,,187,,489.0,676.0,0,1.0,,False,False,True,True,True,True,True,True,True,True,True,True,False,False,False,0,100.0
